# Blender v2.79 (sub 0) OBJ File: ''
# www.blender.org
mtllib DrKoopatroopa.mtl
o face
v -0.051704 0.750604 0.149477
v -0.072570 0.796377 0.039744
v 0.000000 0.781897 0.043864
v 0.000000 0.747078 0.130833
v -0.073338 0.761413 0.207571
v -0.088415 0.784152 0.199110
v -0.057869 0.869820 0.104692
v -0.108243 0.804989 0.183097
v -0.088750 0.784990 0.203971
v -0.073233 0.761914 0.214794
v -0.082202 0.756376 0.214734
v -0.098579 0.779538 0.205775
v -0.110022 0.801783 0.186899
v -0.119026 0.799089 0.186954
v -0.131118 0.795625 0.186947
v -0.124463 0.775895 0.203353
v -0.105933 0.778053 0.200547
v -0.045795 0.860559 0.178470
v -0.093738 0.785801 0.194507
v -0.040108 0.805049 0.214049
v -0.085976 0.765581 0.211423
v -0.067416 0.736114 0.220437
v -0.035487 0.753581 0.237784
v -0.049522 0.715103 0.222554
v -0.095185 0.783293 0.196473
v -0.087025 0.763910 0.211186
v -0.095745 0.759767 0.212172
v -0.068618 0.735246 0.219634
v -0.049829 0.713184 0.221857
v -0.026403 0.699986 0.221485
v -0.027228 0.698297 0.220796
v -0.013286 0.691233 0.219590
v -0.012883 0.693136 0.220316
v 0.000000 0.754019 0.243526
v 0.000000 0.687766 0.218417
v 0.000000 0.685696 0.217633
v 0.000000 0.678869 0.218438
v -0.014575 0.685085 0.220575
v 0.000000 0.671608 0.219295
v -0.015947 0.678545 0.221622
v -0.033261 0.686734 0.224412
v -0.030152 0.692694 0.222548
v -0.060879 0.704483 0.224392
v -0.055183 0.708968 0.223085
v -0.077921 0.731082 0.220467
v -0.087816 0.726653 0.221353
v -0.111005 0.752517 0.213899
v 0.014575 0.685085 0.220575
v 0.015947 0.678545 0.221622
v 0.033261 0.686734 0.224412
v 0.030152 0.692694 0.222548
v 0.060879 0.704483 0.224392
v 0.055184 0.708968 0.223085
v 0.077921 0.731082 0.220467
v 0.087816 0.726653 0.221353
v 0.095745 0.759767 0.212172
v 0.111005 0.752517 0.213899
v 0.013286 0.691233 0.219590
v 0.012883 0.693136 0.220316
v 0.026403 0.699986 0.221485
v 0.027228 0.698297 0.220796
v 0.049829 0.713184 0.221856
v 0.049522 0.715103 0.222554
v 0.067416 0.736114 0.220437
v 0.035487 0.753581 0.237784
v 0.040108 0.805049 0.214049
v 0.085977 0.765581 0.211423
v 0.093738 0.785801 0.194507
v 0.045795 0.860559 0.178470
v 0.095185 0.783293 0.196473
v 0.087025 0.763910 0.211186
v 0.105933 0.778053 0.200547
v 0.068618 0.735246 0.219634
v 0.108243 0.804989 0.183097
v 0.057869 0.869820 0.104692
v 0.088415 0.784152 0.199110
v 0.072570 0.796377 0.039744
v 0.088750 0.784990 0.203971
v 0.073338 0.761413 0.207571
v 0.073233 0.761914 0.214794
v 0.082202 0.756376 0.214734
v 0.098579 0.779538 0.205775
v 0.110023 0.801783 0.186899
v 0.119026 0.799089 0.186954
v 0.131118 0.795625 0.186947
v 0.124463 0.775895 0.203353
v 0.065595 0.735131 0.220596
v 0.057626 0.743003 0.219731
v 0.040677 0.727380 0.222519
v 0.044714 0.719115 0.223760
v 0.022955 0.718327 0.224140
v 0.025438 0.708861 0.224932
v 0.000000 0.701745 0.226048
v 0.000000 0.712147 0.224907
v -0.022955 0.718327 0.224140
v -0.025438 0.708861 0.224932
v -0.044714 0.719115 0.223760
v -0.040677 0.727380 0.222519
v -0.065595 0.735131 0.220596
v -0.057626 0.743003 0.219731
v -0.057189 0.741845 0.212601
v -0.039996 0.727109 0.215710
v 0.000000 0.712259 0.217803
v -0.021678 0.718040 0.217276
v 0.021678 0.718040 0.217276
v 0.039996 0.727109 0.215710
v 0.057189 0.741845 0.212601
v 0.051704 0.750604 0.149477
v 0.000000 0.876795 0.097690
v 0.000000 0.866314 0.180282
v 0.000000 0.809951 0.216192
v -0.025120 0.935152 0.347556
v -0.026386 0.935071 0.346005
v -0.026196 0.945072 0.334581
v -0.025553 0.947679 0.336676
v -0.035764 0.957309 0.311448
v -0.037649 0.962083 0.318861
v -0.054302 0.961709 0.311739
v -0.054391 0.957321 0.305518
v -0.063721 0.945791 0.321322
v -0.064094 0.945088 0.318216
v -0.057388 0.933123 0.339825
v -0.056021 0.931491 0.338587
v -0.031895 0.934836 0.349813
v -0.035099 0.927747 0.353883
v -0.029118 0.934959 0.351521
v -0.034679 0.927361 0.354135
v -0.044800 0.926618 0.351279
v -0.055441 0.944727 0.316783
v -0.033472 0.942730 0.330238
v -0.040066 0.953358 0.305238
v -0.051317 0.953711 0.301002
v -0.045032 0.926146 0.351427
v -0.054348 0.935603 0.341604
v -0.057323 0.934339 0.343496
v -0.058328 0.947384 0.332968
v -0.062206 0.948596 0.332910
v -0.052557 0.959424 0.326034
v -0.055023 0.963056 0.326433
v -0.041193 0.964415 0.331688
v -0.041701 0.960256 0.331266
v -0.028892 0.949528 0.344636
v -0.031546 0.947911 0.342498
v -0.059776 0.896139 0.360835
v -0.108866 0.889905 0.329027
v 0.000000 0.899101 0.372522
v 0.000000 0.937023 0.354421
v -0.106126 0.926913 0.312961
v 0.000000 0.950769 0.346361
v 0.000000 0.964481 0.336542
v 0.000000 0.993299 0.308401
v -0.025549 0.991895 0.305831
v -0.048260 0.988223 0.299314
v -0.101215 0.953497 0.297159
v -0.092062 0.980650 0.271688
v -0.113544 0.968085 0.233222
v -0.128216 0.942541 0.255200
v -0.108428 0.957581 0.197141
v -0.130715 0.929356 0.211516
v -0.143990 0.903515 0.226342
v -0.135869 0.914322 0.272108
v -0.150254 0.875695 0.235132
v -0.139686 0.883180 0.284391
v -0.150940 0.837716 0.241187
v -0.138040 0.841484 0.290649
v -0.144471 0.803033 0.243697
v -0.130242 0.803243 0.291287
v -0.101178 0.799746 0.331431
v -0.107805 0.842686 0.335125
v -0.058806 0.843895 0.366100
v -0.055659 0.794756 0.361991
v -0.121601 0.769774 0.288873
v -0.134740 0.775523 0.242997
v -0.115070 0.746551 0.241315
v -0.102887 0.734450 0.278710
v -0.093486 0.759591 0.324363
v -0.080096 0.723814 0.305739
v -0.079923 0.706753 0.263585
v -0.090317 0.719038 0.238749
v -0.060970 0.696621 0.283518
v -0.053164 0.689795 0.248728
v -0.037495 0.681372 0.259554
v 0.000000 0.843997 0.380394
v 0.000000 0.791823 0.372516
v -0.051333 0.750596 0.347963
v 0.000000 0.744681 0.354813
v -0.044383 0.715525 0.322210
v 0.000000 0.710026 0.328459
v -0.033915 0.690113 0.297190
v 0.000000 0.686770 0.301049
v -0.017926 0.674411 0.262840
v 0.000000 0.670941 0.261880
v 0.000000 0.667937 0.235762
v -0.007872 0.669487 0.236279
v -0.016257 0.672728 0.235926
v -0.024231 0.676955 0.233964
v -0.029336 0.680946 0.229599
v -0.059776 0.697764 0.234890
v -0.032481 0.683945 0.226489
v -0.015223 0.673790 0.226086
v -0.016036 0.676216 0.223834
v -0.061113 0.701531 0.228950
v -0.088539 0.723947 0.225679
v 0.000000 0.670133 0.221215
v -0.111076 0.751190 0.217990
v -0.125777 0.776315 0.207777
v -0.131685 0.795156 0.188426
v -0.138566 0.813923 0.194877
v -0.136651 0.815442 0.193526
v -0.138079 0.815619 0.193643
v -0.135709 0.795602 0.185176
v -0.166811 0.795101 0.178488
v -0.153531 0.766987 0.163709
v -0.197140 0.804432 0.153567
v -0.206214 0.836065 0.165262
v -0.173561 0.820023 0.188249
v -0.207484 0.871945 0.176019
v -0.176622 0.850501 0.195162
v -0.142606 0.833908 0.199370
v -0.193672 0.915093 0.179651
v -0.169910 0.890196 0.197032
v -0.141075 0.871512 0.203000
v -0.132777 0.898646 0.198792
v -0.159418 0.914220 0.194300
v -0.208744 0.936842 0.143111
v -0.191782 0.957556 0.146003
v -0.214332 0.951297 0.104005
v -0.197633 0.971889 0.110757
v -0.225286 0.895462 0.134060
v -0.231623 0.914480 0.091045
v -0.226113 0.855456 0.124162
v -0.231894 0.871380 0.078968
v -0.222251 0.832183 0.069866
v -0.215727 0.818674 0.113354
v -0.177444 0.936963 0.177561
v -0.205281 0.961307 0.053433
v -0.193877 0.980779 0.067819
v -0.217610 0.928853 0.034444
v -0.184234 0.938232 -0.025512
v -0.184274 0.903473 -0.039641
v -0.146774 0.914801 -0.079470
v -0.145924 0.949519 -0.067412
v -0.104249 0.959047 -0.094841
v -0.105904 0.923640 -0.107183
v -0.181228 0.869361 -0.048056
v -0.144600 0.880239 -0.086419
v -0.209664 0.851578 0.005633
v -0.217495 0.888960 0.017913
v -0.180502 0.969036 -0.000262
v -0.146131 0.978584 -0.039913
v -0.191388 0.809332 -0.001357
v -0.201538 0.791767 0.058679
v -0.194481 0.780562 0.100304
v -0.180019 0.772006 0.138904
v -0.167468 0.827319 -0.049475
v -0.143492 0.787055 -0.044943
v -0.134608 0.836247 -0.085730
v -0.104745 0.886515 -0.112938
v -0.098857 0.840645 -0.109309
v -0.116222 0.794254 -0.074226
v -0.162762 0.770831 -0.002801
v -0.111079 0.753200 -0.030866
v -0.124307 0.743364 -0.002240
v -0.166790 0.754996 0.047141
v -0.128951 0.730056 0.038123
v -0.123509 0.721271 0.070945
v -0.078202 0.704977 0.055380
v -0.081688 0.713401 0.028245
v -0.161132 0.746733 0.086224
v -0.110886 0.717494 0.101860
v -0.149194 0.741759 0.120318
v -0.064928 0.697920 0.083676
v -0.080500 0.723242 0.003972
v -0.133328 0.740764 0.143388
v -0.103447 0.718987 0.117333
v -0.122299 0.741595 0.153385
v -0.108563 0.724312 0.133801
v -0.056878 0.691957 0.046234
v -0.038416 0.686917 0.066646
v -0.050273 0.679637 0.037749
v -0.036287 0.674246 0.056692
v -0.057239 0.687266 0.017054
v -0.063002 0.700890 0.023051
v -0.054421 0.693048 0.002591
v -0.061956 0.708106 0.005915
v -0.056295 0.715860 -0.010289
v -0.073341 0.730348 -0.014077
v -0.048720 0.697957 -0.011086
v -0.090008 0.758373 -0.053542
v -0.086968 0.799248 -0.095204
v -0.066245 0.761423 -0.067924
v -0.063095 0.735202 -0.030332
v -0.046946 0.739524 -0.043417
v -0.048226 0.721023 -0.020975
v -0.036264 0.724979 -0.031535
v -0.030184 0.704875 -0.028812
v -0.040595 0.702141 -0.021238
v -0.055381 0.801447 -0.106458
v -0.063324 0.843156 -0.123263
v -0.030026 0.844817 -0.130672
v -0.027108 0.802163 -0.113536
v -0.066579 0.889815 -0.128951
v -0.031481 0.891473 -0.137182
v -0.020106 0.763979 -0.081562
v -0.042588 0.763168 -0.077704
v -0.030779 0.742284 -0.051847
v -0.015044 0.743940 -0.055549
v -0.032756 0.933153 -0.132317
v -0.067185 0.929546 -0.124174
v -0.067164 0.966402 -0.109717
v -0.033508 0.970454 -0.117225
v -0.033062 1.006548 -0.091391
v -0.067355 1.000486 -0.084587
v -0.066696 1.020397 -0.060090
v -0.032973 1.027467 -0.065464
v -0.031414 1.041311 -0.036323
v -0.065368 1.033001 -0.033685
v -0.102874 1.018358 -0.022071
v -0.063745 1.048062 0.001662
v -0.099333 1.031343 0.009344
v -0.140632 1.007265 0.009047
v -0.131879 1.016093 0.035798
v -0.167151 1.000284 0.045718
v -0.152026 1.008034 0.065344
v -0.129926 1.019374 0.038884
v -0.150050 1.009903 0.068876
v -0.130410 1.027021 0.036628
v -0.151710 1.016640 0.068142
v -0.155908 1.002753 0.097541
v -0.156554 1.006623 0.097243
v -0.160479 1.001867 0.095924
v -0.147105 0.994208 0.121878
v -0.152096 0.995470 0.120907
v -0.138487 0.984546 0.146771
v -0.134446 0.983559 0.146331
v -0.158761 1.036738 0.097505
v -0.152453 1.044075 0.064608
v -0.156940 1.077002 0.100043
v -0.150632 1.082319 0.065018
v -0.146199 1.125057 0.106911
v -0.140630 1.126149 0.069533
v -0.124526 1.159342 0.073805
v -0.127514 1.161242 0.113786
v -0.126245 1.125826 0.040586
v -0.115533 1.147796 0.049388
v -0.097523 1.159251 0.044791
v -0.097692 1.126066 0.022637
v -0.131943 1.085898 0.033202
v -0.099309 1.088404 0.014203
v -0.062364 1.126936 0.020040
v -0.062993 1.164363 0.043995
v -0.098661 1.179997 0.077621
v -0.062847 1.186805 0.082363
v -0.062803 1.193691 0.123744
v -0.099750 1.186150 0.119522
v -0.027262 1.125567 0.027929
v -0.028354 1.158375 0.051691
v -0.027698 1.178901 0.087365
v -0.004062 1.150820 0.093297
v -0.003602 1.137957 0.069689
v -0.026756 1.184207 0.126701
v -0.004604 1.153831 0.124745
v -0.003060 1.114515 0.049293
v -0.002903 1.091498 0.045108
v -0.026405 1.093124 0.021487
v -0.062580 1.091334 0.010279
v -0.061042 1.180256 0.163504
v -0.099351 1.171733 0.161039
v -0.125185 1.149997 0.153688
v -0.141774 1.118446 0.145805
v -0.153514 1.070549 0.133474
v -0.152422 1.028286 0.127769
v -0.140598 1.115977 0.150053
v -0.152348 1.068054 0.137036
v -0.150624 1.064187 0.139366
v -0.137429 1.110684 0.154047
v -0.139503 1.113286 0.152388
v -0.123597 1.143294 0.161303
v -0.122947 1.139585 0.163764
v -0.099151 1.165493 0.169091
v -0.098847 1.161818 0.171436
v -0.060787 1.170064 0.173827
v -0.060667 1.173646 0.171639
v -0.024719 1.163924 0.164902
v -0.024787 1.160347 0.167010
v -0.005248 1.138764 0.153811
v -0.005000 1.134846 0.154354
v -0.124031 1.146212 0.158226
v -0.099292 1.168317 0.165928
v -0.060664 1.177435 0.168294
v -0.024677 1.167435 0.162349
v -0.005477 1.142991 0.151839
v -0.025070 1.169924 0.159134
v -0.005428 1.145127 0.149086
v 0.006419 1.108224 0.139309
v 0.006060 1.107384 0.141803
v 0.005627 1.106321 0.143960
v 0.005125 1.105497 0.145105
v -0.004560 1.126096 0.153608
v -0.024380 1.151387 0.167717
v -0.024183 1.143938 0.158904
v -0.008023 1.122998 0.149745
v -0.034564 1.135849 0.145416
v -0.023163 1.118134 0.139225
v -0.059768 1.153841 0.169104
v -0.060082 1.160973 0.174777
v -0.098130 1.154368 0.172896
v -0.096574 1.149552 0.163439
v -0.062073 1.145823 0.148245
v -0.087887 1.138382 0.146737
v -0.120877 1.133629 0.163949
v -0.118159 1.128324 0.154043
v -0.133908 1.106519 0.154560
v -0.129492 1.103111 0.147636
v -0.117699 1.104586 0.133561
v -0.102332 1.127822 0.139407
v -0.147826 1.061641 0.139547
v -0.143515 1.059550 0.137751
v -0.150828 1.026761 0.131009
v -0.145374 1.025547 0.129920
v -0.142312 0.992957 0.121694
v -0.129846 0.993282 0.100841
v -0.128316 1.027197 0.114240
v -0.123545 1.059472 0.126751
v -0.104008 0.966444 0.110125
v -0.118250 0.966324 0.158977
v -0.098064 0.949654 0.155899
v -0.090663 0.949210 0.155943
v -0.061118 0.965190 0.106723
v -0.119674 0.966312 0.163862
v -0.154952 0.954890 0.173017
v -0.168015 0.974552 0.147055
v -0.174735 0.987024 0.116738
v -0.178096 0.993950 0.083051
v -0.175563 0.987459 0.022519
v -0.145017 0.995146 -0.015658
v -0.103782 1.006659 -0.046410
v -0.103603 0.990240 -0.070565
v -0.055140 0.981916 0.172347
v -0.027844 0.991699 0.175671
v -0.030968 1.008258 0.199507
v -0.062256 0.993382 0.192428
v -0.035459 1.014852 0.226853
v -0.071310 1.000583 0.216624
v -0.042332 1.008867 0.265476
v -0.080821 0.996660 0.244672
v -0.093972 0.977716 0.200080
v -0.085780 0.970006 0.179427
v -0.100422 0.977155 0.219239
v -0.096823 0.946438 0.166432
v -0.078153 0.965639 0.160319
v -0.090362 0.949606 0.156049
v -0.056643 0.977712 0.155850
v -0.024163 0.973680 0.111359
v -0.027034 0.988235 0.162801
v -0.013252 0.997404 0.162487
v -0.014195 0.998450 0.175238
v 0.000000 1.002477 0.162186
v 0.000000 1.002004 0.174786
v 0.000000 1.015317 0.201369
v -0.016395 1.012688 0.200869
v -0.018070 1.017961 0.228874
v 0.000000 1.018902 0.229373
v 0.000000 1.013279 0.269501
v -0.020751 1.011834 0.269111
v -0.011855 0.993646 0.137681
v 0.000000 1.008792 0.147315
v 0.000000 1.026471 0.127911
v 0.018070 1.017961 0.228874
v 0.016395 1.012688 0.200869
v 0.014195 0.998450 0.175238
v 0.024163 0.973680 0.111359
v 0.011855 0.993646 0.137681
v 0.013252 0.997404 0.162487
v 0.035459 1.014852 0.226853
v 0.042332 1.008867 0.265476
v 0.071310 1.000583 0.216624
v 0.080821 0.996660 0.244672
v 0.062257 0.993382 0.192428
v 0.030968 1.008258 0.199507
v 0.055140 0.981916 0.172347
v 0.027844 0.991699 0.175671
v 0.093972 0.977716 0.200080
v 0.085781 0.970006 0.179427
v 0.108428 0.957581 0.197141
v 0.113544 0.968085 0.233222
v 0.128216 0.942541 0.255200
v 0.130715 0.929356 0.211516
v 0.143990 0.903515 0.226342
v 0.135869 0.914322 0.272108
v 0.150254 0.875695 0.235132
v 0.139686 0.883180 0.284391
v 0.150940 0.837716 0.241187
v 0.138040 0.841484 0.290649
v 0.144471 0.803033 0.243697
v 0.130242 0.803243 0.291287
v 0.101178 0.799746 0.331431
v 0.107805 0.842686 0.335124
v 0.058807 0.843895 0.366100
v 0.055659 0.794756 0.361991
v 0.108866 0.889905 0.329027
v 0.059776 0.896139 0.360835
v 0.057323 0.934339 0.343496
v 0.045032 0.926146 0.351427
v 0.034679 0.927361 0.354135
v 0.029118 0.934959 0.351521
v 0.062206 0.948596 0.332910
v 0.106126 0.926913 0.312961
v 0.028892 0.949528 0.344636
v 0.041193 0.964415 0.331688
v 0.025549 0.991895 0.305831
v 0.055023 0.963056 0.326433
v 0.048260 0.988223 0.299314
v 0.101215 0.953497 0.297159
v 0.092063 0.980650 0.271688
v 0.020751 1.011834 0.269111
v 0.100422 0.977155 0.219239
v 0.000000 1.067995 0.032197
v -0.027377 1.059656 0.009542
v -0.000000 1.046969 -0.030670
v -0.000000 1.030323 -0.067266
v -0.000000 1.009558 -0.093119
v -0.000000 0.972722 -0.119628
v -0.000000 0.934982 -0.135103
v -0.000000 0.892233 -0.140448
v -0.000000 0.845687 -0.133868
v -0.000000 0.801921 -0.115164
v -0.000000 0.763881 -0.082097
v -0.000000 0.744249 -0.056215
v -0.000000 0.729519 -0.041176
v -0.011884 0.729069 -0.040534
v -0.024395 0.727543 -0.037293
v -0.020332 0.707030 -0.033901
v -0.009953 0.708185 -0.037001
v -0.000000 0.708274 -0.037500
v -0.022433 0.622479 -0.049775
v -0.029648 0.621084 -0.044619
v -0.014599 0.623577 -0.053218
v -0.006940 0.623865 -0.055531
v -0.036997 0.617932 -0.034870
v -0.041117 0.614935 -0.025061
v -0.042437 0.611267 -0.013884
v -0.038137 0.606523 0.001538
v -0.027657 0.602362 0.015323
v -0.000000 0.624152 -0.055963
v -0.009779 0.599956 0.023043
v -0.014030 0.672021 0.067230
v -0.015255 0.684252 0.078244
v 0.000000 0.683656 0.079276
v 0.000000 0.671635 0.068086
v -0.024051 0.684631 0.118648
v 0.000000 0.682343 0.120183
v 0.000000 0.681989 0.138033
v -0.026316 0.685074 0.136472
v 0.000000 0.682443 0.159168
v -0.027961 0.686536 0.157094
v -0.028087 0.688999 0.179847
v 0.000000 0.684179 0.181437
v -0.054631 0.698235 0.177308
v -0.055472 0.694243 0.153913
v -0.053578 0.691992 0.134305
v -0.027430 0.693296 0.199958
v -0.053358 0.703912 0.197970
v -0.026833 0.700982 0.219907
v 0.000000 0.687664 0.201199
v 0.000000 0.693863 0.220318
v -0.049507 0.712688 0.218455
v -0.070791 0.728343 0.215662
v -0.074460 0.716921 0.195112
v -0.075773 0.709755 0.173747
v -0.074776 0.703999 0.149894
v -0.071837 0.700219 0.130776
v -0.065364 0.697241 0.110897
v -0.049797 0.690418 0.115014
v -0.089899 0.710626 0.121570
v -0.092709 0.715652 0.145608
v -0.104162 0.724085 0.141421
v -0.100057 0.721563 0.144548
v -0.116171 0.740496 0.159501
v -0.108648 0.735364 0.164718
v -0.113872 0.754383 0.185041
v -0.124594 0.767954 0.176133
v -0.113526 0.775542 0.201596
v -0.095429 0.751995 0.209864
v -0.131350 0.768735 0.172282
v -0.098980 0.736704 0.190226
v -0.096957 0.724341 0.169204
v -0.026496 1.074674 0.018204
v -0.063126 1.066257 0.007439
v -0.063382 1.055803 0.006524
v -0.026588 1.067700 0.017001
v -0.063725 1.049911 0.005822
v -0.098236 1.033425 0.012909
v -0.098873 1.040673 0.012537
v -0.026840 1.062108 0.016377
v 0.000000 1.071071 0.044679
v -0.002216 1.074267 0.042380
v -0.002969 1.080777 0.043289
v -0.099768 1.057641 0.012286
v -0.132871 1.050901 0.033455
v 0.003810 1.083040 0.054910
v 0.002792 1.074626 0.051921
v 0.008033 1.070233 0.067464
v 0.004828 1.091454 0.057900
v 0.005506 1.103630 0.067561
v 0.006348 1.112036 0.082776
v 0.006480 1.113653 0.101457
v 0.006998 1.113950 0.120456
v 0.013530 1.065255 0.114938
v 0.012889 1.062626 0.122438
v 0.012919 1.062068 0.123741
v 0.012690 1.061563 0.125670
v 0.011703 1.060843 0.127890
v 0.003628 1.103878 0.146089
v -0.000015 1.101772 0.144985
v -0.017915 1.098886 0.139118
v 0.006277 1.060481 0.129477
v -0.012563 1.058697 0.125575
v 0.010451 1.060758 0.129665
v -0.141875 0.833546 0.200175
v -0.140395 0.871120 0.203533
v -0.132225 0.898438 0.199267
v -0.120664 0.921026 0.189820
v -0.141681 0.833457 0.199507
v -0.140255 0.871072 0.203155
v -0.131960 0.898368 0.198828
v -0.120501 0.920776 0.189462
v -0.121128 0.921062 0.189471
v -0.140323 0.934429 0.186172
v -0.112402 0.948011 0.172937
v -0.096743 0.945922 0.166071
v -0.097712 0.945598 0.166714
v -0.009493 0.670463 0.230505
v -0.004748 0.668884 0.232675
v 0.000000 0.667908 0.231536
v 0.000000 0.668106 0.228273
v -0.013098 0.671904 0.228646
v 0.000000 0.668543 0.225525
v 0.000000 0.669316 0.223145
v 0.009493 0.670463 0.230505
v 0.004749 0.668884 0.232675
v 0.015223 0.673790 0.226086
v 0.016036 0.676216 0.223834
v 0.032482 0.683945 0.226489
v 0.061113 0.701531 0.228950
v 0.029336 0.680946 0.229599
v 0.088539 0.723947 0.225678
v 0.090317 0.719038 0.238749
v 0.059776 0.697764 0.234890
v 0.111076 0.751190 0.217990
v 0.125778 0.776315 0.207777
v 0.115071 0.746551 0.241315
v 0.079923 0.706753 0.263585
v 0.102887 0.734450 0.278710
v 0.121601 0.769774 0.288873
v 0.093486 0.759591 0.324363
v 0.080096 0.723814 0.305739
v 0.134740 0.775523 0.242997
v 0.060970 0.696621 0.283518
v 0.053164 0.689795 0.248728
v 0.037495 0.681372 0.259554
v 0.051333 0.750596 0.347963
v 0.044383 0.715525 0.322210
v 0.033915 0.690113 0.297190
v 0.017926 0.674411 0.262840
v 0.007872 0.669487 0.236279
v 0.016257 0.672728 0.235926
v 0.024231 0.676955 0.233964
v 0.013098 0.671904 0.228646
v 0.026840 1.062108 0.016377
v 0.026588 1.067700 0.017001
v 0.063725 1.049911 0.005822
v 0.063382 1.055803 0.006524
v 0.026496 1.074674 0.018204
v 0.063126 1.066257 0.007439
v 0.098236 1.033425 0.012909
v 0.098873 1.040673 0.012537
v 0.129926 1.019374 0.038884
v 0.130410 1.027021 0.036628
v 0.150050 1.009903 0.068876
v 0.151710 1.016640 0.068142
v 0.155908 1.002753 0.097541
v 0.156554 1.006623 0.097242
v 0.160479 1.001867 0.095924
v 0.152026 1.008034 0.065344
v 0.131879 1.016093 0.035798
v 0.147105 0.994208 0.121878
v 0.152096 0.995470 0.120907
v 0.138487 0.984546 0.146771
v 0.134446 0.983559 0.146331
v 0.167151 1.000284 0.045718
v 0.140632 1.007265 0.009047
v 0.099333 1.031343 0.009344
v 0.102874 1.018358 -0.022071
v 0.063745 1.048062 0.001662
v 0.065368 1.033001 -0.033685
v 0.158761 1.036738 0.097505
v 0.145017 0.995146 -0.015658
v 0.103782 1.006659 -0.046410
v 0.146131 0.978584 -0.039913
v 0.103603 0.990240 -0.070565
v 0.142312 0.992957 0.121694
v 0.150828 1.026761 0.131009
v 0.145374 1.025547 0.129920
v 0.129846 0.993282 0.100841
v 0.128317 1.027197 0.114240
v 0.143515 1.059550 0.137751
v 0.147826 1.061641 0.139547
v 0.123545 1.059472 0.126751
v 0.129492 1.103111 0.147636
v 0.133908 1.106519 0.154560
v 0.118159 1.128324 0.154043
v 0.120877 1.133629 0.163949
v 0.117699 1.104586 0.133561
v 0.102332 1.127822 0.139407
v 0.096574 1.149552 0.163439
v 0.098130 1.154368 0.172896
v 0.059768 1.153841 0.169104
v 0.060082 1.160973 0.174777
v 0.062073 1.145823 0.148245
v 0.087887 1.138382 0.146737
v 0.024380 1.151387 0.167717
v 0.024183 1.143938 0.158904
v 0.004560 1.126096 0.153608
v 0.008023 1.122998 0.149745
v 0.034564 1.135849 0.145416
v 0.023163 1.118134 0.139225
v 0.024787 1.160347 0.167010
v 0.005000 1.134846 0.154354
v 0.005248 1.138764 0.153811
v 0.024719 1.163924 0.164902
v 0.060787 1.170064 0.173827
v 0.060667 1.173646 0.171639
v 0.099151 1.165493 0.169091
v 0.098847 1.161818 0.171436
v 0.122947 1.139585 0.163764
v 0.123597 1.143294 0.161303
v 0.137429 1.110684 0.154047
v 0.139503 1.113286 0.152388
v 0.152349 1.068054 0.137036
v 0.150624 1.064187 0.139366
v 0.152422 1.028286 0.127769
v 0.153514 1.070549 0.133474
v 0.140598 1.115977 0.150053
v 0.124031 1.146212 0.158226
v 0.099292 1.168317 0.165928
v 0.060664 1.177435 0.168294
v 0.024677 1.167435 0.162349
v 0.005477 1.142991 0.151839
v 0.141774 1.118446 0.145805
v 0.156940 1.077002 0.100043
v 0.152453 1.044075 0.064608
v 0.150632 1.082319 0.065018
v 0.146199 1.125057 0.106911
v 0.140630 1.126149 0.069533
v 0.124526 1.159342 0.073805
v 0.127514 1.161242 0.113786
v 0.126245 1.125826 0.040586
v 0.115533 1.147796 0.049388
v 0.097523 1.159251 0.044791
v 0.097692 1.126066 0.022637
v 0.131943 1.085898 0.033202
v 0.099309 1.088404 0.014203
v 0.062364 1.126936 0.020040
v 0.062993 1.164363 0.043995
v 0.098661 1.179997 0.077621
v 0.062848 1.186805 0.082363
v 0.062803 1.193691 0.123744
v 0.099750 1.186150 0.119522
v 0.027262 1.125567 0.027929
v 0.028354 1.158375 0.051691
v 0.027698 1.178901 0.087364
v 0.004062 1.150820 0.093297
v 0.003602 1.137957 0.069689
v 0.026756 1.184207 0.126701
v 0.004604 1.153831 0.124745
v 0.003060 1.114515 0.049293
v 0.002903 1.091498 0.045108
v 0.026405 1.093124 0.021487
v 0.062580 1.091334 0.010279
v 0.061043 1.180256 0.163504
v 0.099351 1.171733 0.161039
v 0.125185 1.149997 0.153688
v 0.025070 1.169924 0.159134
v 0.005428 1.145127 0.149086
v -0.006419 1.108224 0.139309
v -0.006060 1.107384 0.141803
v -0.005627 1.106321 0.143960
v -0.005125 1.105497 0.145105
v -0.003628 1.103878 0.146089
v 0.000015 1.101772 0.144985
v 0.017915 1.098886 0.139118
v -0.006277 1.060481 0.129477
v 0.012563 1.058697 0.125575
v -0.010451 1.060758 0.129665
v -0.011703 1.060843 0.127890
v -0.012690 1.061563 0.125670
v -0.012919 1.062068 0.123741
v -0.012889 1.062626 0.122438
v -0.013530 1.065255 0.114938
v -0.006998 1.113950 0.120456
v -0.006479 1.113653 0.101457
v -0.006348 1.112036 0.082776
v -0.005506 1.103630 0.067561
v -0.004828 1.091454 0.057900
v -0.013775 1.068766 0.102637
v -0.012700 1.070615 0.091281
v -0.010411 1.070570 0.078190
v -0.008033 1.070233 0.067464
v -0.003810 1.083040 0.054910
v -0.002792 1.074626 0.051921
v 0.002970 1.080777 0.043289
v 0.002216 1.074267 0.042380
v 0.099768 1.057641 0.012286
v 0.132871 1.050901 0.033455
v 0.000000 0.599618 0.023341
v 0.014030 0.672021 0.067230
v 0.015255 0.684252 0.078244
v 0.024052 0.684631 0.118648
v 0.026316 0.685074 0.136472
v 0.027961 0.686536 0.157094
v 0.028087 0.688999 0.179847
v 0.054632 0.698235 0.177308
v 0.055472 0.694243 0.153913
v 0.053578 0.691992 0.134305
v 0.027430 0.693296 0.199958
v 0.053358 0.703912 0.197970
v 0.026834 0.700982 0.219907
v 0.049507 0.712688 0.218455
v 0.070791 0.728343 0.215662
v 0.074460 0.716921 0.195112
v 0.075773 0.709755 0.173747
v 0.074776 0.703999 0.149894
v 0.071837 0.700219 0.130776
v 0.065364 0.697241 0.110897
v 0.049797 0.690418 0.115014
v 0.064928 0.697920 0.083676
v 0.089899 0.710626 0.121570
v 0.092709 0.715652 0.145608
v 0.104162 0.724085 0.141421
v 0.100057 0.721563 0.144548
v 0.116171 0.740496 0.159501
v 0.108648 0.735364 0.164718
v 0.113873 0.754383 0.185041
v 0.124594 0.767954 0.176133
v 0.113526 0.775542 0.201596
v 0.095429 0.751995 0.209864
v 0.122299 0.741595 0.153385
v 0.131350 0.768735 0.172282
v 0.135709 0.795602 0.185176
v 0.153531 0.766987 0.163709
v 0.166811 0.795101 0.178488
v 0.197140 0.804432 0.153567
v 0.206214 0.836065 0.165262
v 0.173561 0.820023 0.188249
v 0.207484 0.871945 0.176019
v 0.176622 0.850501 0.195162
v 0.142606 0.833908 0.199370
v 0.138079 0.815619 0.193643
v 0.193672 0.915093 0.179651
v 0.169910 0.890196 0.197032
v 0.141075 0.871512 0.203000
v 0.132777 0.898646 0.198792
v 0.159418 0.914220 0.194300
v 0.208744 0.936842 0.143111
v 0.191782 0.957556 0.146003
v 0.214332 0.951297 0.104005
v 0.197633 0.971889 0.110756
v 0.225286 0.895462 0.134060
v 0.231623 0.914480 0.091045
v 0.226113 0.855456 0.124162
v 0.231894 0.871380 0.078967
v 0.222251 0.832183 0.069865
v 0.215727 0.818674 0.113354
v 0.177444 0.936963 0.177561
v 0.205281 0.961307 0.053433
v 0.193877 0.980779 0.067819
v 0.217610 0.928853 0.034444
v 0.184234 0.938232 -0.025512
v 0.184274 0.903473 -0.039641
v 0.146774 0.914801 -0.079470
v 0.145924 0.949519 -0.067412
v 0.104249 0.959047 -0.094841
v 0.105904 0.923640 -0.107183
v 0.181228 0.869361 -0.048056
v 0.144600 0.880239 -0.086419
v 0.209664 0.851578 0.005633
v 0.217495 0.888960 0.017913
v 0.180502 0.969036 -0.000262
v 0.191388 0.809332 -0.001357
v 0.201538 0.791767 0.058679
v 0.194481 0.780562 0.100304
v 0.180019 0.772006 0.138904
v 0.167468 0.827319 -0.049475
v 0.143492 0.787055 -0.044943
v 0.134608 0.836247 -0.085730
v 0.104745 0.886515 -0.112938
v 0.098857 0.840645 -0.109309
v 0.116222 0.794254 -0.074226
v 0.162762 0.770831 -0.002801
v 0.111079 0.753200 -0.030866
v 0.124307 0.743364 -0.002240
v 0.166790 0.754996 0.047141
v 0.128951 0.730056 0.038123
v 0.123509 0.721271 0.070945
v 0.078202 0.704977 0.055380
v 0.081688 0.713401 0.028245
v 0.161132 0.746733 0.086224
v 0.110886 0.717494 0.101860
v 0.149194 0.741759 0.120318
v 0.080500 0.723242 0.003972
v 0.133328 0.740764 0.143388
v 0.103447 0.718987 0.117333
v 0.108563 0.724312 0.133801
v 0.056878 0.691957 0.046234
v 0.038416 0.686917 0.066646
v 0.050273 0.679637 0.037749
v 0.036287 0.674246 0.056692
v 0.057239 0.687266 0.017054
v 0.063002 0.700890 0.023051
v 0.054421 0.693048 0.002591
v 0.061956 0.708106 0.005915
v 0.056295 0.715860 -0.010289
v 0.073341 0.730348 -0.014077
v 0.048720 0.697957 -0.011086
v 0.090008 0.758373 -0.053542
v 0.086968 0.799248 -0.095204
v 0.066245 0.761423 -0.067924
v 0.063095 0.735202 -0.030332
v 0.046946 0.739524 -0.043417
v 0.048225 0.721023 -0.020975
v 0.036264 0.724979 -0.031535
v 0.030184 0.704875 -0.028812
v 0.040595 0.702141 -0.021238
v 0.055381 0.801447 -0.106458
v 0.063324 0.843156 -0.123263
v 0.030025 0.844817 -0.130672
v 0.027108 0.802163 -0.113536
v 0.066579 0.889815 -0.128951
v 0.031481 0.891473 -0.137182
v 0.020106 0.763979 -0.081562
v 0.042588 0.763168 -0.077704
v 0.030779 0.742284 -0.051847
v 0.015044 0.743940 -0.055549
v 0.032756 0.933153 -0.132317
v 0.067185 0.929546 -0.124174
v 0.067164 0.966402 -0.109717
v 0.033508 0.970454 -0.117225
v 0.033062 1.006548 -0.091391
v 0.067355 1.000486 -0.084587
v 0.066696 1.020397 -0.060091
v 0.032973 1.027467 -0.065464
v 0.031414 1.041311 -0.036323
v 0.027377 1.059656 0.009542
v 0.175563 0.987459 0.022519
v 0.178096 0.993950 0.083051
v 0.174735 0.987024 0.116738
v 0.168015 0.974552 0.147055
v 0.154952 0.954890 0.173017
v 0.119674 0.966312 0.163862
v 0.118250 0.966324 0.158977
v 0.104008 0.966444 0.110125
v 0.098064 0.949654 0.155899
v 0.090663 0.949210 0.155943
v 0.061118 0.965190 0.106723
v 0.096743 0.945922 0.166071
v 0.097712 0.945598 0.166714
v 0.121128 0.921062 0.189471
v 0.120501 0.920776 0.189462
v 0.140323 0.934429 0.186172
v 0.112402 0.948011 0.172937
v 0.131960 0.898368 0.198828
v 0.140255 0.871072 0.203155
v 0.141682 0.833457 0.199507
v 0.136651 0.815442 0.193526
v 0.131685 0.795156 0.188425
v 0.138566 0.813923 0.194877
v 0.141875 0.833546 0.200174
v 0.140395 0.871120 0.203533
v 0.132225 0.898438 0.199267
v 0.120664 0.921026 0.189820
v 0.096823 0.946438 0.166432
v 0.090362 0.949606 0.156049
v 0.078153 0.965639 0.160319
v 0.056643 0.977712 0.155850
v 0.027034 0.988235 0.162801
v 0.013775 1.068766 0.102637
v 0.012700 1.070615 0.091281
v 0.010411 1.070570 0.078190
v 0.025120 0.935152 0.347556
v 0.025553 0.947679 0.336676
v 0.026196 0.945072 0.334581
v 0.026386 0.935071 0.346005
v 0.035765 0.957309 0.311448
v 0.037649 0.962083 0.318861
v 0.054302 0.961709 0.311739
v 0.054392 0.957321 0.305518
v 0.063722 0.945791 0.321322
v 0.064095 0.945088 0.318216
v 0.057388 0.933123 0.339825
v 0.056021 0.931491 0.338587
v 0.031895 0.934836 0.349813
v 0.035099 0.927747 0.353883
v 0.044800 0.926618 0.351279
v 0.055441 0.944727 0.316783
v 0.033472 0.942730 0.330238
v 0.040066 0.953358 0.305238
v 0.051317 0.953711 0.301002
v 0.054348 0.935603 0.341604
v 0.058328 0.947384 0.332968
v 0.052557 0.959424 0.326034
v 0.041701 0.960256 0.331266
v 0.031546 0.947911 0.342498
v 0.024395 0.727543 -0.037293
v 0.020332 0.707030 -0.033901
v 0.011884 0.729069 -0.040534
v 0.009953 0.708185 -0.037001
v 0.006940 0.623865 -0.055531
v 0.014599 0.623577 -0.053218
v 0.022433 0.622479 -0.049775
v 0.029648 0.621084 -0.044619
v 0.036997 0.617932 -0.034870
v 0.041117 0.614935 -0.025061
v 0.042437 0.611267 -0.013885
v 0.038137 0.606523 0.001538
v 0.027657 0.602362 0.015323
v 0.009779 0.599956 0.023043
v 0.098980 0.736704 0.190226
v 0.096957 0.724341 0.169204
v 0.000000 0.766620 0.200720
v -0.041249 0.755616 0.194353
v -0.049566 0.776329 0.174979
v 0.000000 0.787356 0.182035
v -0.049652 0.792043 0.147641
v 0.000000 0.799243 0.159401
v -0.039022 0.808449 0.110762
v -0.061269 0.790528 0.100379
v -0.073552 0.767869 0.133646
v 0.000000 0.807735 0.118251
v 0.000000 0.805441 0.101130
v -0.028860 0.805925 0.098751
v -0.059968 0.756756 0.127213
v -0.068895 0.750629 0.160776
v -0.056399 0.740665 0.155008
v -0.050163 0.776856 0.092458
v -0.046006 0.727382 0.178016
v -0.053714 0.736612 0.183357
v -0.032222 0.725701 0.198964
v -0.024733 0.716127 0.191371
v 0.039022 0.808450 0.110762
v -0.029593 0.799057 0.088389
v 0.028860 0.805925 0.098751
v 0.061269 0.790528 0.100379
v 0.049652 0.792043 0.147641
v 0.073552 0.767869 0.133646
v 0.049566 0.776329 0.174979
v 0.000000 0.751358 0.205827
v -0.026040 0.744693 0.203715
v -0.012576 0.738286 0.208246
v -0.014469 0.720976 0.205307
v 0.041250 0.755616 0.194353
v 0.059968 0.756756 0.127213
v 0.068895 0.750629 0.160776
v 0.056399 0.740665 0.155008
v 0.050163 0.776856 0.092457
v 0.026040 0.744693 0.203715
v 0.032223 0.725701 0.198964
v 0.053714 0.736612 0.183356
v 0.046006 0.727381 0.178015
v 0.024733 0.716127 0.191371
v 0.014470 0.720976 0.205307
v 0.011106 0.712003 0.196445
v 0.000000 0.736880 0.210028
v 0.012576 0.738286 0.208246
v 0.000000 0.720029 0.206832
v -0.011106 0.712003 0.196445
v 0.000000 0.710695 0.197329
v 0.024433 0.782195 0.079744
v 0.029593 0.799057 0.088389
v 0.000000 0.799133 0.088233
v 0.000000 0.782195 0.079744
v -0.024433 0.782195 0.079744
v -0.072985 0.277471 -0.163627
v -0.046845 0.254528 -0.156258
v -0.033199 0.267767 -0.183704
v -0.042138 0.284919 -0.195147
v -0.000000 0.277068 -0.195612
v -0.000000 0.289824 -0.205418
v -0.057306 0.321899 -0.209295
v -0.000000 0.322716 -0.218201
v -0.000000 0.278432 -0.189873
v -0.030181 0.269680 -0.179138
v -0.063053 0.267029 -0.122146
v -0.060186 0.264547 -0.119131
v -0.037912 0.246010 -0.120770
v -0.087632 0.289128 -0.148292
v -0.103216 0.319602 -0.169755
v -0.121745 0.324592 -0.146819
v -0.129582 0.368655 -0.173298
v -0.155025 0.356149 -0.127484
v -0.039436 0.248173 -0.079452
v -0.050820 0.253324 -0.079151
v -0.044731 0.254993 -0.035964
v -0.058979 0.262692 -0.043041
v -0.054499 0.269274 -0.008025
v -0.073953 0.277670 -0.019382
v -0.000000 0.293716 -0.139021
v -0.064641 0.268255 -0.118803
v -0.053349 0.254469 -0.078977
v -0.056191 0.262130 -0.078682
v -0.066635 0.274966 -0.114678
v -0.064188 0.270906 -0.046514
v -0.062146 0.264147 -0.043440
v -0.079214 0.284521 -0.026651
v -0.078675 0.279844 -0.021883
v -0.090562 0.291459 -0.145225
v -0.090020 0.295710 -0.138438
v -0.121738 0.326738 -0.135717
v -0.125451 0.325590 -0.142231
v -0.153077 0.354248 -0.119588
v -0.146853 0.352791 -0.115132
v -0.161384 0.362632 -0.064256
v -0.154404 0.360437 -0.063874
v -0.084608 0.337311 -0.070569
v -0.164464 0.369587 -0.069089
v -0.155275 0.354635 -0.041653
v -0.161694 0.360908 -0.039280
v -0.149865 0.347554 -0.021638
v -0.148850 0.353172 -0.043893
v -0.143932 0.346740 -0.026201
v -0.116741 0.320573 -0.010914
v -0.119955 0.318816 -0.003922
v -0.120729 0.322709 0.002025
v -0.153750 0.354095 -0.015876
v -0.166292 0.373521 -0.035242
v -0.156686 0.364620 -0.008513
v -0.170928 0.383923 -0.070025
v -0.162354 0.394746 -0.119747
v -0.165215 0.377280 -0.034039
v -0.156138 0.368540 -0.005771
v -0.121009 0.351450 0.030246
v -0.120398 0.325775 0.007198
v -0.108179 0.317737 0.016805
v -0.089693 0.343535 0.052674
v -0.083078 0.307794 0.033068
v -0.121344 0.356150 0.030305
v -0.089254 0.348390 0.053557
v -0.170328 0.388195 -0.070303
v -0.163264 0.399538 -0.118787
v -0.043932 0.338279 0.070167
v -0.043718 0.342997 0.071252
v 0.000000 0.336222 0.077610
v 0.000000 0.302482 0.055054
v -0.040693 0.303726 0.048367
v 0.000000 0.340809 0.078888
v -0.029223 0.269227 0.012146
v -0.000000 0.266652 0.015909
v -0.058584 0.275570 0.002407
v -0.080215 0.285223 -0.009487
v -0.027816 0.267957 0.006032
v -0.000000 0.265400 0.009483
v -0.055735 0.274544 -0.002878
v -0.076089 0.283532 -0.013945
v -0.081107 0.285902 -0.017016
v -0.085588 0.287698 -0.012866
v -0.085499 0.291504 -0.018344
v -0.081232 0.290013 -0.022245
v -0.079523 0.288000 -0.024574
v -0.079216 0.283641 -0.019546
v -0.074379 0.281357 -0.016725
v -0.054627 0.272719 -0.005791
v -0.027275 0.265934 0.002449
v -0.000000 0.263392 0.005647
v -0.027226 0.262235 -0.000647
v -0.022450 0.248599 -0.031233
v -0.000000 0.259712 0.002226
v -0.000000 0.246199 -0.030489
v -0.000000 0.242121 -0.077846
v -0.020715 0.244187 -0.078633
v -0.000000 0.242744 -0.105304
v -0.019679 0.243744 -0.109798
v -0.000000 0.247916 -0.108275
v -0.017991 0.248399 -0.111908
v -0.034466 0.250127 -0.121986
v -0.042587 0.257540 -0.154478
v -0.133195 0.387953 -0.171172
v -0.137450 0.410671 -0.168670
v -0.164027 0.403555 -0.117982
v -0.075878 0.400785 -0.217884
v -0.072985 0.380935 -0.219765
v -0.000000 0.382409 -0.228174
v -0.000000 0.402403 -0.226314
v -0.079284 0.424153 -0.215669
v -0.000000 0.425943 -0.224123
v -0.172690 0.391643 -0.070528
v -0.167340 0.380314 -0.033068
v -0.157204 0.371444 -0.003739
v -0.122641 0.359400 0.031875
v -0.090038 0.351751 0.055721
v -0.082122 0.443632 -0.213823
v -0.140996 0.429609 -0.166584
v -0.085444 0.499951 -0.197556
v -0.147994 0.486871 -0.150232
v -0.166051 0.414214 -0.115845
v -0.172228 0.471976 -0.102491
v -0.144977 0.509928 -0.140982
v -0.167431 0.495931 -0.095750
v -0.084156 0.523889 -0.186878
v -0.000000 0.502326 -0.206095
v -0.000000 0.526451 -0.195828
v -0.000000 0.445564 -0.222298
v -0.178322 0.400320 -0.071095
v -0.183679 0.457080 -0.054750
v -0.171552 0.387948 -0.030624
v -0.176632 0.444694 -0.013896
v -0.160495 0.378269 0.001036
v -0.164298 0.433726 0.022277
v -0.126333 0.366972 0.036279
v -0.131562 0.423901 0.057400
v -0.159286 0.458662 0.027933
v -0.129158 0.448922 0.061346
v -0.171865 0.468961 -0.007965
v -0.092662 0.359577 0.061474
v -0.097260 0.415498 0.083478
v -0.095241 0.441102 0.087148
v -0.178071 0.481933 -0.050517
v -0.093865 0.446752 0.086601
v -0.127360 0.454374 0.061117
v -0.156653 0.463997 0.028390
v -0.169155 0.474058 -0.007087
v -0.175127 0.487016 -0.049552
v -0.164759 0.500690 -0.093817
v -0.091933 0.355641 0.059315
v -0.047965 0.436000 0.105247
v -0.047291 0.441659 0.104562
v 0.000000 0.433453 0.112250
v 0.000000 0.408142 0.108667
v -0.048954 0.410546 0.101622
v 0.000000 0.351366 0.087735
v -0.045387 0.353863 0.079643
v 0.000000 0.439121 0.111431
v 0.000000 0.347650 0.085251
v -0.045030 0.350039 0.077318
v -0.044101 0.346260 0.073560
v 0.000000 0.343979 0.081335
v -0.125027 0.363163 0.034798
v -0.159531 0.374815 -0.001380
v -0.170143 0.384085 -0.031860
v -0.176342 0.395930 -0.070808
v -0.165001 0.408684 -0.116953
v 0.000000 0.465787 0.116827
v -0.046702 0.468519 0.109879
v -0.041150 0.522265 0.108309
v 0.000000 0.520508 0.114573
v 0.000000 0.534199 0.111335
v -0.039429 0.535944 0.105625
v 0.000000 0.446724 0.114129
v -0.047447 0.449347 0.107148
v -0.038041 0.540923 0.103037
v 0.000000 0.539182 0.108537
v -0.047192 0.445130 0.105172
v 0.000000 0.442569 0.112045
v -0.073552 0.545388 0.087951
v -0.076387 0.540414 0.090320
v -0.099138 0.548298 0.065371
v -0.105148 0.534970 0.067563
v -0.079900 0.526747 0.092427
v -0.092662 0.473812 0.091836
v -0.126088 0.480886 0.066386
v -0.106869 0.555499 0.050388
v -0.139208 0.516370 0.038499
v -0.152882 0.490517 0.035159
v -0.153036 0.517670 0.006140
v -0.165775 0.499964 -0.000386
v -0.170450 0.513684 -0.045109
v -0.157502 0.529567 -0.034589
v -0.126447 0.535672 0.038503
v -0.106422 0.555837 0.045029
v -0.102231 0.559747 0.043328
v -0.103590 0.559819 0.048661
v -0.123724 0.537813 0.034350
v -0.146269 0.528529 0.006642
v -0.141266 0.531319 0.005385
v -0.151342 0.541371 -0.031760
v -0.145969 0.542994 -0.029526
v -0.139861 0.569112 -0.048419
v -0.135569 0.568213 -0.044670
v -0.117106 0.597532 -0.042698
v -0.119552 0.601363 -0.046249
v -0.101422 0.620891 -0.024982
v -0.100890 0.615218 -0.023175
v -0.095326 0.621047 0.000986
v -0.091389 0.622665 0.001308
v -0.095840 0.626323 -0.031252
v -0.094201 0.615119 -0.000196
v -0.088184 0.606612 0.035062
v -0.089284 0.602320 0.030984
v -0.093099 0.583178 0.048686
v -0.092850 0.580999 0.043482
v -0.082396 0.613233 0.032985
v -0.078611 0.603260 0.050099
v -0.073095 0.616598 0.037596
v -0.058294 0.600071 0.072436
v -0.055159 0.609278 0.064495
v -0.073970 0.618051 0.038532
v -0.056117 0.610793 0.065306
v -0.088201 0.578444 0.061415
v -0.068720 0.570237 0.085724
v -0.088030 0.626425 0.005861
v -0.087284 0.625157 0.005589
v -0.059861 0.619266 0.072196
v -0.078958 0.626581 0.043850
v -0.080369 0.639817 0.048860
v -0.060849 0.632881 0.077339
v -0.093611 0.647772 0.010989
v -0.092494 0.634110 0.007520
v -0.076989 0.647510 -0.061926
v -0.079464 0.663164 -0.058457
v -0.045676 0.655848 -0.093424
v -0.041421 0.668927 -0.084455
v -0.076649 0.654991 0.050905
v -0.058099 0.648012 0.076628
v -0.089172 0.662420 0.014257
v -0.074229 0.677826 -0.054846
v -0.067449 0.663401 0.047862
v -0.051300 0.656807 0.069857
v -0.079502 0.669639 0.015927
v -0.064392 0.685556 -0.050382
v -0.032196 0.689868 -0.074252
v -0.036835 0.682474 -0.079614
v -0.057457 0.662268 0.037626
v -0.042194 0.657031 0.058395
v -0.000000 0.604645 -0.027214
v -0.065370 0.666914 0.012338
v -0.053098 0.681070 -0.044644
v -0.026549 0.685816 -0.066388
v -0.000000 0.691825 -0.085198
v -0.000000 0.683661 -0.089722
v -0.000000 0.687972 -0.075208
v -0.000000 0.670236 -0.093303
v -0.000000 0.657456 -0.098817
v -0.000000 0.653867 -0.103026
v -0.048455 0.652184 -0.097295
v -0.076027 0.644815 -0.061896
v -0.000000 0.635919 -0.124070
v -0.062350 0.633867 -0.116651
v -0.072489 0.600658 -0.145741
v -0.125554 0.588355 -0.108959
v -0.106006 0.623087 -0.082705
v -0.000000 0.603816 -0.156013
v -0.141124 0.539384 -0.129165
v -0.134659 0.575474 -0.064712
v -0.161302 0.526534 -0.087137
v -0.082510 0.554472 -0.173237
v -0.116444 0.607721 -0.054566
v -0.083609 0.641963 -0.054551
v -0.000000 0.557270 -0.182713
v -0.164915 0.508492 -0.092215
v -0.175131 0.494965 -0.048297
v -0.169366 0.481686 -0.004854
v -0.156657 0.471736 0.030899
v -0.127898 0.462041 0.063415
v -0.094183 0.454528 0.089072
v -0.127130 0.457794 0.061741
v -0.093662 0.450247 0.087207
v -0.156087 0.467414 0.029223
v -0.168632 0.477390 -0.006244
v -0.174494 0.490440 -0.048976
v -0.164229 0.504000 -0.092931
v -0.143396 0.522018 -0.136132
v -0.083480 0.536442 -0.181279
v -0.000000 0.539100 -0.190445
v -0.028619 0.596236 0.086586
v -0.026371 0.604149 0.080504
v 0.000000 0.602141 0.086433
v 0.000000 0.594552 0.091712
v -0.028812 0.605878 0.081016
v 0.000000 0.603626 0.087859
v 0.000000 0.564074 0.104268
v -0.035674 0.565794 0.099768
v -0.031864 0.614317 0.088362
v 0.000000 0.612211 0.096033
v -0.033530 0.628356 0.092982
v 0.000000 0.626346 0.100865
v -0.032029 0.643533 0.090935
v 0.000000 0.641634 0.098413
v -0.028318 0.652623 0.082128
v 0.000000 0.650480 0.088654
v -0.023509 0.653657 0.069188
v 0.000000 0.652183 0.074925
v -0.037719 0.549543 0.102957
v 0.000000 0.547809 0.108115
v 0.000000 0.542954 0.107697
v -0.037592 0.544692 0.102350
v -0.072894 0.554001 0.088226
v -0.093879 0.561554 0.063875
v -0.101631 0.567362 0.049659
v -0.100606 0.566621 0.044366
v -0.094178 0.556825 0.063220
v -0.072635 0.549154 0.087422
v -0.101885 0.563108 0.048507
v -0.100686 0.562737 0.043192
v -0.073218 0.547872 -0.014371
v -0.071176 0.606171 -0.007062
v -0.066348 0.593228 0.022893
v -0.078321 0.605107 -0.030739
v -0.095949 0.586187 -0.052238
v -0.115460 0.555345 -0.054523
v -0.125808 0.528704 -0.037819
v -0.121862 0.516039 -0.002484
v -0.104119 0.522765 0.026822
v -0.088410 0.538877 0.037706
v -0.070752 0.570049 0.036946
v -0.077778 0.560806 0.038408
v -0.077365 0.557997 0.037045
v -0.083218 0.544587 0.036997
v -0.065999 0.596880 0.026073
v -0.071038 0.610822 -0.006224
v -0.079040 0.609656 -0.032092
v -0.098067 0.589278 -0.055224
v -0.118916 0.556262 -0.057703
v -0.130205 0.527391 -0.039495
v -0.125887 0.513598 -0.001293
v -0.106738 0.520902 0.030378
v -0.089356 0.538599 0.042385
v -0.083564 0.545034 0.041585
v -0.077789 0.557043 0.041700
v -0.070793 0.571767 0.041301
v 0.020715 0.244187 -0.078633
v 0.019679 0.243744 -0.109798
v 0.022450 0.248599 -0.031233
v 0.027226 0.262235 -0.000647
v 0.017991 0.248399 -0.111908
v 0.037912 0.246010 -0.120770
v 0.034466 0.250127 -0.121986
v 0.042587 0.257540 -0.154478
v 0.046845 0.254528 -0.156258
v 0.030181 0.269680 -0.179138
v 0.033199 0.267767 -0.183704
v 0.072985 0.277471 -0.163627
v 0.042138 0.284919 -0.195147
v 0.103216 0.319602 -0.169755
v 0.057306 0.321899 -0.209295
v 0.060186 0.264547 -0.119131
v 0.039436 0.248173 -0.079452
v 0.050820 0.253324 -0.079151
v 0.044731 0.254993 -0.035964
v 0.058979 0.262692 -0.043041
v 0.064641 0.268255 -0.118803
v 0.063053 0.267029 -0.122146
v 0.087632 0.289128 -0.148292
v 0.090562 0.291459 -0.145225
v 0.121745 0.324592 -0.146819
v 0.125451 0.325590 -0.142231
v 0.155025 0.356149 -0.127484
v 0.153077 0.354248 -0.119588
v 0.121738 0.326738 -0.135717
v 0.146853 0.352791 -0.115132
v 0.053349 0.254469 -0.078977
v 0.056191 0.262130 -0.078682
v 0.066635 0.274966 -0.114678
v 0.090020 0.295710 -0.138439
v 0.161384 0.362632 -0.064256
v 0.154404 0.360437 -0.063874
v 0.064188 0.270906 -0.046514
v 0.062146 0.264147 -0.043440
v 0.084608 0.337311 -0.070569
v 0.148850 0.353172 -0.043893
v 0.164464 0.369587 -0.069089
v 0.155275 0.354635 -0.041653
v 0.149865 0.347554 -0.021638
v 0.143932 0.346740 -0.026201
v 0.116741 0.320573 -0.010914
v 0.119955 0.318816 -0.003922
v 0.085499 0.291504 -0.018344
v 0.085588 0.287698 -0.012866
v 0.120729 0.322709 0.002024
v 0.153750 0.354095 -0.015876
v 0.161694 0.360908 -0.039280
v 0.165986 0.372681 -0.035511
v 0.156686 0.364620 -0.008513
v 0.165883 0.377065 -0.034108
v 0.156138 0.368540 -0.005771
v 0.121344 0.356150 0.030305
v 0.121009 0.351450 0.030246
v 0.120398 0.325775 0.007198
v 0.108179 0.317737 0.016805
v 0.080215 0.285223 -0.009487
v 0.089693 0.343535 0.052674
v 0.083078 0.307794 0.033068
v 0.089254 0.348390 0.053557
v 0.170741 0.387951 -0.070288
v 0.170497 0.382967 -0.069962
v 0.163264 0.399538 -0.118787
v 0.162354 0.394746 -0.119747
v 0.129582 0.368655 -0.173298
v 0.072985 0.380935 -0.219765
v 0.075878 0.400785 -0.217884
v 0.133195 0.387953 -0.171172
v 0.079284 0.424153 -0.215669
v 0.137450 0.410671 -0.168670
v 0.164027 0.403555 -0.117982
v 0.172690 0.391643 -0.070529
v 0.167340 0.380314 -0.033068
v 0.157204 0.371444 -0.003739
v 0.122641 0.359400 0.031875
v 0.090038 0.351751 0.055721
v 0.082122 0.443632 -0.213823
v 0.140996 0.429609 -0.166584
v 0.085444 0.499951 -0.197556
v 0.147994 0.486871 -0.150232
v 0.144977 0.509928 -0.140982
v 0.084156 0.523889 -0.186878
v 0.172228 0.471976 -0.102491
v 0.166051 0.414214 -0.115845
v 0.178322 0.400320 -0.071095
v 0.183678 0.457080 -0.054750
v 0.167431 0.495931 -0.095750
v 0.178071 0.481933 -0.050517
v 0.165001 0.408684 -0.116954
v 0.176342 0.395930 -0.070808
v 0.170143 0.384085 -0.031860
v 0.171552 0.387948 -0.030624
v 0.159531 0.374815 -0.001380
v 0.160495 0.378269 0.001035
v 0.176632 0.444694 -0.013897
v 0.164298 0.433726 0.022277
v 0.171865 0.468961 -0.007965
v 0.159286 0.458662 0.027933
v 0.126333 0.366972 0.036279
v 0.131562 0.423901 0.057400
v 0.092662 0.359577 0.061474
v 0.097261 0.415498 0.083478
v 0.129158 0.448922 0.061346
v 0.095241 0.441102 0.087148
v 0.169155 0.474058 -0.007087
v 0.175127 0.487016 -0.049552
v 0.164759 0.500690 -0.093817
v 0.156653 0.463997 0.028390
v 0.127360 0.454374 0.061117
v 0.093865 0.446752 0.086601
v 0.125027 0.363163 0.034798
v 0.091933 0.355641 0.059315
v 0.045030 0.350039 0.077318
v 0.044101 0.346260 0.073560
v 0.045387 0.353863 0.079643
v 0.048954 0.410546 0.101622
v 0.047965 0.436000 0.105247
v 0.047291 0.441659 0.104562
v 0.043932 0.338279 0.070167
v 0.040693 0.303726 0.048367
v 0.043718 0.342997 0.071252
v 0.058584 0.275570 0.002407
v 0.029223 0.269227 0.012146
v 0.055735 0.274544 -0.002878
v 0.076089 0.283532 -0.013945
v 0.081107 0.285902 -0.017016
v 0.081232 0.290013 -0.022245
v 0.027816 0.267957 0.006032
v 0.079522 0.288000 -0.024574
v 0.079214 0.284521 -0.026651
v 0.078675 0.279844 -0.021883
v 0.073953 0.277670 -0.019382
v 0.054499 0.269274 -0.008025
v 0.079216 0.283641 -0.019546
v 0.074379 0.281357 -0.016725
v 0.054627 0.272719 -0.005791
v 0.027275 0.265934 0.002449
v 0.072488 0.600658 -0.145741
v 0.082510 0.554472 -0.173237
v 0.141124 0.539384 -0.129165
v 0.125554 0.588355 -0.108959
v 0.062350 0.633867 -0.116651
v 0.106006 0.623087 -0.082705
v 0.134658 0.575474 -0.064712
v 0.161302 0.526534 -0.087137
v 0.116444 0.607721 -0.054566
v 0.139861 0.569112 -0.048419
v 0.119552 0.601363 -0.046249
v 0.157502 0.529567 -0.034589
v 0.151342 0.541371 -0.031760
v 0.117106 0.597532 -0.042698
v 0.135569 0.568213 -0.044670
v 0.146269 0.528529 0.006642
v 0.153036 0.517670 0.006140
v 0.139208 0.516370 0.038499
v 0.126447 0.535672 0.038503
v 0.141266 0.531319 0.005385
v 0.145969 0.542994 -0.029526
v 0.101422 0.620891 -0.024982
v 0.100890 0.615218 -0.023175
v 0.095326 0.621047 0.000986
v 0.094201 0.615119 -0.000196
v 0.088184 0.606612 0.035062
v 0.089284 0.602320 0.030984
v 0.093099 0.583178 0.048686
v 0.092850 0.580999 0.043482
v 0.100606 0.566621 0.044366
v 0.101631 0.567362 0.049659
v 0.123724 0.537813 0.034350
v 0.106422 0.555837 0.045029
v 0.106869 0.555499 0.050388
v 0.093879 0.561554 0.063875
v 0.088201 0.578444 0.061415
v 0.078611 0.603260 0.050099
v 0.073095 0.616598 0.037596
v 0.082396 0.613233 0.032985
v 0.091389 0.622665 0.001308
v 0.087284 0.625157 0.005589
v 0.073970 0.618051 0.038532
v 0.088030 0.626425 0.005861
v 0.092493 0.634110 0.007520
v 0.076989 0.647510 -0.061926
v 0.093611 0.647772 0.010989
v 0.078958 0.626581 0.043850
v 0.080369 0.639817 0.048860
v 0.079464 0.663164 -0.058457
v 0.089172 0.662420 0.014257
v 0.076649 0.654991 0.050905
v 0.074229 0.677826 -0.054846
v 0.079502 0.669639 0.015927
v 0.067449 0.663401 0.047862
v 0.064392 0.685556 -0.050382
v 0.065370 0.666914 0.012338
v 0.057457 0.662268 0.037626
v 0.053098 0.681070 -0.044644
v 0.026549 0.685816 -0.066388
v 0.032196 0.689868 -0.074252
v 0.036835 0.682474 -0.079614
v 0.041421 0.668927 -0.084455
v 0.045676 0.655848 -0.093424
v 0.048455 0.652184 -0.097295
v 0.076027 0.644815 -0.061896
v 0.083609 0.641963 -0.054551
v 0.095840 0.626323 -0.031252
v 0.041150 0.522265 0.108309
v 0.046702 0.468519 0.109879
v 0.039429 0.535944 0.105625
v 0.047447 0.449347 0.107148
v 0.038041 0.540923 0.103037
v 0.047192 0.445130 0.105172
v 0.093662 0.450247 0.087207
v 0.094183 0.454528 0.089072
v 0.127898 0.462041 0.063414
v 0.126088 0.480886 0.066386
v 0.156657 0.471736 0.030899
v 0.152882 0.490517 0.035159
v 0.105148 0.534970 0.067563
v 0.092662 0.473812 0.091836
v 0.079900 0.526747 0.092427
v 0.099139 0.548298 0.065371
v 0.076387 0.540414 0.090320
v 0.165775 0.499964 -0.000386
v 0.170450 0.513684 -0.045109
v 0.175131 0.494965 -0.048297
v 0.164915 0.508492 -0.092215
v 0.143396 0.522018 -0.136132
v 0.083480 0.536442 -0.181279
v 0.169366 0.481686 -0.004854
v 0.164229 0.504000 -0.092931
v 0.174494 0.490440 -0.048976
v 0.168632 0.477390 -0.006244
v 0.156087 0.467414 0.029223
v 0.127130 0.457794 0.061740
v 0.026371 0.604149 0.080504
v 0.028619 0.596236 0.086586
v 0.028812 0.605878 0.081016
v 0.035674 0.565794 0.099768
v 0.031864 0.614317 0.088362
v 0.033530 0.628356 0.092982
v 0.032029 0.643533 0.090935
v 0.028318 0.652623 0.082128
v 0.023509 0.653657 0.069188
v 0.037719 0.549543 0.102957
v 0.037592 0.544692 0.102350
v 0.072635 0.549154 0.087422
v 0.072894 0.554001 0.088226
v 0.094178 0.556825 0.063220
v 0.068720 0.570237 0.085724
v 0.101885 0.563108 0.048506
v 0.100686 0.562737 0.043192
v 0.058294 0.600071 0.072436
v 0.055159 0.609278 0.064495
v 0.056117 0.610793 0.065306
v 0.059861 0.619266 0.072196
v 0.060849 0.632881 0.077339
v 0.058099 0.648012 0.076628
v 0.051300 0.656807 0.069857
v 0.042194 0.657031 0.058395
v 0.073218 0.547872 -0.014371
v 0.066348 0.593228 0.022893
v 0.071176 0.606171 -0.007062
v 0.078321 0.605107 -0.030739
v 0.095949 0.586187 -0.052238
v 0.115460 0.555345 -0.054523
v 0.125808 0.528704 -0.037819
v 0.121862 0.516039 -0.002484
v 0.104119 0.522765 0.026822
v 0.088410 0.538876 0.037706
v 0.070752 0.570049 0.036946
v 0.077778 0.560805 0.038408
v 0.077365 0.557997 0.037045
v 0.083218 0.544587 0.036997
v 0.073552 0.545388 0.087951
v 0.095773 0.553152 0.063776
v 0.103590 0.559819 0.048661
v 0.102231 0.559747 0.043328
v -0.095773 0.553152 0.063776
v -0.099795 0.563220 0.037636
v -0.102150 0.558575 0.037854
v -0.089361 0.597909 0.027152
v -0.094066 0.609607 -0.001341
v -0.099771 0.609710 -0.021776
v -0.114365 0.593823 -0.039294
v -0.131345 0.566947 -0.041051
v -0.140522 0.544317 -0.027685
v -0.136355 0.533947 0.003823
v -0.120443 0.539713 0.029993
v -0.105588 0.555468 0.039218
v -0.092455 0.579134 0.038157
v -0.099662 0.567027 0.038798
v -0.078084 0.560219 0.043249
v 0.094066 0.609607 -0.001341
v 0.089361 0.597909 0.027152
v 0.099771 0.609710 -0.021776
v 0.114365 0.593823 -0.039294
v 0.131345 0.566947 -0.041051
v 0.140522 0.544317 -0.027685
v 0.065999 0.596880 0.026073
v 0.071038 0.610822 -0.006224
v 0.079040 0.609656 -0.032092
v 0.098067 0.589278 -0.055224
v 0.118916 0.556262 -0.057703
v 0.130205 0.527391 -0.039495
v 0.136355 0.533947 0.003823
v 0.120443 0.539713 0.029993
v 0.125887 0.513598 -0.001293
v 0.106738 0.520902 0.030378
v 0.105588 0.555468 0.039218
v 0.102150 0.558575 0.037854
v 0.089356 0.538599 0.042385
v 0.083564 0.545034 0.041585
v 0.092455 0.579134 0.038157
v 0.099662 0.567027 0.038798
v 0.078084 0.560219 0.043249
v 0.070793 0.571767 0.041300
v 0.099795 0.563220 0.037636
v 0.077789 0.557043 0.041700
v 0.178965 0.441551 -0.105081
v 0.161265 0.380740 -0.138752
v 0.171619 0.374168 -0.140124
v 0.189765 0.438780 -0.103687
v 0.134899 0.336245 -0.176386
v 0.142061 0.326905 -0.179465
v 0.190227 0.509169 -0.082125
v 0.178607 0.508583 -0.084002
v 0.171807 0.582626 -0.075338
v 0.161980 0.578059 -0.078378
v 0.134864 0.635849 -0.085074
v 0.142049 0.644255 -0.081857
v 0.079721 0.304287 -0.217197
v 0.084321 0.294180 -0.222412
v 0.042462 0.288282 -0.238888
v 0.040068 0.299331 -0.229756
v -0.000000 0.285183 -0.248001
v -0.000000 0.295714 -0.239839
v 0.079951 0.682723 -0.098120
v 0.084832 0.692713 -0.096190
v 0.042492 0.707683 -0.107115
v 0.040119 0.694343 -0.106696
v -0.000000 0.716174 -0.114561
v -0.000000 0.704300 -0.115669
v 0.043329 0.284007 -0.242851
v 0.086257 0.290346 -0.224738
v 0.045451 0.274439 -0.243000
v 0.090420 0.280374 -0.225219
v 0.047395 0.259425 -0.238849
v -0.000000 0.256196 -0.247842
v -0.000000 0.272296 -0.251461
v 0.094790 0.266585 -0.219246
v 0.156367 0.302047 -0.173867
v 0.149723 0.313763 -0.179941
v 0.193862 0.357794 -0.130462
v 0.185043 0.365648 -0.139130
v 0.205461 0.436280 -0.101532
v 0.216071 0.432237 -0.091495
v 0.216071 0.507424 -0.068231
v 0.205461 0.508870 -0.078695
v 0.193862 0.590671 -0.058407
v 0.185043 0.588194 -0.069159
v 0.149723 0.654575 -0.074401
v 0.156367 0.660871 -0.062843
v 0.094790 0.713156 -0.077111
v 0.090552 0.704109 -0.089464
v 0.047395 0.733743 -0.092108
v 0.045095 0.722784 -0.103870
v -0.000000 0.739757 -0.098223
v -0.000000 0.727941 -0.110448
v 0.086257 0.696617 -0.095072
v 0.043128 0.713210 -0.107116
v 0.144473 0.647833 -0.080814
v 0.175528 0.584671 -0.074651
v 0.194233 0.509308 -0.081697
v 0.194233 0.438242 -0.103686
v -0.000000 0.720212 -0.114641
v 0.162040 0.664239 -0.045613
v 0.201393 0.591375 -0.042101
v 0.225132 0.504483 -0.052861
v 0.225132 0.426799 -0.076897
v 0.201393 0.348817 -0.117151
v 0.162040 0.290350 -0.161298
v 0.098128 0.251560 -0.207557
v 0.049064 0.243575 -0.227247
v -0.000000 0.239521 -0.236326
v 0.201393 0.335972 -0.084798
v 0.225132 0.413954 -0.044543
v 0.178082 0.340114 -0.059684
v 0.197512 0.406663 -0.024079
v 0.147450 0.352314 -0.064035
v 0.163071 0.410417 -0.030914
v 0.133483 0.366229 -0.093181
v 0.147743 0.422388 -0.059902
v 0.162040 0.277506 -0.128944
v 0.098128 0.238715 -0.175203
v 0.140428 0.283570 -0.105359
v 0.081797 0.250912 -0.149265
v 0.115778 0.306378 -0.106756
v 0.064585 0.280411 -0.148081
v 0.103754 0.325159 -0.135284
v 0.055028 0.302981 -0.175208
v 0.163071 0.492656 -0.005468
v 0.197512 0.491992 0.002323
v 0.225133 0.497255 -0.018769
v 0.201393 0.584147 -0.008010
v 0.178082 0.566837 0.010466
v 0.147450 0.559127 -0.000045
v 0.133483 0.563695 -0.032083
v 0.147743 0.498749 -0.036275
v 0.162040 0.657011 -0.011522
v 0.098128 0.719769 -0.058727
v 0.098128 0.712541 -0.024635
v 0.140428 0.638951 0.004599
v 0.081797 0.688097 -0.010034
v 0.115778 0.620815 -0.009466
v 0.064585 0.662987 -0.025747
v 0.103754 0.621007 -0.043745
v 0.055028 0.659265 -0.061009
v 0.049064 0.733860 -0.039236
v 0.049064 0.741088 -0.073328
v 0.040898 0.702991 -0.024289
v 0.032292 0.674819 -0.039431
v 0.027514 0.668186 -0.073166
v -0.000000 0.740606 -0.044957
v -0.000000 0.747835 -0.079048
v -0.000000 0.709763 -0.029420
v -0.000000 0.678529 -0.044138
v -0.000000 0.670426 -0.078027
v 0.039000 0.674144 -0.107320
v 0.070878 0.664303 -0.093898
v 0.120889 0.625133 -0.076312
v 0.152313 0.568263 -0.063327
v 0.169045 0.506132 -0.065256
v 0.169001 0.432687 -0.088009
v 0.152171 0.380186 -0.121592
v 0.121166 0.340851 -0.163886
v 0.070648 0.318192 -0.205038
v 0.027514 0.302073 -0.188745
v 0.032292 0.278066 -0.163427
v -0.000000 0.277688 -0.168163
v 0.040898 0.245322 -0.166756
v -0.000000 0.243662 -0.173637
v 0.049064 0.230242 -0.194893
v -0.000000 0.226676 -0.203972
v -0.000000 0.303131 -0.191672
v 0.036859 0.316887 -0.220808
v -0.000000 0.318226 -0.224845
v -0.027514 0.302073 -0.188745
v -0.036859 0.316887 -0.220808
v -0.055028 0.302981 -0.175208
v -0.032292 0.278066 -0.163427
v -0.040898 0.245322 -0.166756
v -0.049064 0.230242 -0.194893
v -0.049064 0.243575 -0.227247
v -0.098128 0.251560 -0.207557
v -0.098128 0.238715 -0.175203
v -0.162040 0.277506 -0.128944
v -0.162040 0.290350 -0.161298
v -0.140428 0.283570 -0.105359
v -0.081797 0.250912 -0.149265
v -0.115778 0.306378 -0.106756
v -0.064585 0.280411 -0.148080
v -0.103754 0.325159 -0.135284
v -0.201393 0.335972 -0.084797
v -0.201393 0.348817 -0.117151
v -0.225133 0.426799 -0.076897
v -0.225133 0.413954 -0.044543
v -0.178082 0.340114 -0.059684
v -0.197512 0.406663 -0.024079
v -0.147450 0.352314 -0.064035
v -0.163071 0.410417 -0.030914
v -0.133483 0.366229 -0.093181
v -0.147743 0.422388 -0.059902
v -0.225133 0.497255 -0.018769
v -0.225133 0.504483 -0.052861
v -0.197512 0.491992 0.002323
v -0.163071 0.492656 -0.005468
v -0.147743 0.498749 -0.036275
v -0.201393 0.584147 -0.008010
v -0.201393 0.591375 -0.042101
v -0.178082 0.566837 0.010466
v -0.147450 0.559127 -0.000045
v -0.133483 0.563695 -0.032083
v -0.162040 0.664239 -0.045613
v -0.162040 0.657011 -0.011522
v -0.098128 0.719769 -0.058727
v -0.098128 0.712541 -0.024635
v -0.140428 0.638951 0.004600
v -0.081797 0.688097 -0.010034
v -0.115778 0.620815 -0.009466
v -0.064585 0.662987 -0.025747
v -0.103754 0.621007 -0.043745
v -0.055028 0.659265 -0.061009
v -0.049064 0.733860 -0.039236
v -0.049064 0.741088 -0.073328
v -0.040898 0.702991 -0.024289
v -0.032292 0.674819 -0.039431
v -0.027514 0.668186 -0.073166
v -0.070878 0.664303 -0.093898
v -0.120889 0.625133 -0.076312
v -0.152313 0.568263 -0.063327
v -0.169045 0.506132 -0.065256
v -0.169001 0.432687 -0.088009
v -0.152171 0.380186 -0.121592
v -0.121166 0.340851 -0.163886
v -0.070648 0.318192 -0.205038
v 0.175528 0.371869 -0.140494
v 0.144473 0.322911 -0.181349
v -0.000000 0.281597 -0.250353
v -0.178965 0.441551 -0.105081
v -0.189765 0.438780 -0.103687
v -0.171619 0.374168 -0.140124
v -0.161265 0.380740 -0.138752
v -0.134899 0.336245 -0.176386
v -0.142061 0.326905 -0.179465
v -0.190227 0.509169 -0.082125
v -0.178607 0.508583 -0.084002
v -0.171807 0.582626 -0.075338
v -0.161980 0.578059 -0.078378
v -0.134864 0.635849 -0.085074
v -0.142049 0.644255 -0.081857
v -0.079721 0.304287 -0.217197
v -0.084321 0.294180 -0.222412
v -0.042462 0.288282 -0.238888
v -0.040068 0.299331 -0.229756
v -0.079951 0.682723 -0.098120
v -0.084832 0.692713 -0.096190
v -0.042492 0.707683 -0.107115
v -0.040119 0.694343 -0.106696
v -0.043329 0.284007 -0.242850
v -0.086257 0.290346 -0.224738
v -0.045451 0.274439 -0.243000
v -0.090420 0.280374 -0.225219
v -0.047395 0.259425 -0.238849
v -0.094790 0.266585 -0.219246
v -0.156367 0.302047 -0.173867
v -0.149723 0.313763 -0.179941
v -0.193862 0.357794 -0.130462
v -0.185043 0.365648 -0.139130
v -0.205461 0.436280 -0.101532
v -0.216071 0.432237 -0.091495
v -0.216071 0.507424 -0.068231
v -0.205461 0.508870 -0.078695
v -0.193862 0.590671 -0.058407
v -0.185043 0.588194 -0.069159
v -0.149723 0.654575 -0.074401
v -0.156367 0.660871 -0.062843
v -0.094790 0.713156 -0.077111
v -0.090552 0.704109 -0.089464
v -0.047395 0.733743 -0.092108
v -0.045095 0.722784 -0.103870
v -0.086257 0.696617 -0.095072
v -0.043128 0.713210 -0.107116
v -0.144473 0.647833 -0.080814
v -0.175528 0.584671 -0.074650
v -0.194233 0.509308 -0.081697
v -0.194233 0.438242 -0.103686
v -0.175528 0.371869 -0.140494
v -0.144473 0.322911 -0.181349
v -0.000000 0.677164 -0.113602
v -0.039000 0.674144 -0.107320
v -0.181041 0.438554 -0.101019
v -0.201784 0.437159 -0.100414
v -0.181731 0.368119 -0.136765
v -0.164154 0.376766 -0.136181
v -0.197789 0.351294 -0.118649
v -0.221103 0.427881 -0.079585
v -0.137344 0.331805 -0.174390
v -0.147044 0.316495 -0.178044
v -0.080710 0.298957 -0.211830
v -0.089256 0.285496 -0.217238
v -0.159140 0.293874 -0.161490
v -0.096372 0.255778 -0.202537
v -0.000000 0.277191 -0.248635
v -0.000000 0.290111 -0.238159
v -0.000000 0.243955 -0.234299
v 0.080710 0.298957 -0.211830
v 0.089256 0.285496 -0.217238
v 0.147044 0.316495 -0.178044
v 0.137344 0.331805 -0.174390
v 0.159140 0.293874 -0.161490
v 0.096371 0.255778 -0.202537
v 0.181731 0.368119 -0.136765
v 0.164154 0.376766 -0.136181
v 0.181041 0.438554 -0.101019
v 0.201784 0.437159 -0.100414
v 0.197789 0.351294 -0.118649
v 0.221103 0.427881 -0.079585
v 0.201784 0.508130 -0.078716
v 0.181041 0.507311 -0.079998
v 0.221103 0.504174 -0.056260
v 0.181731 0.585694 -0.070246
v 0.164154 0.578199 -0.074597
v 0.197789 0.589512 -0.045818
v 0.137344 0.636839 -0.081132
v 0.147044 0.651575 -0.075600
v 0.080710 0.685008 -0.093802
v 0.089256 0.699192 -0.090758
v 0.159140 0.661072 -0.049226
v 0.096371 0.715608 -0.061952
v -0.000000 0.723633 -0.112143
v -0.000000 0.707064 -0.110683
v -0.080710 0.685008 -0.093802
v -0.089256 0.699192 -0.090758
v -0.147044 0.651575 -0.075600
v -0.137344 0.636839 -0.081132
v -0.159140 0.661072 -0.049226
v -0.096371 0.715608 -0.061952
v -0.000000 0.743171 -0.081673
v -0.181731 0.585694 -0.070246
v -0.164154 0.578199 -0.074597
v -0.181041 0.507311 -0.079998
v -0.201784 0.508130 -0.078716
v -0.221103 0.504174 -0.056260
v -0.197789 0.589512 -0.045818
v -0.221103 0.415266 -0.048188
v -0.197789 0.338679 -0.087252
v -0.174895 0.342747 -0.062881
v -0.193978 0.408106 -0.028329
v -0.144812 0.354729 -0.067103
v -0.160152 0.411792 -0.034962
v -0.131094 0.368395 -0.095388
v -0.145099 0.423549 -0.063092
v -0.000000 0.396495 -0.165825
v -0.101897 0.328060 -0.136245
v -0.054043 0.306279 -0.171144
v -0.000000 0.306427 -0.190965
v -0.063429 0.284113 -0.144819
v -0.113706 0.309615 -0.108561
v -0.080333 0.255141 -0.145968
v -0.137914 0.287215 -0.107205
v -0.096372 0.243163 -0.171140
v -0.159140 0.281259 -0.130093
v -0.000000 0.231340 -0.202902
v -0.000000 0.248022 -0.173463
v -0.000000 0.281438 -0.168151
v 0.096371 0.243163 -0.171140
v 0.159140 0.281260 -0.130093
v 0.137914 0.287216 -0.107205
v 0.080333 0.255141 -0.145968
v 0.113706 0.309615 -0.108561
v 0.063429 0.284113 -0.144819
v 0.101897 0.328060 -0.136245
v 0.054043 0.306279 -0.171144
v 0.131094 0.368395 -0.095388
v 0.145099 0.423549 -0.063093
v 0.160152 0.411792 -0.034962
v 0.144812 0.354729 -0.067103
v 0.193978 0.408106 -0.028329
v 0.174895 0.342747 -0.062881
v 0.221103 0.415266 -0.048188
v 0.197789 0.338679 -0.087252
v 0.221103 0.497076 -0.023176
v 0.193978 0.491907 -0.002708
v 0.160152 0.492559 -0.010269
v 0.145099 0.498543 -0.040165
v -0.000000 0.578420 -0.110205
v -0.145099 0.498543 -0.040165
v -0.160152 0.492559 -0.010269
v -0.193978 0.491907 -0.002708
v -0.221103 0.497076 -0.023176
v -0.197789 0.582413 -0.012735
v -0.174895 0.565413 0.005194
v -0.144812 0.557840 -0.005006
v -0.131094 0.562327 -0.036097
v -0.101897 0.618613 -0.047414
v -0.054043 0.656187 -0.064167
v -0.000000 0.667148 -0.080682
v -0.063429 0.659842 -0.029947
v -0.113706 0.618425 -0.014148
v -0.080333 0.684503 -0.014699
v -0.137914 0.636236 -0.000499
v -0.096371 0.708509 -0.028869
v -0.159140 0.653973 -0.016143
v -0.000000 0.736072 -0.048589
v -0.000000 0.705781 -0.033512
v -0.000000 0.675106 -0.047795
v 0.096371 0.708509 -0.028869
v 0.159140 0.653973 -0.016143
v 0.137914 0.636236 -0.000499
v 0.080333 0.684503 -0.014699
v 0.113706 0.618425 -0.014148
v 0.063429 0.659842 -0.029947
v 0.101897 0.618613 -0.047414
v 0.054043 0.656187 -0.064167
v 0.131094 0.562327 -0.036097
v 0.144812 0.557840 -0.005006
v 0.174895 0.565413 0.005194
v 0.197789 0.582413 -0.012735
v -0.132101 0.327983 -0.190687
v -0.095352 0.306455 -0.214633
v -0.117202 0.343841 -0.231852
v -0.111667 0.356904 -0.237039
v -0.172080 0.490574 -0.148209
v -0.176079 0.483838 -0.155874
v -0.132725 0.516509 -0.260390
v -0.124370 0.525273 -0.261706
v -0.089595 0.434330 -0.302215
v -0.076975 0.436056 -0.307334
v -0.122735 0.360912 -0.237093
v -0.144894 0.339762 -0.181143
v -0.168928 0.380376 -0.146465
v -0.184295 0.436603 -0.114467
v -0.160173 0.430350 -0.217615
v -0.000000 0.290330 -0.246958
v -0.075330 0.298585 -0.222385
v -0.103888 0.351641 -0.245059
v -0.071843 0.426545 -0.311522
v -0.000000 0.418649 -0.331924
v -0.000000 0.427596 -0.329193
v -0.000000 0.347847 -0.302702
v -0.000000 0.436811 -0.332972
v -0.071843 0.444707 -0.312571
v -0.116079 0.527819 -0.270033
v -0.043106 0.489947 -0.331980
v -0.000000 0.484149 -0.340752
v -0.069647 0.539974 -0.309789
v -0.000000 0.547692 -0.335036
v -0.180791 0.486995 -0.136502
v -0.187668 0.453608 -0.105286
v -0.187668 0.497218 -0.091953
v 0.132100 0.327983 -0.190687
v 0.117202 0.343841 -0.231852
v 0.095352 0.306455 -0.214633
v 0.111667 0.356904 -0.237039
v 0.172080 0.490574 -0.148209
v 0.124370 0.525274 -0.261706
v 0.132725 0.516509 -0.260390
v 0.176079 0.483838 -0.155874
v 0.089595 0.434330 -0.302215
v 0.076975 0.436056 -0.307334
v 0.122735 0.360912 -0.237094
v 0.144894 0.339762 -0.181143
v 0.168927 0.380376 -0.146465
v 0.184295 0.436603 -0.114467
v 0.160173 0.430350 -0.217615
v 0.075330 0.298585 -0.222385
v 0.103888 0.351641 -0.245059
v 0.071843 0.426545 -0.311522
v 0.071843 0.444707 -0.312571
v 0.116079 0.527819 -0.270033
v 0.043106 0.489947 -0.331980
v 0.069647 0.539974 -0.309789
v 0.187668 0.453608 -0.105286
v 0.180791 0.486995 -0.136502
v 0.187668 0.497218 -0.091953
v -0.132101 0.649121 -0.092506
v -0.117202 0.658993 -0.135500
v -0.095352 0.680359 -0.100319
v -0.111667 0.651064 -0.147105
v -0.132725 0.531803 -0.255714
v -0.176079 0.500444 -0.150797
v -0.089595 0.623321 -0.244434
v -0.076975 0.624753 -0.249644
v -0.122735 0.647772 -0.149391
v -0.144894 0.634019 -0.091180
v -0.168928 0.580957 -0.085141
v -0.184295 0.516449 -0.090056
v -0.160173 0.579313 -0.172072
v -0.075330 0.691218 -0.102345
v -0.000000 0.711803 -0.118101
v -0.103888 0.659912 -0.150811
v -0.071843 0.634979 -0.247797
v -0.000000 0.652934 -0.260295
v -0.000000 0.643990 -0.263035
v -0.000000 0.695291 -0.196478
v -0.071843 0.620508 -0.258823
v -0.000000 0.638463 -0.271321
v -0.043106 0.593857 -0.300212
v -0.000000 0.603569 -0.304242
v 0.132101 0.649121 -0.092506
v 0.095352 0.680359 -0.100319
v 0.117202 0.658993 -0.135500
v 0.111667 0.651064 -0.147105
v 0.176079 0.500444 -0.150797
v 0.132725 0.531803 -0.255714
v 0.089595 0.623321 -0.244434
v 0.076975 0.624753 -0.249644
v 0.122735 0.647772 -0.149391
v 0.144894 0.634019 -0.091180
v 0.168927 0.580957 -0.085142
v 0.184295 0.516449 -0.090056
v 0.160173 0.579313 -0.172072
v 0.075330 0.691218 -0.102345
v 0.103888 0.659912 -0.150811
v 0.071843 0.634979 -0.247797
v 0.071843 0.620509 -0.258823
v 0.043106 0.593857 -0.300212
v 0.032529 0.938262 0.148449
v 0.031366 0.947052 0.153981
v 0.040198 0.947536 0.158133
v 0.041083 0.938886 0.152907
v 0.048931 0.948007 0.161964
v 0.049500 0.939489 0.157034
v 0.048311 0.956531 0.166725
v 0.039155 0.955957 0.162956
v 0.029902 0.955302 0.158807
v 0.057467 0.948451 0.165152
v 0.057642 0.940051 0.160497
v 0.065708 0.948855 0.167377
v 0.065372 0.940551 0.162966
v 0.066012 0.957270 0.171729
v 0.057272 0.956948 0.169732
v 0.057036 0.965638 0.174161
v 0.047590 0.965070 0.171147
v 0.066250 0.965907 0.175966
v 0.066391 0.974875 0.180027
v 0.056738 0.974618 0.178365
v 0.046893 0.973916 0.175300
v 0.037799 0.963917 0.166973
v 0.027835 0.962473 0.162220
v 0.036680 0.972338 0.170739
v 0.024864 0.968024 0.163514
v 0.073555 0.949206 0.168316
v 0.072551 0.940968 0.164108
v 0.081044 0.949656 0.168148
v 0.079328 0.941518 0.164185
v 0.082683 0.957923 0.172051
v 0.074505 0.957565 0.172468
v 0.088210 0.950357 0.167050
v 0.085849 0.942417 0.163456
v 0.095090 0.951461 0.165199
v 0.092260 0.943881 0.162183
v 0.097814 0.959205 0.168158
v 0.090476 0.958439 0.170580
v 0.092549 0.966806 0.173982
v 0.084169 0.966448 0.175833
v 0.100326 0.967278 0.171001
v 0.102522 0.975843 0.173670
v 0.094333 0.975599 0.177194
v 0.085424 0.975359 0.179434
v 0.075349 0.966163 0.176508
v 0.076032 0.975121 0.180380
v 0.066402 0.984286 0.183855
v 0.056358 0.983984 0.182267
v 0.055929 0.993711 0.185762
v 0.066311 0.994092 0.187324
v 0.045825 0.993200 0.182790
v 0.046349 0.983364 0.179254
v 0.055480 1.003772 0.188745
v 0.066148 1.004246 0.190307
v 0.055045 1.014140 0.191109
v 0.065941 1.014699 0.192678
v 0.044556 1.013464 0.187932
v 0.045193 1.003208 0.185689
v 0.035539 1.002558 0.181348
v 0.036179 0.992490 0.178552
v 0.034737 1.012675 0.183368
v 0.025850 1.011777 0.177639
v 0.026772 1.001824 0.175930
v 0.019147 1.001009 0.169641
v 0.020020 0.991378 0.167722
v 0.013479 0.990996 0.161496
v 0.014551 0.982044 0.159990
v 0.008609 0.982070 0.154032
v 0.009924 0.973879 0.153268
v 0.003939 0.974031 0.147497
v 0.002650 0.981820 0.147621
v 0.015607 0.973187 0.158331
v 0.007343 0.990453 0.154737
v 0.001409 0.989831 0.147710
v 0.020462 0.981467 0.165043
v 0.020688 0.971415 0.161982
v 0.027381 0.981208 0.169784
v 0.027431 0.991807 0.173409
v 0.012377 1.000134 0.162699
v 0.018158 1.010773 0.170966
v 0.011362 1.009692 0.163585
v 0.006178 0.999219 0.155323
v 0.000264 0.998283 0.147729
v 0.005163 1.008558 0.155732
v -0.000737 1.007398 0.147643
v 0.036350 0.982140 0.174807
v -0.001547 1.017397 0.147417
v 0.004348 1.018663 0.155904
v -0.002193 1.027922 0.147085
v 0.003707 1.029217 0.155877
v -0.002705 1.038615 0.146679
v 0.003213 1.039907 0.155689
v -0.003114 1.049119 0.146233
v 0.002837 1.050416 0.155376
v 0.009921 1.030486 0.164401
v 0.009445 1.041173 0.164416
v 0.009100 1.051686 0.164226
v 0.010551 1.019901 0.164138
v 0.017369 1.021084 0.171865
v 0.016759 1.031701 0.172386
v 0.025111 1.022184 0.178832
v 0.024537 1.032835 0.179564
v 0.016306 1.042386 0.172578
v 0.015989 1.052899 0.172488
v 0.024111 1.043519 0.179891
v 0.023817 1.054027 0.179869
v 0.033174 1.044548 0.186074
v 0.032895 1.055043 0.186076
v 0.033566 1.033861 0.185666
v 0.043579 1.034770 0.190468
v 0.043229 1.045460 0.190911
v 0.042964 1.055938 0.190902
v 0.034083 1.023173 0.184786
v 0.044020 1.024045 0.189500
v 0.054655 1.024791 0.192750
v 0.054310 1.035551 0.193749
v 0.065721 1.025405 0.194310
v 0.065490 1.036194 0.195286
v 0.054011 1.046247 0.194186
v 0.053759 1.056708 0.194142
v 0.065255 1.046897 0.195684
v 0.065020 1.057345 0.195588
v 0.076697 1.047401 0.195191
v 0.076485 1.057843 0.195035
v 0.087961 1.047750 0.192848
v 0.088036 1.037032 0.192585
v 0.098671 1.037212 0.188602
v 0.098489 1.026377 0.187930
v 0.108087 1.026384 0.182478
v 0.107543 1.015605 0.181498
v 0.098126 1.015599 0.186743
v 0.106761 1.005054 0.180074
v 0.097579 1.005046 0.185000
v 0.087825 1.015439 0.190410
v 0.087529 1.004899 0.188383
v 0.076982 1.015135 0.192417
v 0.076941 1.004626 0.190169
v 0.076793 0.994413 0.187333
v 0.087060 0.994657 0.185810
v 0.076501 0.984558 0.184029
v 0.086373 0.984787 0.182793
v 0.095733 0.984960 0.180151
v 0.096798 0.994805 0.182778
v 0.104296 0.985066 0.176107
v 0.105694 0.994839 0.178259
v 0.113432 0.994740 0.172276
v 0.114741 1.004905 0.173656
v 0.120045 0.994548 0.165444
v 0.121519 1.004710 0.166453
v 0.125566 0.994299 0.158378
v 0.123954 0.984097 0.157178
v 0.128440 0.983740 0.150733
v 0.127812 0.971637 0.147870
v 0.122082 0.975098 0.156229
v 0.129918 0.994298 0.151897
v 0.118294 0.984835 0.164223
v 0.116217 0.975981 0.162989
v 0.127090 1.004576 0.159172
v 0.131452 1.004613 0.152520
v 0.128381 1.015019 0.159717
v 0.132814 1.014945 0.152868
v 0.122683 1.015218 0.167258
v 0.115733 1.015446 0.174760
v 0.111779 0.985091 0.170665
v 0.109757 0.976100 0.168868
v 0.116431 1.026220 0.175544
v 0.108394 1.037223 0.183033
v 0.098676 1.047936 0.188797
v 0.108466 1.047952 0.183181
v 0.098507 1.058382 0.188555
v 0.108307 1.058401 0.182939
v 0.087774 1.058192 0.192638
v 0.116959 1.047788 0.176140
v 0.116793 1.058241 0.175949
v 0.116840 1.037058 0.176004
v 0.123991 1.036792 0.168250
v 0.124140 1.047514 0.168397
v 0.123955 1.057963 0.168283
v 0.123506 1.025970 0.167863
v 0.129293 1.025719 0.160173
v 0.129830 1.036503 0.160502
v 0.133777 1.025554 0.153208
v 0.134339 1.036268 0.153495
v 0.129993 1.047199 0.160670
v 0.129783 1.057632 0.160641
v 0.134502 1.046911 0.153682
v 0.134266 1.057309 0.153723
v 0.123438 1.067968 0.167888
v 0.116342 1.068245 0.175429
v 0.107918 1.068402 0.182328
v 0.107324 1.077972 0.181414
v 0.097678 1.077955 0.186938
v 0.098169 1.068379 0.187913
v 0.087085 1.077776 0.191028
v 0.087478 1.068191 0.192014
v 0.097052 1.087132 0.185693
v 0.106550 1.087131 0.180265
v 0.096308 1.095936 0.184243
v 0.105621 1.095895 0.178950
v 0.086050 1.095821 0.188184
v 0.086605 1.086976 0.189734
v 0.075581 1.086680 0.192200
v 0.075921 1.077451 0.193501
v 0.075211 1.095568 0.190591
v 0.064155 1.095191 0.191280
v 0.064354 1.086261 0.192901
v 0.053246 1.094706 0.190066
v 0.053297 1.085737 0.191649
v 0.064567 1.076997 0.194174
v 0.053401 1.076429 0.192863
v 0.064790 1.067369 0.195077
v 0.053555 1.066761 0.193697
v 0.042677 1.075732 0.189759
v 0.042779 1.066024 0.190518
v 0.042723 1.094076 0.187119
v 0.042657 1.085077 0.188626
v 0.032683 1.084255 0.184011
v 0.032649 1.074888 0.185052
v 0.032824 1.093262 0.182610
v 0.023790 1.092225 0.176709
v 0.023622 1.083241 0.177988
v 0.015860 1.090928 0.169587
v 0.015722 1.082007 0.170735
v 0.008758 1.089435 0.161548
v 0.008692 1.080607 0.162562
v 0.002208 1.087812 0.152898
v 0.002243 1.079097 0.153774
v -0.004066 1.086124 0.143942
v -0.003915 1.077532 0.144680
v 0.002357 1.069980 0.154456
v -0.003711 1.068531 0.145278
v 0.008726 1.071385 0.163327
v 0.002553 1.060431 0.154978
v -0.003446 1.059076 0.145781
v 0.008861 1.061751 0.163873
v 0.015786 1.063001 0.172165
v 0.015697 1.072701 0.171588
v 0.023636 1.064147 0.179554
v 0.023571 1.073884 0.178931
v 0.032720 1.065153 0.185738
v 0.139032 0.989280 0.120094
v 0.140292 0.996346 0.120808
v 0.140968 0.999896 0.116077
v 0.139853 0.993630 0.114877
v 0.141562 1.004446 0.111268
v 0.140605 0.999104 0.109491
v 0.142469 1.009972 0.112938
v 0.142025 1.006354 0.117206
v 0.141486 1.003576 0.121485
v 0.142096 1.010110 0.106851
v 0.141293 1.005743 0.104494
v 0.142591 1.016999 0.103294
v 0.141926 1.013590 0.100443
v 0.143202 1.020391 0.106004
v 0.142846 1.014570 0.109069
v 0.143490 1.019219 0.111011
v 0.143274 1.015865 0.114396
v 0.143704 1.023746 0.108436
v 0.144019 1.026454 0.110234
v 0.144022 1.024529 0.112396
v 0.143939 1.022404 0.115498
v 0.142969 1.013196 0.118196
v 0.142549 1.011133 0.122088
v 0.143743 1.020614 0.118976
v 0.143414 1.019183 0.122581
v 0.143067 1.025227 0.101067
v 0.142509 1.022687 0.097900
v 0.143397 1.034407 0.099854
v 0.142921 1.032623 0.096508
v 0.143840 1.036068 0.103178
v 0.143579 1.027674 0.104149
v 0.143458 1.044149 0.099339
v 0.143040 1.042987 0.095914
v 0.143122 1.054067 0.099207
v 0.142742 1.053366 0.095763
v 0.143477 1.054722 0.102651
v 0.143848 1.045218 0.102764
v 0.144183 1.046099 0.106188
v 0.144217 1.037487 0.106459
v 0.143779 1.055282 0.106094
v 0.144004 1.055703 0.109537
v 0.144433 1.046699 0.109611
v 0.144495 1.038380 0.109733
v 0.144002 1.029935 0.107064
v 0.144298 1.031279 0.109949
v 0.142265 1.063773 0.099142
v 0.141906 1.063349 0.095702
v 0.140983 1.073183 0.099147
v 0.140625 1.072914 0.095729
v 0.141319 1.073449 0.102564
v 0.142599 1.064178 0.102583
v 0.139376 1.082213 0.099221
v 0.138991 1.082037 0.095845
v 0.137542 1.090782 0.099369
v 0.137097 1.090697 0.096050
v 0.137958 1.090882 0.102689
v 0.139737 1.082396 0.102598
v 0.140050 1.082591 0.105974
v 0.141608 1.073708 0.105981
v 0.138318 1.091012 0.106009
v 0.138593 1.091187 0.109330
v 0.140290 1.082803 0.109351
v 0.141828 1.073958 0.109398
v 0.142886 1.064546 0.106023
v 0.143101 1.064857 0.109463
v 0.136517 1.098792 0.106092
v 0.136841 1.098906 0.109344
v 0.136084 1.098768 0.102841
v 0.134224 1.105873 0.103274
v 0.134769 1.105628 0.106352
v 0.135158 1.105582 0.109426
v 0.133593 1.106148 0.100159
v 0.135578 1.098804 0.099591
v 0.135036 1.098870 0.096343
v 0.132920 1.106438 0.097025
v 0.131696 1.112682 0.101341
v 0.132489 1.112015 0.104207
v 0.130862 1.113284 0.098399
v 0.128974 1.119289 0.100765
v 0.129995 1.118274 0.103409
v 0.130986 1.117097 0.105925
v 0.133199 1.111219 0.106921
v 0.133670 1.110837 0.109610
v 0.131916 1.115592 0.108187
v 0.132624 1.114121 0.109861
v 0.131031 1.118774 0.110539
v 0.132312 1.115695 0.111855
v 0.130395 1.121073 0.113614
v 0.128911 1.124012 0.112196
v 0.128167 1.126312 0.116008
v 0.129857 1.122799 0.117048
v 0.127532 1.128122 0.119793
v 0.129372 1.124134 0.120547
v 0.128900 1.125259 0.123811
v 0.130850 1.120255 0.124367
v 0.130410 1.120953 0.127455
v 0.128392 1.126229 0.126900
v 0.129874 1.121580 0.130483
v 0.127803 1.127094 0.129873
v 0.129204 1.122171 0.133481
v 0.127087 1.127906 0.132787
v 0.126353 1.130945 0.126315
v 0.125695 1.132104 0.129243
v 0.124917 1.133190 0.132075
v 0.131231 1.119452 0.121189
v 0.126946 1.129642 0.123197
v 0.132795 1.114422 0.124845
v 0.133113 1.113845 0.121685
v 0.134708 1.107823 0.125257
v 0.134335 1.108209 0.128436
v 0.136196 1.100837 0.128856
v 0.135705 1.101136 0.132099
v 0.137455 1.093127 0.132526
v 0.136811 1.093391 0.135827
v 0.135072 1.101427 0.135341
v 0.137957 1.092860 0.129223
v 0.133845 1.108568 0.131608
v 0.133214 1.108914 0.134776
v 0.136562 1.100522 0.125611
v 0.138330 1.092585 0.125918
v 0.136823 1.100185 0.122362
v 0.138589 1.092298 0.122608
v 0.134987 1.107395 0.122065
v 0.131894 1.115394 0.131065
v 0.131252 1.115835 0.134150
v 0.132399 1.114930 0.127968
v 0.140255 1.083817 0.122835
v 0.139985 1.084074 0.126189
v 0.141738 1.074871 0.123028
v 0.141447 1.075097 0.126409
v 0.142955 1.065588 0.123171
v 0.142640 1.065760 0.126563
v 0.143824 1.056098 0.123248
v 0.143484 1.056170 0.126637
v 0.141035 1.075326 0.129778
v 0.142201 1.065947 0.129941
v 0.143017 1.056278 0.130010
v 0.139595 1.084327 0.129535
v 0.139075 1.084576 0.132876
v 0.140492 1.075557 0.133141
v 0.138414 1.084824 0.136215
v 0.139808 1.075788 0.136500
v 0.141630 1.066143 0.133310
v 0.142416 1.056410 0.133373
v 0.140920 1.066344 0.136674
v 0.141678 1.056554 0.136731
v 0.143406 1.046407 0.129973
v 0.143902 1.046432 0.126616
v 0.144263 1.046528 0.123244
v 0.144313 1.037064 0.123143
v 0.143926 1.036727 0.126508
v 0.144016 1.027887 0.122927
v 0.143593 1.027233 0.126322
v 0.142935 1.018132 0.126067
v 0.143399 1.036514 0.129853
v 0.143024 1.026774 0.129675
v 0.142310 1.017366 0.129462
v 0.142775 1.046431 0.133321
v 0.142733 1.036384 0.133185
v 0.142007 1.046479 0.136664
v 0.141930 1.036296 0.136511
v 0.142314 1.026445 0.133000
v 0.141543 1.016791 0.132797
v 0.141466 1.026181 0.136311
v 0.140637 1.016311 0.136102
v 0.141287 1.008467 0.129237
v 0.141988 1.009601 0.125749
v 0.140824 1.001500 0.125386
v 0.139515 0.993683 0.124991
v 0.138133 0.986010 0.124581
v 0.140031 0.999949 0.129004
v 0.138621 0.991686 0.128764
v 0.137133 0.983550 0.128522
v 0.140445 1.007597 0.132609
v 0.139102 0.998750 0.132433
v 0.139463 1.006861 0.135924
v 0.138029 0.997726 0.135768
v 0.137595 0.990133 0.132264
v 0.136007 0.981631 0.132099
v 0.136423 0.988801 0.135627
v 0.134731 0.979982 0.135494
v 0.135091 0.987470 0.138990
v 0.133282 0.978333 0.138888
v 0.136807 0.996702 0.139103
v 0.135213 0.995727 0.142699
v 0.133469 0.986094 0.142447
v 0.131651 0.976509 0.142162
v 0.138340 1.006124 0.139238
v 0.139597 1.015831 0.139407
v 0.140486 1.025918 0.139621
v 0.140993 1.036208 0.139836
v 0.139617 1.036153 0.143530
v 0.139076 1.025697 0.143298
v 0.138137 1.015406 0.143067
v 0.141101 1.046527 0.140007
v 0.140797 1.056698 0.140089
v 0.140064 1.066545 0.140039
v 0.138974 1.076019 0.139859
v 0.137699 1.076263 0.143549
v 0.138762 1.066760 0.143747
v 0.139470 1.056860 0.143803
v 0.137599 1.085072 0.139554
v 0.136011 1.093655 0.139127
v 0.134279 1.101718 0.138583
v 0.134780 1.093931 0.142735
v 0.133063 1.102025 0.142124
v 0.132845 1.094234 0.146956
v 0.131159 1.102360 0.146265
v 0.129932 1.094574 0.152098
v 0.128304 1.102740 0.151306
v 0.124234 1.103179 0.157545
v 0.125767 1.094966 0.158466
v 0.131403 1.085935 0.152748
v 0.127142 1.086301 0.159264
v 0.120336 1.095354 0.165464
v 0.121585 1.086660 0.166434
v 0.113626 1.095682 0.172491
v 0.114724 1.086955 0.173640
v 0.115641 1.077813 0.174639
v 0.122634 1.077532 0.167257
v 0.129202 1.067629 0.160379
v 0.128304 1.077187 0.159911
v 0.133630 1.067288 0.153573
v 0.132656 1.076835 0.153244
v 0.135690 1.076530 0.147900
v 0.134377 1.085615 0.147503
v 0.136348 1.085332 0.143211
v 0.136717 1.067003 0.148144
v 0.137394 1.057057 0.148229
v 0.139752 1.046599 0.143714
v 0.137654 1.046719 0.148151
v 0.137500 1.036162 0.147960
v 0.136938 1.025561 0.147705
v 0.135971 1.015092 0.147436
v 0.136809 1.005457 0.142886
v 0.134602 1.004930 0.147202
v 0.133025 0.994850 0.146817
v 0.131432 0.984628 0.146092
v 0.129831 0.974335 0.145196
v 0.125586 0.968239 0.150063
v 0.119780 0.968428 0.156190
v 0.123207 0.964316 0.151895
v 0.117193 0.962956 0.156544
v 0.120724 0.960044 0.153488
v 0.114472 0.957551 0.156775
v 0.118189 0.955596 0.154960
v 0.111683 0.952179 0.156943
v 0.111045 0.961615 0.160955
v 0.108158 0.955197 0.159918
v 0.105187 0.948958 0.158855
v 0.113766 0.968392 0.161939
v 0.107340 0.967908 0.166931
v 0.104628 0.960315 0.164888
v 0.101718 0.953121 0.162774
v 0.098709 0.946127 0.160626
v 0.087992 1.026206 0.191792
v 0.076951 1.025879 0.193955
v 0.076854 1.036690 0.194855
v 0.076224 1.067850 0.194459
v -0.002451 1.116646 0.140114
v 0.004062 1.118803 0.147997
v 0.003048 1.111668 0.149245
v -0.003539 1.109636 0.141010
v 0.002485 1.104114 0.150540
v -0.004054 1.102197 0.142011
v 0.009262 1.105951 0.158775
v 0.009858 1.113617 0.157195
v 0.010789 1.120872 0.155604
v 0.002247 1.096156 0.151788
v -0.004171 1.094353 0.143020
v 0.008922 1.097887 0.160256
v 0.016113 1.099472 0.168121
v 0.016519 1.107632 0.166421
v 0.024078 1.100839 0.175083
v 0.024494 1.109078 0.173185
v 0.017117 1.115400 0.164573
v 0.017945 1.122768 0.162659
v 0.025047 1.116935 0.171094
v 0.025746 1.124403 0.168886
v 0.033872 1.118138 0.176473
v 0.034407 1.125692 0.174008
v 0.033425 1.110210 0.178773
v 0.043097 1.111068 0.183044
v 0.043381 1.119045 0.180587
v 0.043711 1.126664 0.177924
v 0.033074 1.101916 0.180842
v 0.042874 1.102743 0.185240
v 0.053249 1.103362 0.188122
v 0.053292 1.111695 0.185859
v 0.063972 1.103816 0.189332
v 0.063793 1.112129 0.187077
v 0.053362 1.119694 0.183314
v 0.053444 1.127351 0.180529
v 0.063604 1.120120 0.184534
v 0.063392 1.127782 0.181720
v 0.073894 1.120360 0.184123
v 0.073338 1.127990 0.181396
v 0.083926 1.120420 0.182189
v 0.084727 1.112539 0.184445
v 0.094495 1.112508 0.180867
v 0.095462 1.104390 0.182651
v 0.104562 1.104282 0.177537
v 0.103354 1.112314 0.175965
v 0.085430 1.104341 0.186432
v 0.093389 1.120302 0.178838
v 0.101975 1.120012 0.174175
v 0.092122 1.127785 0.176511
v 0.100407 1.127397 0.172108
v 0.083007 1.127987 0.179633
v 0.074816 1.104146 0.188714
v 0.074382 1.112411 0.186561
v 0.109376 1.119555 0.168308
v 0.107585 1.126834 0.166501
v 0.115603 1.118989 0.161823
v 0.117357 1.111488 0.163188
v 0.122535 1.110970 0.156495
v 0.126520 1.110461 0.150387
v 0.118931 1.103620 0.164391
v 0.120667 1.118373 0.155310
v 0.124579 1.117765 0.149357
v 0.118623 1.125419 0.153986
v 0.122483 1.124683 0.148231
v 0.113657 1.126156 0.160269
v 0.110969 1.111955 0.169875
v 0.112379 1.104007 0.171253
v 0.116397 1.132142 0.152518
v 0.111507 1.133019 0.158495
v 0.105578 1.133820 0.164407
v 0.109142 1.139504 0.156534
v 0.103393 1.140363 0.162121
v 0.106550 1.145537 0.154417
v 0.111265 1.144942 0.148589
v 0.108060 1.150610 0.146615
v 0.112113 1.151592 0.139326
v 0.107435 1.155015 0.140017
v 0.104073 1.155137 0.145469
v 0.103664 1.150900 0.152366
v 0.100414 1.155376 0.150605
v 0.098645 1.151529 0.157373
v 0.096157 1.155853 0.155107
v 0.092865 1.152249 0.161555
v 0.091079 1.156410 0.158892
v 0.096717 1.159055 0.149160
v 0.093423 1.159302 0.153106
v 0.089208 1.159613 0.156467
v 0.101771 1.158699 0.140214
v 0.099397 1.158863 0.144792
v 0.094121 1.162133 0.144227
v 0.092489 1.162029 0.148059
v 0.095452 1.162219 0.140214
v 0.088808 1.165157 0.140316
v 0.088350 1.164738 0.143998
v 0.082190 1.166469 0.144332
v 0.082072 1.165778 0.147742
v 0.075897 1.166629 0.148359
v 0.076007 1.165629 0.151685
v 0.069398 1.165869 0.152374
v 0.069586 1.164511 0.155692
v 0.062273 1.164335 0.156011
v 0.062272 1.165697 0.152691
v 0.054830 1.163775 0.155583
v 0.055052 1.165138 0.152321
v 0.047921 1.162905 0.154668
v 0.048225 1.164196 0.151560
v 0.042209 1.161799 0.153529
v 0.042281 1.162877 0.150703
v 0.038484 1.160747 0.152539
v 0.037217 1.161084 0.150281
v 0.033029 1.158724 0.150825
v 0.036276 1.159234 0.153784
v 0.029560 1.155698 0.152021
v 0.026379 1.154727 0.147959
v 0.022413 1.150385 0.148912
v 0.018839 1.148798 0.143881
v 0.014413 1.143414 0.144417
v 0.010081 1.141306 0.138544
v 0.015599 1.147180 0.138656
v 0.019030 1.145457 0.150069
v 0.023934 1.153744 0.143545
v 0.021857 1.152756 0.138957
v 0.026655 1.151906 0.153554
v 0.024218 1.147369 0.155283
v 0.031900 1.153330 0.157614
v 0.030263 1.149085 0.159839
v 0.033867 1.156705 0.155552
v 0.029582 1.158077 0.143463
v 0.028574 1.157739 0.139431
v 0.030947 1.158408 0.147319
v 0.036147 1.161383 0.147147
v 0.035662 1.161624 0.143688
v 0.035470 1.161835 0.140067
v 0.042013 1.163604 0.147595
v 0.048422 1.165176 0.148321
v 0.055256 1.166202 0.148983
v 0.062271 1.166760 0.149299
v 0.055448 1.167067 0.145595
v 0.048682 1.165976 0.144989
v 0.062270 1.167624 0.145860
v 0.062269 1.168389 0.142396
v 0.055635 1.167832 0.142182
v 0.048974 1.166686 0.141610
v 0.042058 1.164209 0.144275
v 0.042261 1.164752 0.140849
v 0.069224 1.166930 0.148984
v 0.069060 1.167791 0.145547
v 0.075730 1.167446 0.144943
v 0.082169 1.167090 0.140815
v 0.075534 1.168171 0.141482
v 0.068901 1.168553 0.142086
v 0.037451 1.150539 0.163517
v 0.036537 1.145447 0.166170
v 0.028845 1.143945 0.162097
v 0.035731 1.139503 0.168825
v 0.027630 1.138034 0.164369
v 0.044480 1.140626 0.172198
v 0.044933 1.146616 0.169234
v 0.045441 1.151710 0.166269
v 0.035023 1.132866 0.171448
v 0.026602 1.131478 0.166638
v 0.044075 1.133917 0.175111
v 0.053526 1.134655 0.177541
v 0.053619 1.141419 0.174420
v 0.063144 1.135107 0.178656
v 0.062889 1.141900 0.175425
v 0.053737 1.147455 0.171233
v 0.053893 1.152575 0.168048
v 0.062653 1.147966 0.172113
v 0.062465 1.153111 0.168806
v 0.019044 1.129728 0.160764
v 0.012133 1.127706 0.154093
v 0.005652 1.125502 0.146889
v -0.000612 1.123208 0.139420
v 0.013928 1.134095 0.152664
v 0.007872 1.131809 0.145922
v 0.002044 1.129430 0.138926
v 0.020438 1.136201 0.158898
v 0.022155 1.142108 0.157068
v 0.016215 1.140020 0.151321
v 0.010775 1.137765 0.145097
v 0.005586 1.135426 0.138634
v 0.038482 1.154625 0.160897
v 0.046011 1.155732 0.163353
v 0.046643 1.158834 0.160471
v 0.039691 1.157797 0.158371
v 0.054098 1.156590 0.164933
v 0.062352 1.157142 0.165588
v 0.062294 1.160236 0.162414
v 0.054335 1.159678 0.161846
v 0.054585 1.162014 0.158744
v 0.047337 1.161172 0.157607
v 0.062274 1.162574 0.159237
v 0.041139 1.160147 0.156000
v 0.070383 1.157328 0.165268
v 0.070818 1.153298 0.168495
v 0.071385 1.148150 0.171821
v 0.079762 1.148043 0.170397
v 0.080846 1.141998 0.173628
v 0.089142 1.141666 0.170921
v 0.090675 1.134970 0.173835
v 0.098628 1.134489 0.169703
v 0.096723 1.141112 0.167069
v 0.081954 1.135247 0.176743
v 0.087615 1.147679 0.167882
v 0.094774 1.147091 0.164317
v 0.086188 1.152817 0.164830
v 0.078782 1.153183 0.167156
v 0.072030 1.142084 0.175145
v 0.072699 1.135298 0.178370
v 0.101069 1.146316 0.159744
v 0.076217 1.164330 0.154891
v 0.081677 1.164947 0.150939
v 0.081611 1.163820 0.153875
v 0.086422 1.163732 0.150699
v 0.085101 1.163191 0.152999
v 0.087639 1.164277 0.147515
v 0.090258 1.161889 0.151529
v 0.087048 1.161897 0.154417
v 0.083765 1.159996 0.159081
v 0.084953 1.156890 0.161877
v 0.077985 1.157219 0.164016
v 0.077307 1.160312 0.160954
v 0.070051 1.160420 0.162091
v 0.082479 1.162238 0.156501
v 0.076684 1.162620 0.157946
v 0.069795 1.162754 0.158915
v 0.124298 1.135288 0.125709
v 0.124989 1.133609 0.122544
v 0.125703 1.131646 0.118966
v 0.123880 1.134940 0.118102
v 0.123032 1.137369 0.121872
v 0.122237 1.139444 0.125093
v 0.123562 1.136778 0.128599
v 0.122712 1.138173 0.131350
v 0.121416 1.141284 0.127948
v 0.120490 1.143005 0.130619
v 0.126506 1.129306 0.114837
v 0.124860 1.132039 0.113600
v 0.127454 1.126412 0.110583
v 0.126011 1.128545 0.108872
v 0.128599 1.122793 0.106631
v 0.127370 1.124335 0.104425
v 0.129822 1.121017 0.108712
v 0.123961 1.134276 0.134907
v 0.121682 1.139568 0.134102
v 0.119380 1.144726 0.133291
v 0.115135 1.144129 0.143324
v 0.113956 1.138622 0.150766
v 0.117794 1.137655 0.145475
v 0.120232 1.131243 0.147024
v 0.122994 1.130379 0.142561
v 0.125237 1.124005 0.143578
v 0.124907 1.129540 0.138873
v 0.127120 1.123369 0.139753
v 0.122602 1.135386 0.137927
v 0.120611 1.136545 0.141323
v 0.126196 1.128719 0.135701
v 0.128364 1.122763 0.136479
v 0.120221 1.141048 0.136873
v 0.117802 1.146618 0.135764
v 0.118080 1.142700 0.139683
v 0.115474 1.148850 0.137842
v 0.130443 1.116276 0.137234
v 0.132419 1.109260 0.137943
v 0.131208 1.109622 0.141405
v 0.129326 1.110017 0.145455
v 0.129223 1.116733 0.140606
v 0.127350 1.117224 0.144551
v 0.131590 1.118507 0.117892
v 0.131944 1.117297 0.114704
v 0.133594 1.112379 0.115337
v 0.133746 1.111411 0.112399
v 0.135312 1.106404 0.115669
v 0.135319 1.105901 0.112528
v 0.137066 1.099456 0.115855
v 0.136996 1.099817 0.119110
v 0.138749 1.091996 0.119293
v 0.138805 1.091698 0.115974
v 0.135195 1.106912 0.118858
v 0.137019 1.099140 0.112599
v 0.138754 1.091422 0.112652
v 0.133381 1.113177 0.118474
v 0.140433 1.083039 0.112728
v 0.141956 1.074196 0.112815
v 0.143221 1.065093 0.112902
v 0.144126 1.055935 0.112978
v 0.141987 1.074424 0.116227
v 0.143240 1.065278 0.116336
v 0.144140 1.056040 0.116414
v 0.140477 1.083292 0.116102
v 0.140418 1.083554 0.119472
v 0.141916 1.074648 0.119633
v 0.143153 1.065435 0.119760
v 0.144041 1.056074 0.119838
v 0.144592 1.046892 0.116448
v 0.144571 1.046924 0.113032
v 0.144644 1.038468 0.113032
v 0.144434 1.030974 0.112945
v 0.144665 1.038085 0.116368
v 0.144425 1.029867 0.116103
v 0.144491 1.046721 0.119853
v 0.144557 1.037567 0.119750
v 0.144289 1.028801 0.119476
v -0.032529 0.938262 0.148449
v -0.041083 0.938886 0.152907
v -0.040198 0.947536 0.158133
v -0.031366 0.947052 0.153981
v -0.039155 0.955957 0.162956
v -0.029902 0.955302 0.158807
v -0.048311 0.956532 0.166725
v -0.048931 0.948007 0.161964
v -0.049500 0.939489 0.157034
v -0.037799 0.963917 0.166973
v -0.027835 0.962473 0.162220
v -0.036680 0.972338 0.170739
v -0.024864 0.968024 0.163514
v -0.046893 0.973916 0.175300
v -0.047590 0.965070 0.171147
v -0.057035 0.965638 0.174161
v -0.057272 0.956948 0.169732
v -0.056738 0.974618 0.178365
v -0.066391 0.974875 0.180027
v -0.066250 0.965907 0.175966
v -0.066012 0.957270 0.171729
v -0.057467 0.948451 0.165152
v -0.057642 0.940051 0.160497
v -0.065708 0.948855 0.167377
v -0.065372 0.940551 0.162966
v -0.073555 0.949206 0.168316
v -0.072551 0.940968 0.164108
v -0.074505 0.957565 0.172468
v -0.082683 0.957923 0.172051
v -0.081044 0.949656 0.168148
v -0.079328 0.941518 0.164185
v -0.075349 0.966163 0.176508
v -0.076032 0.975121 0.180380
v -0.085424 0.975360 0.179434
v -0.084169 0.966448 0.175833
v -0.092548 0.966806 0.173982
v -0.090475 0.958439 0.170580
v -0.094333 0.975599 0.177194
v -0.102522 0.975843 0.173670
v -0.100326 0.967278 0.171001
v -0.097814 0.959205 0.168158
v -0.088210 0.950357 0.167050
v -0.085849 0.942417 0.163456
v -0.095090 0.951461 0.165199
v -0.092260 0.943881 0.162183
v -0.098709 0.946127 0.160626
v -0.101718 0.953121 0.162774
v -0.105187 0.948958 0.158855
v -0.108158 0.955197 0.159918
v -0.111683 0.952179 0.156943
v -0.114472 0.957551 0.156775
v -0.118189 0.955596 0.154960
v -0.120724 0.960044 0.153488
v -0.111045 0.961615 0.160955
v -0.117193 0.962956 0.156544
v -0.123207 0.964316 0.151895
v -0.104628 0.960315 0.164888
v -0.107340 0.967908 0.166931
v -0.113766 0.968392 0.161939
v -0.109757 0.976100 0.168868
v -0.116217 0.975981 0.162989
v -0.119780 0.968428 0.156190
v -0.125586 0.968239 0.150063
v -0.122082 0.975098 0.156229
v -0.127812 0.971637 0.147870
v -0.123954 0.984097 0.157178
v -0.128440 0.983740 0.150733
v -0.118294 0.984836 0.164223
v -0.120045 0.994548 0.165444
v -0.125566 0.994299 0.158378
v -0.129918 0.994299 0.151897
v -0.111779 0.985091 0.170665
v -0.104296 0.985066 0.176107
v -0.095733 0.984960 0.180151
v -0.096798 0.994805 0.182778
v -0.087060 0.994657 0.185810
v -0.087529 1.004899 0.188383
v -0.076941 1.004626 0.190169
v -0.076982 1.015135 0.192417
v -0.065941 1.014699 0.192678
v -0.065721 1.025405 0.194310
v -0.076951 1.025879 0.193955
v -0.087825 1.015439 0.190410
v -0.087992 1.026206 0.191792
v -0.098126 1.015599 0.186743
v -0.098489 1.026377 0.187930
v -0.107543 1.015605 0.181498
v -0.108087 1.026384 0.182478
v -0.088036 1.037032 0.192585
v -0.098671 1.037212 0.188602
v -0.108394 1.037223 0.183033
v -0.065490 1.036194 0.195286
v -0.076854 1.036690 0.194855
v -0.076697 1.047401 0.195191
v -0.087961 1.047750 0.192848
v -0.065255 1.046897 0.195684
v -0.065020 1.057345 0.195588
v -0.076485 1.057843 0.195035
v -0.087774 1.058192 0.192638
v -0.098676 1.047936 0.188797
v -0.108466 1.047952 0.183181
v -0.098507 1.058382 0.188555
v -0.108307 1.058401 0.182939
v -0.098169 1.068379 0.187913
v -0.107918 1.068402 0.182328
v -0.087478 1.068191 0.192014
v -0.087085 1.077776 0.191028
v -0.097678 1.077955 0.186938
v -0.107324 1.077972 0.181414
v -0.076224 1.067850 0.194459
v -0.064790 1.067369 0.195077
v -0.064567 1.076997 0.194174
v -0.075921 1.077451 0.193501
v -0.075581 1.086680 0.192200
v -0.086605 1.086976 0.189734
v -0.064354 1.086261 0.192901
v -0.064155 1.095191 0.191280
v -0.075211 1.095568 0.190591
v -0.086050 1.095821 0.188184
v -0.097052 1.087132 0.185693
v -0.106550 1.087131 0.180265
v -0.096307 1.095936 0.184243
v -0.105621 1.095895 0.178950
v -0.053401 1.076429 0.192863
v -0.053555 1.066761 0.193697
v -0.053759 1.056708 0.194142
v -0.042779 1.066024 0.190518
v -0.042964 1.055938 0.190902
v -0.042677 1.075732 0.189759
v -0.032720 1.065153 0.185738
v -0.032895 1.055043 0.186076
v -0.023636 1.064147 0.179554
v -0.023817 1.054027 0.179869
v -0.023571 1.073884 0.178931
v -0.032649 1.074888 0.185052
v -0.032683 1.084255 0.184011
v -0.042657 1.085077 0.188626
v -0.023622 1.083241 0.177988
v -0.023790 1.092225 0.176709
v -0.032824 1.093262 0.182610
v -0.042723 1.094076 0.187119
v -0.053297 1.085737 0.191649
v -0.053246 1.094706 0.190066
v -0.015860 1.090928 0.169587
v -0.016113 1.099472 0.168121
v -0.024078 1.100839 0.175083
v -0.016519 1.107632 0.166421
v -0.009262 1.105951 0.158775
v -0.009858 1.113617 0.157195
v -0.003048 1.111668 0.149245
v -0.004062 1.118803 0.147997
v 0.002451 1.116646 0.140114
v -0.005652 1.125502 0.146889
v 0.000612 1.123208 0.139420
v -0.007872 1.131809 0.145922
v -0.002044 1.129431 0.138926
v -0.013928 1.134095 0.152664
v -0.012133 1.127706 0.154093
v -0.010789 1.120872 0.155604
v -0.010775 1.137765 0.145097
v -0.005585 1.135426 0.138634
v -0.014413 1.143414 0.144417
v -0.010081 1.141306 0.138544
v -0.019030 1.145457 0.150070
v -0.016214 1.140020 0.151321
v -0.022155 1.142108 0.157068
v -0.020438 1.136201 0.158898
v -0.024218 1.147369 0.155283
v -0.030263 1.149085 0.159839
v -0.028845 1.143945 0.162097
v -0.027630 1.138034 0.164369
v -0.019044 1.129728 0.160764
v -0.017945 1.122768 0.162659
v -0.026602 1.131478 0.166638
v -0.025746 1.124403 0.168886
v -0.018839 1.148798 0.143881
v -0.015599 1.147180 0.138656
v -0.023934 1.153744 0.143545
v -0.021857 1.152756 0.138957
v -0.026379 1.154727 0.147959
v -0.022412 1.150385 0.148912
v -0.029582 1.158077 0.143463
v -0.028574 1.157739 0.139431
v -0.035662 1.161624 0.143688
v -0.035470 1.161835 0.140067
v -0.036147 1.161383 0.147147
v -0.030947 1.158408 0.147319
v -0.033028 1.158724 0.150825
v -0.029560 1.155698 0.152021
v -0.037217 1.161084 0.150281
v -0.038484 1.160747 0.152539
v -0.036276 1.159234 0.153784
v -0.033867 1.156705 0.155552
v -0.026655 1.151906 0.153554
v -0.031900 1.153330 0.157614
v -0.042281 1.162877 0.150703
v -0.042209 1.161799 0.153529
v -0.042012 1.163604 0.147595
v -0.048422 1.165176 0.148321
v -0.048225 1.164196 0.151560
v -0.047921 1.162905 0.154668
v -0.048682 1.165976 0.144989
v -0.042058 1.164209 0.144275
v -0.042261 1.164752 0.140849
v -0.048974 1.166686 0.141610
v -0.055448 1.167067 0.145595
v -0.055256 1.166202 0.148983
v -0.055635 1.167832 0.142182
v -0.062269 1.168389 0.142396
v -0.062270 1.167624 0.145860
v -0.062271 1.166760 0.149299
v -0.055052 1.165138 0.152321
v -0.054830 1.163775 0.155583
v -0.062272 1.165697 0.152691
v -0.062273 1.164335 0.156011
v -0.069398 1.165869 0.152374
v -0.069586 1.164511 0.155692
v -0.069224 1.166930 0.148984
v -0.075897 1.166629 0.148359
v -0.076007 1.165629 0.151685
v -0.076217 1.164330 0.154891
v -0.069060 1.167791 0.145547
v -0.068901 1.168553 0.142086
v -0.075534 1.168171 0.141482
v -0.075730 1.167446 0.144943
v -0.082189 1.166469 0.144332
v -0.082072 1.165778 0.147742
v -0.082169 1.167090 0.140815
v -0.088808 1.165157 0.140316
v -0.088350 1.164738 0.143998
v -0.087639 1.164277 0.147515
v -0.081677 1.164947 0.150939
v -0.081611 1.163820 0.153875
v -0.086422 1.163732 0.150699
v -0.085101 1.163191 0.153000
v -0.087047 1.161897 0.154417
v -0.090258 1.161890 0.151529
v -0.089208 1.159613 0.156467
v -0.093423 1.159302 0.153106
v -0.091079 1.156410 0.158892
v -0.096157 1.155853 0.155107
v -0.092865 1.152249 0.161555
v -0.098645 1.151529 0.157373
v -0.096717 1.159056 0.149160
v -0.100414 1.155376 0.150605
v -0.103664 1.150901 0.152366
v -0.092489 1.162030 0.148059
v -0.094121 1.162133 0.144227
v -0.099397 1.158863 0.144792
v -0.095452 1.162219 0.140215
v -0.101771 1.158699 0.140214
v -0.104073 1.155137 0.145469
v -0.108060 1.150610 0.146615
v -0.107435 1.155015 0.140017
v -0.112113 1.151592 0.139326
v -0.106550 1.145537 0.154417
v -0.111265 1.144941 0.148589
v -0.115135 1.144129 0.143324
v -0.117794 1.137655 0.145475
v -0.113956 1.138621 0.150766
v -0.109141 1.139504 0.156534
v -0.101069 1.146316 0.159744
v -0.094774 1.147091 0.164317
v -0.087615 1.147679 0.167882
v -0.086188 1.152817 0.164830
v -0.089142 1.141666 0.170921
v -0.096723 1.141112 0.167069
v -0.080846 1.141998 0.173628
v -0.079762 1.148043 0.170397
v -0.078782 1.153183 0.167156
v -0.090675 1.134970 0.173835
v -0.098628 1.134489 0.169703
v -0.092122 1.127785 0.176511
v -0.100407 1.127397 0.172108
v -0.083007 1.127987 0.179633
v -0.081954 1.135247 0.176743
v -0.072698 1.135298 0.178370
v -0.072030 1.142084 0.175145
v -0.073338 1.127990 0.181396
v -0.063392 1.127782 0.181720
v -0.063144 1.135107 0.178656
v -0.062889 1.141900 0.175425
v -0.071385 1.148150 0.171821
v -0.070818 1.153298 0.168495
v -0.062653 1.147966 0.172113
v -0.062465 1.153111 0.168806
v -0.053893 1.152575 0.168048
v -0.053737 1.147455 0.171233
v -0.045441 1.151710 0.166269
v -0.044933 1.146616 0.169234
v -0.037451 1.150539 0.163517
v -0.036537 1.145447 0.166170
v -0.044480 1.140626 0.172198
v -0.035730 1.139503 0.168825
v -0.053619 1.141419 0.174420
v -0.053526 1.134655 0.177541
v -0.044075 1.133917 0.175111
v -0.053444 1.127351 0.180529
v -0.043711 1.126664 0.177924
v -0.035023 1.132866 0.171448
v -0.034407 1.125692 0.174008
v -0.033872 1.118138 0.176473
v -0.025047 1.116935 0.171094
v -0.017117 1.115400 0.164573
v -0.024493 1.109078 0.173185
v -0.043381 1.119045 0.180587
v -0.043097 1.111068 0.183044
v -0.033425 1.110210 0.178773
v -0.053292 1.111695 0.185859
v -0.053362 1.119694 0.183314
v -0.063603 1.120120 0.184534
v -0.063793 1.112128 0.187078
v -0.053249 1.103362 0.188122
v -0.042873 1.102743 0.185240
v -0.063972 1.103816 0.189332
v -0.033074 1.101916 0.180841
v -0.074816 1.104146 0.188714
v -0.085430 1.104341 0.186432
v -0.095462 1.104390 0.182651
v -0.104562 1.104282 0.177537
v -0.084727 1.112539 0.184445
v -0.094495 1.112508 0.180867
v -0.103353 1.112314 0.175965
v -0.074382 1.112411 0.186561
v -0.073894 1.120360 0.184124
v -0.083925 1.120420 0.182189
v -0.093389 1.120302 0.178838
v -0.101975 1.120012 0.174175
v -0.112379 1.104007 0.171253
v -0.113626 1.095682 0.172491
v -0.120336 1.095354 0.165464
v -0.121585 1.086660 0.166434
v -0.114724 1.086955 0.173640
v -0.122634 1.077532 0.167257
v -0.115641 1.077813 0.174639
v -0.127142 1.086301 0.159264
v -0.125767 1.094966 0.158466
v -0.131403 1.085935 0.152748
v -0.129932 1.094574 0.152098
v -0.132655 1.076835 0.153244
v -0.128304 1.077187 0.159911
v -0.129202 1.067629 0.160379
v -0.123438 1.067968 0.167888
v -0.133630 1.067288 0.153573
v -0.134266 1.057309 0.153723
v -0.129783 1.057632 0.160641
v -0.134502 1.046911 0.153682
v -0.129993 1.047199 0.160670
v -0.123955 1.057963 0.168283
v -0.124140 1.047514 0.168397
v -0.116793 1.058241 0.175949
v -0.116959 1.047788 0.176140
v -0.123991 1.036792 0.168250
v -0.116840 1.037058 0.176004
v -0.134339 1.036268 0.153495
v -0.129830 1.036504 0.160502
v -0.129293 1.025719 0.160173
v -0.123506 1.025970 0.167863
v -0.133776 1.025554 0.153208
v -0.132814 1.014945 0.152868
v -0.128380 1.015019 0.159717
v -0.131452 1.004613 0.152520
v -0.127090 1.004576 0.159172
v -0.121519 1.004710 0.166453
v -0.114741 1.004905 0.173656
v -0.113432 0.994740 0.172276
v -0.105694 0.994839 0.178259
v -0.097579 1.005046 0.185000
v -0.106761 1.005054 0.180074
v -0.115733 1.015446 0.174760
v -0.122683 1.015218 0.167258
v -0.116431 1.026220 0.175544
v -0.003939 0.974031 0.147497
v -0.009924 0.973879 0.153268
v -0.008608 0.982070 0.154032
v -0.002650 0.981820 0.147621
v -0.007343 0.990453 0.154737
v -0.001409 0.989831 0.147710
v -0.013479 0.990996 0.161496
v -0.014551 0.982044 0.159990
v -0.015607 0.973187 0.158332
v -0.006178 0.999219 0.155323
v -0.000264 0.998283 0.147729
v -0.005163 1.008558 0.155732
v 0.000737 1.007398 0.147643
v -0.011362 1.009692 0.163585
v -0.012377 1.000134 0.162699
v -0.019147 1.001009 0.169641
v -0.020020 0.991378 0.167722
v -0.018158 1.010773 0.170966
v -0.025850 1.011777 0.177639
v -0.026772 1.001824 0.175930
v -0.027431 0.991808 0.173409
v -0.020462 0.981467 0.165043
v -0.020688 0.971415 0.161982
v -0.027381 0.981208 0.169784
v -0.036350 0.982140 0.174807
v -0.046349 0.983364 0.179254
v -0.056358 0.983984 0.182267
v -0.066402 0.984286 0.183855
v -0.045825 0.993200 0.182790
v -0.055929 0.993711 0.185762
v -0.066311 0.994092 0.187324
v -0.036179 0.992490 0.178552
v -0.035539 1.002558 0.181348
v -0.045193 1.003208 0.185689
v -0.034737 1.012675 0.183368
v -0.044556 1.013464 0.187932
v -0.055480 1.003772 0.188745
v -0.066148 1.004246 0.190307
v -0.055045 1.014140 0.191109
v -0.054655 1.024791 0.192750
v -0.054310 1.035551 0.193749
v -0.043579 1.034770 0.190468
v -0.043229 1.045461 0.190911
v -0.033174 1.044548 0.186074
v -0.024111 1.043520 0.179891
v -0.033566 1.033861 0.185666
v -0.024537 1.032835 0.179564
v -0.054011 1.046247 0.194186
v -0.034083 1.023173 0.184786
v -0.025111 1.022184 0.178832
v -0.044020 1.024045 0.189500
v -0.016759 1.031701 0.172386
v -0.016306 1.042386 0.172578
v -0.015989 1.052899 0.172488
v -0.009100 1.051686 0.164226
v -0.008861 1.061751 0.163873
v -0.015786 1.063001 0.172165
v -0.008726 1.071385 0.163327
v -0.015697 1.072701 0.171588
v -0.008692 1.080607 0.162562
v -0.002243 1.079097 0.153775
v -0.002208 1.087812 0.152898
v 0.004066 1.086124 0.143942
v 0.004171 1.094353 0.143020
v -0.002247 1.096156 0.151788
v 0.004054 1.102197 0.142011
v -0.002485 1.104114 0.150540
v 0.003539 1.109636 0.141010
v -0.008922 1.097887 0.160256
v -0.008758 1.089435 0.161548
v 0.003915 1.077532 0.144680
v -0.002357 1.069980 0.154456
v 0.003711 1.068531 0.145278
v -0.015722 1.082007 0.170735
v -0.002553 1.060431 0.154978
v 0.003446 1.059076 0.145781
v -0.002837 1.050416 0.155376
v 0.003114 1.049119 0.146233
v -0.003213 1.039907 0.155689
v 0.002706 1.038615 0.146679
v -0.009445 1.041173 0.164416
v -0.009920 1.030486 0.164401
v -0.003707 1.029217 0.155877
v 0.002193 1.027922 0.147085
v -0.017369 1.021084 0.171865
v -0.010551 1.019901 0.164138
v -0.004348 1.018663 0.155904
v 0.001547 1.017397 0.147417
v -0.138589 1.092298 0.122608
v -0.138749 1.091996 0.119293
v -0.136996 1.099817 0.119110
v -0.136823 1.100185 0.122362
v -0.135195 1.106912 0.118859
v -0.134987 1.107395 0.122065
v -0.135312 1.106404 0.115669
v -0.137066 1.099456 0.115855
v -0.138805 1.091698 0.115974
v -0.133381 1.113177 0.118474
v -0.133113 1.113845 0.121685
v -0.131590 1.118507 0.117892
v -0.131231 1.119452 0.121190
v -0.131944 1.117297 0.114704
v -0.133594 1.112379 0.115337
v -0.133746 1.111411 0.112399
v -0.135319 1.105901 0.112528
v -0.132312 1.115695 0.111855
v -0.132624 1.114121 0.109861
v -0.133670 1.110837 0.109610
v -0.135158 1.105582 0.109426
v -0.137019 1.099140 0.112599
v -0.138754 1.091422 0.112652
v -0.136841 1.098906 0.109344
v -0.138593 1.091187 0.109330
v -0.129857 1.122799 0.117049
v -0.129372 1.124134 0.120547
v -0.128167 1.126312 0.116008
v -0.127532 1.128122 0.119793
v -0.128911 1.124012 0.112196
v -0.130395 1.121074 0.113614
v -0.131031 1.118774 0.110539
v -0.129822 1.121017 0.108712
v -0.130986 1.117097 0.105925
v -0.129995 1.118274 0.103409
v -0.128599 1.122793 0.106632
v -0.128974 1.119289 0.100765
v -0.127370 1.124335 0.104425
v -0.131916 1.115592 0.108188
v -0.133199 1.111220 0.106921
v -0.134769 1.105628 0.106352
v -0.136517 1.098792 0.106092
v -0.138318 1.091012 0.106009
v -0.134224 1.105873 0.103274
v -0.136084 1.098768 0.102841
v -0.137958 1.090882 0.102689
v -0.132489 1.112015 0.104207
v -0.131696 1.112682 0.101341
v -0.133593 1.106148 0.100159
v -0.130862 1.113284 0.098399
v -0.132920 1.106438 0.097025
v -0.135578 1.098804 0.099591
v -0.137542 1.090782 0.099369
v -0.135036 1.098870 0.096343
v -0.137097 1.090697 0.096050
v -0.139737 1.082396 0.102598
v -0.140050 1.082591 0.105974
v -0.141319 1.073449 0.102564
v -0.141608 1.073708 0.105981
v -0.142599 1.064178 0.102583
v -0.142265 1.063773 0.099143
v -0.143122 1.054067 0.099207
v -0.142742 1.053366 0.095764
v -0.141906 1.063349 0.095702
v -0.143477 1.054722 0.102651
v -0.140983 1.073183 0.099147
v -0.140625 1.072914 0.095729
v -0.142886 1.064546 0.106023
v -0.143779 1.055282 0.106094
v -0.143101 1.064857 0.109463
v -0.144004 1.055703 0.109537
v -0.143221 1.065093 0.112902
v -0.144126 1.055935 0.112978
v -0.144433 1.046699 0.109611
v -0.144571 1.046924 0.113032
v -0.144495 1.038380 0.109733
v -0.144644 1.038468 0.113032
v -0.144298 1.031279 0.109949
v -0.144434 1.030974 0.112945
v -0.144019 1.026454 0.110234
v -0.144022 1.024529 0.112396
v -0.143490 1.019219 0.111011
v -0.143274 1.015865 0.114396
v -0.142469 1.009972 0.112938
v -0.142025 1.006354 0.117206
v -0.140968 0.999896 0.116077
v -0.140292 0.996346 0.120808
v -0.139032 0.989280 0.120094
v -0.139853 0.993630 0.114877
v -0.141486 1.003576 0.121485
v -0.141562 1.004446 0.111268
v -0.140605 0.999104 0.109491
v -0.142969 1.013196 0.118196
v -0.142549 1.011133 0.122088
v -0.143743 1.020614 0.118976
v -0.143414 1.019183 0.122581
v -0.143939 1.022404 0.115498
v -0.142846 1.014570 0.109069
v -0.143704 1.023746 0.108436
v -0.143202 1.020391 0.106004
v -0.142096 1.010110 0.106851
v -0.141293 1.005743 0.104494
v -0.142591 1.016999 0.103294
v -0.141926 1.013590 0.100444
v -0.144289 1.028801 0.119476
v -0.144425 1.029867 0.116103
v -0.144665 1.038085 0.116368
v -0.144557 1.037567 0.119750
v -0.144313 1.037064 0.123143
v -0.144016 1.027887 0.122927
v -0.144491 1.046721 0.119853
v -0.144592 1.046892 0.116448
v -0.144263 1.046529 0.123244
v -0.143824 1.056098 0.123248
v -0.144041 1.056074 0.119838
v -0.144140 1.056040 0.116414
v -0.143240 1.065278 0.116336
v -0.141987 1.074424 0.116228
v -0.141956 1.074196 0.112815
v -0.141828 1.073958 0.109398
v -0.143153 1.065435 0.119760
v -0.142955 1.065588 0.123171
v -0.141738 1.074871 0.123028
v -0.141916 1.074648 0.119633
v -0.140418 1.083554 0.119473
v -0.140477 1.083292 0.116102
v -0.140255 1.083817 0.122836
v -0.140433 1.083039 0.112728
v -0.140290 1.082803 0.109351
v -0.139984 1.084074 0.126189
v -0.138330 1.092585 0.125918
v -0.136562 1.100522 0.125611
v -0.137957 1.092860 0.129223
v -0.136195 1.100837 0.128856
v -0.137455 1.093127 0.132526
v -0.135705 1.101136 0.132099
v -0.136811 1.093391 0.135827
v -0.135072 1.101427 0.135341
v -0.136011 1.093655 0.139128
v -0.137599 1.085072 0.139554
v -0.138414 1.084824 0.136215
v -0.138974 1.076019 0.139859
v -0.139808 1.075788 0.136500
v -0.137699 1.076263 0.143549
v -0.136348 1.085332 0.143211
v -0.134780 1.093931 0.142735
v -0.140064 1.066545 0.140039
v -0.140920 1.066344 0.136674
v -0.140797 1.056698 0.140089
v -0.141678 1.056554 0.136731
v -0.141101 1.046527 0.140007
v -0.142007 1.046479 0.136664
v -0.140993 1.036208 0.139836
v -0.141930 1.036296 0.136511
v -0.139617 1.036153 0.143530
v -0.139752 1.046599 0.143714
v -0.139470 1.056860 0.143803
v -0.140486 1.025918 0.139622
v -0.141466 1.026181 0.136311
v -0.139597 1.015831 0.139407
v -0.140637 1.016311 0.136102
v -0.139463 1.006861 0.135924
v -0.138340 1.006124 0.139238
v -0.138029 0.997726 0.135768
v -0.136807 0.996702 0.139103
v -0.136423 0.988801 0.135627
v -0.135091 0.987470 0.138990
v -0.134731 0.979982 0.135494
v -0.133282 0.978333 0.138888
v -0.133469 0.986094 0.142447
v -0.131651 0.976509 0.142162
v -0.135213 0.995727 0.142699
v -0.131432 0.984628 0.146092
v -0.129830 0.974335 0.145196
v -0.133025 0.994850 0.146817
v -0.134602 1.004930 0.147202
v -0.136809 1.005457 0.142886
v -0.135971 1.015092 0.147436
v -0.138137 1.015406 0.143067
v -0.139076 1.025697 0.143298
v -0.136938 1.025561 0.147705
v -0.137500 1.036162 0.147960
v -0.137654 1.046719 0.148151
v -0.137394 1.057058 0.148229
v -0.138762 1.066760 0.143747
v -0.136717 1.067003 0.148144
v -0.135690 1.076530 0.147900
v -0.134377 1.085615 0.147503
v -0.132845 1.094234 0.146956
v -0.131159 1.102360 0.146265
v -0.128304 1.102740 0.151306
v -0.124234 1.103179 0.157545
v -0.118931 1.103620 0.164391
v -0.117357 1.111488 0.163188
v -0.122535 1.110970 0.156495
v -0.126519 1.110461 0.150387
v -0.110969 1.111955 0.169875
v -0.109376 1.119555 0.168308
v -0.115603 1.118989 0.161823
v -0.107585 1.126834 0.166501
v -0.105578 1.133820 0.164407
v -0.103393 1.140363 0.162121
v -0.111507 1.133019 0.158495
v -0.116397 1.132142 0.152518
v -0.120232 1.131243 0.147024
v -0.122483 1.124683 0.148231
v -0.118623 1.125419 0.153986
v -0.113657 1.126156 0.160269
v -0.120667 1.118373 0.155310
v -0.124579 1.117765 0.149357
v -0.127350 1.117224 0.144551
v -0.129326 1.110017 0.145455
v -0.131208 1.109622 0.141405
v -0.133063 1.102025 0.142124
v -0.125237 1.124004 0.143578
v -0.127120 1.123369 0.139753
v -0.129223 1.116733 0.140606
v -0.130443 1.116276 0.137234
v -0.132419 1.109260 0.137943
v -0.128364 1.122763 0.136479
v -0.129204 1.122171 0.133481
v -0.131252 1.115835 0.134150
v -0.133213 1.108914 0.134776
v -0.134279 1.101718 0.138583
v -0.122994 1.130379 0.142562
v -0.120611 1.136545 0.141323
v -0.122602 1.135387 0.137927
v -0.124907 1.129540 0.138873
v -0.118079 1.142700 0.139683
v -0.115474 1.148850 0.137842
v -0.117802 1.146618 0.135764
v -0.120221 1.141048 0.136873
v -0.121682 1.139568 0.134102
v -0.123961 1.134276 0.134907
v -0.119380 1.144726 0.133291
v -0.126196 1.128719 0.135701
v -0.124917 1.133190 0.132075
v -0.127087 1.127906 0.132787
v -0.127803 1.127094 0.129873
v -0.129874 1.121580 0.130483
v -0.125695 1.132104 0.129243
v -0.126353 1.130945 0.126315
v -0.128392 1.126229 0.126900
v -0.130410 1.120953 0.127455
v -0.128900 1.125259 0.123811
v -0.130850 1.120255 0.124367
v -0.126946 1.129642 0.123197
v -0.131894 1.115394 0.131065
v -0.133844 1.108569 0.131608
v -0.134335 1.108209 0.128436
v -0.132399 1.114930 0.127968
v -0.132795 1.114422 0.124845
v -0.134708 1.107823 0.125257
v -0.126506 1.129306 0.114837
v -0.125703 1.131646 0.118966
v -0.124860 1.132039 0.113600
v -0.123880 1.134940 0.118102
v -0.126011 1.128545 0.108872
v -0.127454 1.126412 0.110583
v -0.124989 1.133609 0.122544
v -0.123031 1.137369 0.121872
v -0.124298 1.135288 0.125709
v -0.123562 1.136777 0.128599
v -0.122712 1.138172 0.131350
v -0.120490 1.143005 0.130619
v -0.121416 1.141284 0.127948
v -0.122237 1.139444 0.125093
v -0.076793 0.994413 0.187333
v -0.076501 0.984558 0.184029
v -0.086373 0.984787 0.182793
v -0.116342 1.068245 0.175429
v -0.070383 1.157328 0.165268
v -0.062351 1.157142 0.165588
v -0.070051 1.160420 0.162091
v -0.062294 1.160236 0.162414
v -0.077307 1.160312 0.160954
v -0.077985 1.157219 0.164016
v -0.069795 1.162754 0.158915
v -0.062274 1.162574 0.159237
v -0.076684 1.162620 0.157946
v -0.082479 1.162238 0.156501
v -0.083765 1.159996 0.159081
v -0.084953 1.156889 0.161877
v -0.054585 1.162014 0.158744
v -0.047336 1.161172 0.157607
v -0.046643 1.158834 0.160471
v -0.039691 1.157797 0.158371
v -0.038482 1.154625 0.160897
v -0.046011 1.155732 0.163353
v -0.041139 1.160147 0.156000
v -0.054335 1.159678 0.161846
v -0.054098 1.156590 0.164933
v -0.141447 1.075097 0.126409
v -0.141035 1.075326 0.129778
v -0.139595 1.084327 0.129535
v -0.142640 1.065760 0.126563
v -0.143484 1.056170 0.126637
v -0.143016 1.056278 0.130010
v -0.142201 1.065947 0.129941
v -0.141630 1.066143 0.133310
v -0.140492 1.075557 0.133141
v -0.142416 1.056410 0.133373
v -0.139075 1.084576 0.132876
v -0.143902 1.046432 0.126616
v -0.143926 1.036727 0.126508
v -0.143399 1.036514 0.129853
v -0.143406 1.046407 0.129973
v -0.143593 1.027233 0.126322
v -0.142935 1.018132 0.126067
v -0.142310 1.017366 0.129462
v -0.143024 1.026774 0.129675
v -0.142314 1.026445 0.133000
v -0.142733 1.036384 0.133185
v -0.141543 1.016791 0.132797
v -0.142775 1.046431 0.133321
v -0.140445 1.007597 0.132609
v -0.139102 0.998750 0.132433
v -0.140031 0.999949 0.129004
v -0.138620 0.991686 0.128765
v -0.139515 0.993683 0.124991
v -0.138133 0.986010 0.124581
v -0.137132 0.983550 0.128522
v -0.140824 1.001499 0.125386
v -0.137595 0.990133 0.132264
v -0.136007 0.981631 0.132099
v -0.141988 1.009601 0.125749
v -0.141287 1.008467 0.129237
v -0.138991 1.082037 0.095845
v -0.139376 1.082213 0.099221
v -0.142509 1.022687 0.097900
v -0.143066 1.025227 0.101067
v -0.143579 1.027674 0.104149
v -0.143840 1.036068 0.103178
v -0.143397 1.034407 0.099854
v -0.142921 1.032623 0.096508
v -0.144002 1.029935 0.107064
v -0.144217 1.037487 0.106459
v -0.144183 1.046099 0.106188
v -0.143848 1.045218 0.102764
v -0.143458 1.044149 0.099339
v -0.143040 1.042987 0.095914
v 0.129247 0.530669 -0.037597
v 0.143047 0.530693 -0.037134
v 0.142212 0.548146 -0.057716
v 0.129075 0.548336 -0.058125
v 0.127310 0.573934 -0.066091
v 0.141083 0.573722 -0.065328
v 0.124293 0.600231 -0.059083
v 0.139950 0.600141 -0.057806
v 0.120702 0.615945 -0.038374
v 0.139120 0.615716 -0.036962
v 0.117500 0.621592 -0.008963
v 0.138818 0.621254 -0.008364
v 0.143348 0.524767 -0.008406
v 0.127782 0.524302 -0.008793
v 0.168587 0.530793 -0.034662
v 0.167535 0.548036 -0.056963
v 0.166101 0.573477 -0.064771
v 0.164667 0.600001 -0.056513
v 0.163621 0.615362 -0.034932
v 0.163243 0.620769 -0.007327
v 0.176493 0.548337 -0.055848
v 0.176810 0.531121 -0.033563
v 0.176087 0.573728 -0.063690
v 0.175686 0.600103 -0.055456
v 0.175371 0.615316 -0.034069
v 0.175214 0.620541 -0.007178
v 0.168976 0.525252 -0.006964
v 0.176940 0.525503 -0.006384
v 0.139122 0.614781 0.019788
v 0.115678 0.615076 0.020221
v 0.115855 0.597271 0.040633
v 0.139950 0.597157 0.039662
v 0.117981 0.572949 0.048060
v 0.141080 0.573095 0.046990
v 0.121354 0.548626 0.040642
v 0.142206 0.549013 0.039917
v 0.124941 0.530819 0.020275
v 0.143046 0.531287 0.020011
v 0.163635 0.614271 0.018972
v 0.164691 0.596785 0.038475
v 0.166127 0.573017 0.045504
v 0.167557 0.549194 0.038791
v 0.168599 0.531634 0.019512
v 0.175271 0.613983 0.018532
v 0.175551 0.596530 0.037885
v 0.175995 0.572866 0.044901
v 0.176470 0.549157 0.038391
v 0.176822 0.531744 0.019434
v -0.024332 0.206027 -0.206043
v -0.016644 0.193613 -0.189793
v -0.010547 0.178282 -0.216680
v -0.015419 0.186332 -0.227010
v -0.035398 0.243652 -0.173241
v -0.024213 0.226627 -0.151551
v -0.031157 0.272581 -0.105118
v -0.045550 0.285050 -0.136206
v -0.010547 0.194214 -0.236581
v -0.016644 0.217623 -0.220217
v -0.000000 0.197221 -0.240229
v -0.000000 0.222120 -0.225713
v -0.000000 0.266199 -0.200820
v -0.024213 0.259789 -0.192882
v -0.031157 0.297201 -0.165086
v -0.000000 0.301971 -0.177245
v -0.000000 0.189116 -0.184297
v -0.000000 0.175276 -0.213032
v -0.000000 0.220278 -0.143871
v -0.000000 0.267812 -0.093749
v -0.000000 0.176705 -0.251447
v -0.006242 0.172004 -0.246369
v -0.000000 0.170390 -0.250574
v -0.000000 0.167135 -0.240532
v 0.006242 0.172004 -0.246369
v 0.010547 0.194214 -0.236581
v 0.010547 0.178282 -0.216680
v 0.016644 0.193613 -0.189793
v 0.024332 0.206027 -0.206043
v 0.015419 0.186332 -0.227010
v 0.016644 0.217623 -0.220217
v 0.024213 0.259789 -0.192882
v 0.035398 0.243652 -0.173241
v 0.045550 0.285050 -0.136206
v 0.031157 0.272581 -0.105118
v 0.024213 0.226627 -0.151551
v 0.031157 0.297201 -0.165086
v -0.286493 0.531281 0.028553
v -0.286493 0.546205 0.046734
v -0.276404 0.547029 0.045930
v -0.276404 0.532044 0.028086
v -0.276404 0.573259 0.050611
v -0.286493 0.572696 0.051263
v -0.276404 0.603281 0.029833
v -0.286493 0.602711 0.029797
v -0.276725 0.612703 -0.009455
v -0.286907 0.612164 -0.009217
v -0.276404 0.606103 -0.043167
v -0.286493 0.605623 -0.043374
v -0.286493 0.588754 -0.060074
v -0.276404 0.589486 -0.059492
v -0.286493 0.574877 -0.064028
v -0.276404 0.575507 -0.063468
v -0.321165 0.509580 0.036965
v -0.318837 0.512271 0.056958
v -0.317430 0.574142 -0.088531
v -0.317960 0.609981 -0.073359
v -0.320229 0.632435 -0.009420
v -0.320883 0.623365 0.037609
v -0.319303 0.608959 0.062171
v -0.301761 0.599228 0.051336
v -0.315694 0.582035 0.073381
v -0.300526 0.585732 0.058800
v -0.312415 0.563843 0.081976
v -0.312033 0.538306 0.084115
v -0.316334 0.519921 0.072664
v -0.359083 0.573214 0.089121
v -0.367073 0.588526 0.081342
v -0.339390 0.592479 0.077283
v -0.341331 0.614788 0.066947
v -0.370073 0.616461 0.071291
v -0.342523 0.631772 0.039184
v -0.372229 0.635483 0.040803
v -0.373414 0.642729 -0.009831
v -0.343179 0.640218 -0.009692
v -0.406170 0.640329 -0.009628
v -0.369386 0.633180 -0.059204
v -0.401567 0.631309 -0.059771
v -0.395755 0.615333 -0.085128
v -0.367353 0.616702 -0.083399
v -0.367252 0.579510 -0.097896
v -0.342481 0.576233 -0.094413
v -0.341374 0.615871 -0.078598
v -0.390466 0.587007 -0.095829
v -0.404462 0.634126 0.041627
v -0.419480 0.619906 -0.036688
v -0.411833 0.611657 -0.086836
v -0.415739 0.626926 -0.059466
v -0.408931 0.576464 -0.094097
v -0.417595 0.610620 -0.086208
v -0.416426 0.577595 -0.092574
v -0.444057 0.607823 -0.085284
v -0.444145 0.581941 -0.089974
v -0.425621 0.571220 -0.063926
v -0.440650 0.572366 -0.064345
v -0.432484 0.579429 -0.038061
v -0.444058 0.580582 -0.039702
v -0.424194 0.617478 -0.037243
v -0.444175 0.611498 -0.038839
v -0.440461 0.623254 -0.060954
v -0.453483 0.606479 -0.084313
v -0.453490 0.620632 -0.061317
v -0.453750 0.608652 -0.040313
v -0.422751 0.625225 -0.059763
v -0.472940 0.603927 -0.045094
v -0.473011 0.584299 -0.046022
v -0.453698 0.581567 -0.041409
v -0.477199 0.585157 -0.047100
v -0.485782 0.579802 -0.064100
v -0.468892 0.575811 -0.064270
v -0.472864 0.584763 -0.083609
v -0.477290 0.585262 -0.082076
v -0.472844 0.603477 -0.080525
v -0.453596 0.582862 -0.088443
v -0.477418 0.602649 -0.079140
v -0.477393 0.602789 -0.046664
v -0.484027 0.609649 -0.062465
v -0.472869 0.614422 -0.062037
v -0.498431 0.598205 -0.055025
v -0.506877 0.598149 -0.063662
v -0.500684 0.588979 -0.055406
v -0.509174 0.589016 -0.063758
v -0.453574 0.573735 -0.064349
v -0.498347 0.598093 -0.072299
v -0.500688 0.589052 -0.072237
v -0.286493 0.562262 -0.064603
v -0.286493 0.541454 -0.054701
v -0.276404 0.542065 -0.054416
v -0.276404 0.562799 -0.064063
v -0.276404 0.529123 -0.037133
v -0.286493 0.528536 -0.037384
v -0.317964 0.526558 -0.065533
v -0.320186 0.520726 -0.041124
v -0.317430 0.549350 -0.083979
v -0.322408 0.521480 -0.012620
v -0.286493 0.523357 -0.014318
v -0.321666 0.510929 0.011103
v -0.286493 0.525140 0.008435
v -0.276404 0.525288 0.007904
v -0.276404 0.523530 -0.014330
v -0.259126 0.525541 0.006995
v -0.259126 0.523826 -0.014351
v -0.259126 0.530129 -0.036703
v -0.259126 0.543110 -0.053930
v -0.344386 0.527076 -0.042798
v -0.343123 0.538825 -0.011322
v -0.372983 0.538853 -0.043003
v -0.345108 0.528792 -0.069141
v -0.373845 0.538342 -0.070887
v -0.370467 0.552938 -0.094034
v -0.343525 0.549602 -0.089954
v -0.399151 0.550960 -0.069482
v -0.395473 0.550893 -0.041529
v -0.396491 0.563331 -0.092415
v -0.419318 0.570648 -0.063842
v -0.423054 0.568912 -0.037381
v -0.426075 0.578203 -0.036516
v -0.425750 0.618448 -0.036697
v -0.433035 0.578277 -0.036539
v -0.456710 0.611720 -0.035600
v -0.456646 0.578679 -0.035478
v -0.433861 0.567921 -0.010922
v -0.446374 0.569316 -0.011095
v -0.435655 0.580515 0.018399
v -0.456537 0.580272 0.015773
v -0.427354 0.621489 0.018010
v -0.456566 0.614313 0.015262
v -0.449128 0.628788 -0.010461
v -0.462480 0.610316 -0.035148
v -0.462590 0.625629 -0.010496
v -0.462498 0.612739 0.014348
v -0.427681 0.631623 -0.009714
v -0.483990 0.606817 0.009879
v -0.483982 0.582946 0.009817
v -0.462345 0.580610 0.014752
v -0.489327 0.583595 0.008029
v -0.495493 0.578801 -0.011539
v -0.484120 0.575574 -0.011453
v -0.484081 0.581949 -0.030968
v -0.489457 0.582796 -0.029962
v -0.484027 0.605733 -0.031243
v -0.462436 0.579283 -0.035215
v -0.489561 0.604669 -0.029887
v -0.489315 0.605425 0.008236
v -0.495354 0.612248 -0.011154
v -0.484094 0.617800 -0.011131
v -0.507919 0.598643 0.000168
v -0.522292 0.598703 -0.011304
v -0.510247 0.588820 0.000421
v -0.524600 0.588861 -0.011125
v -0.462440 0.571400 -0.011100
v -0.507762 0.598764 -0.022897
v -0.510050 0.588902 -0.022460
v -0.241229 0.549902 0.043124
v -0.241228 0.575219 0.048338
v -0.200507 0.577848 0.043301
v -0.200507 0.551860 0.037624
v -0.200507 0.605457 0.026773
v -0.241229 0.605267 0.029958
v -0.201860 0.615303 -0.011128
v -0.241229 0.614583 -0.010284
v -0.190073 0.605136 0.024768
v -0.190073 0.578388 0.041160
v -0.190073 0.552294 0.036400
v -0.200507 0.536394 0.023292
v -0.190073 0.537383 0.021828
v -0.241229 0.534704 0.026455
v -0.202444 0.608033 -0.042073
v -0.190099 0.614852 -0.011297
v -0.190099 0.607538 -0.041907
v -0.203147 0.593726 -0.056063
v -0.190099 0.593903 -0.055628
v -0.203147 0.579228 -0.060156
v -0.190099 0.579517 -0.060082
v -0.178707 0.607919 -0.042254
v -0.179692 0.615919 -0.011384
v -0.177105 0.593788 -0.055757
v -0.177105 0.579659 -0.059827
v -0.241229 0.592039 -0.057464
v -0.241229 0.607776 -0.042446
v -0.241229 0.577703 -0.061516
v -0.107141 0.595244 -0.057331
v -0.111422 0.580675 -0.061436
v -0.101167 0.611475 -0.044752
v -0.099724 0.618283 -0.011818
v -0.179639 0.605418 0.027229
v -0.179639 0.578471 0.043217
v -0.109249 0.608312 0.027941
v -0.117685 0.578960 0.045170
v -0.179639 0.552210 0.038798
v -0.122921 0.549818 0.040353
v -0.179639 0.536430 0.022529
v -0.123875 0.536525 0.023687
v -0.081630 0.618078 -0.012033
v -0.086563 0.607707 0.027821
v -0.108621 0.536692 0.024226
v -0.102673 0.549551 0.039935
v -0.095097 0.578825 0.044681
v -0.190084 0.528826 0.003706
v -0.200788 0.527865 0.004154
v -0.241229 0.525804 0.006053
v -0.179290 0.528421 0.003550
v -0.123272 0.528202 0.002539
v -0.112920 0.528446 0.002318
v -0.074692 0.577824 0.042890
v -0.066433 0.606773 0.026391
v -0.084457 0.549622 0.038916
v -0.093663 0.537265 0.024711
v -0.103607 0.529111 0.002119
v -0.259126 0.533351 0.027285
v -0.259126 0.548440 0.044552
v -0.259126 0.574222 0.049495
v -0.259126 0.604256 0.029894
v -0.259289 0.613626 -0.009862
v -0.259126 0.606924 -0.042813
v -0.259126 0.590740 -0.058496
v -0.259126 0.576586 -0.062509
v -0.259126 0.563719 -0.063139
v -0.341818 0.632028 -0.055887
v -0.318379 0.625277 -0.051944
v -0.203147 0.566049 -0.060858
v -0.202536 0.546109 -0.052555
v -0.190099 0.546414 -0.052454
v -0.190099 0.566438 -0.061111
v -0.190099 0.533508 -0.034985
v -0.201487 0.533369 -0.035089
v -0.177607 0.546036 -0.052290
v -0.177105 0.566816 -0.060509
v -0.178302 0.533733 -0.034887
v -0.241229 0.564672 -0.062181
v -0.241229 0.544193 -0.053425
v -0.241229 0.531171 -0.036257
v -0.121578 0.533279 -0.035780
v -0.119631 0.545965 -0.051629
v -0.107868 0.545686 -0.051936
v -0.111568 0.533368 -0.035881
v -0.115313 0.567430 -0.062148
v -0.190099 0.527374 -0.014664
v -0.201151 0.526834 -0.014615
v -0.178851 0.527370 -0.015007
v -0.241229 0.524132 -0.014373
v -0.122606 0.527351 -0.016721
v -0.113163 0.527751 -0.016917
v -0.101144 0.567681 -0.062179
v -0.104667 0.528520 -0.017094
v -0.102562 0.533818 -0.035722
v -0.096295 0.545997 -0.051561
v -0.086760 0.568818 -0.061065
v -0.095776 0.581031 -0.061131
v -0.089871 0.595716 -0.056658
v -0.083860 0.611705 -0.044160
v -0.081011 0.580984 -0.060109
v -0.074230 0.595332 -0.055536
v -0.067497 0.611016 -0.043175
v -0.064121 0.617192 -0.011935
v -0.358392 0.549265 -0.007697
v -0.358714 0.547226 -0.005304
v -0.380331 0.551796 0.021656
v -0.399450 0.561156 0.020870
v -0.395372 0.559136 -0.010217
v -0.426791 0.567176 -0.010919
v -0.425211 0.569708 0.019677
v -0.379443 0.550036 0.022424
v -0.428547 0.580788 0.019118
v -0.423695 0.570244 0.049014
v -0.430299 0.572893 0.047243
v -0.415485 0.585391 0.075107
v -0.421988 0.585633 0.074532
v -0.415058 0.611305 0.070449
v -0.421274 0.610449 0.070104
v -0.417080 0.629611 0.043077
v -0.425279 0.627280 0.043450
v -0.435021 0.580951 0.018577
v -0.426615 0.620344 0.017856
v -0.421338 0.623224 0.018458
v -0.395266 0.574399 0.078555
v -0.401979 0.563277 0.054127
v -0.391588 0.568517 0.074812
v -0.380519 0.566469 0.076182
v -0.397375 0.588672 0.079446
v -0.363874 0.571835 0.091579
v -0.382808 0.565892 0.078245
v -0.353767 0.556248 0.109989
v -0.369571 0.554435 0.114896
v -0.367086 0.531997 0.116361
v -0.352015 0.532425 0.111282
v -0.336106 0.559492 0.100927
v -0.334405 0.535015 0.102218
v -0.355080 0.511943 0.095140
v -0.337833 0.513589 0.085136
v -0.379968 0.567204 0.099836
v -0.400699 0.614270 0.072555
v -0.373194 0.516561 0.104255
v -0.419697 0.634205 -0.009565
v -0.367059 0.512906 0.061601
v -0.360832 0.509268 0.079303
v -0.339999 0.508430 0.068001
v -0.342648 0.508962 0.046998
v -0.388705 0.517792 0.083576
v -0.380358 0.514636 0.093161
v -0.401330 0.536079 0.076719
v -0.390805 0.536715 0.053447
v -0.374941 0.538022 0.026322
v -0.363092 0.524720 0.019253
v -0.344677 0.515447 0.014158
v -0.406145 0.535668 0.082869
v -0.407400 0.554374 0.083495
v -0.431381 0.549130 0.119180
v -0.430070 0.533672 0.122435
v -0.428213 0.549447 0.123173
v -0.426695 0.534827 0.126439
v -0.398172 0.561596 0.092488
v -0.388892 0.517327 0.099141
v -0.395743 0.519424 0.090384
v -0.391796 0.563627 0.086343
v -0.402479 0.555190 0.077517
v -0.388036 0.564716 0.104626
v -0.379046 0.553348 0.117838
v -0.424919 0.549776 0.127326
v -0.423449 0.535938 0.130288
v -0.376654 0.531725 0.119586
v -0.382512 0.518937 0.108943
v -0.391821 0.557471 0.057279
v -0.391153 0.558796 0.056055
v -0.458166 0.607273 0.066784
v -0.458046 0.586731 0.069858
v -0.478874 0.587137 0.065097
v -0.478585 0.604244 0.063040
v -0.458006 0.622493 0.043973
v -0.451647 0.608086 0.067606
v -0.446621 0.624605 0.044027
v -0.458051 0.608768 0.020898
v -0.452354 0.610440 0.020398
v -0.478486 0.615860 0.044069
v -0.489205 0.610789 0.044365
v -0.483469 0.602627 0.026598
v -0.478722 0.603774 0.025309
v -0.457913 0.581873 0.020996
v -0.478738 0.584792 0.025488
v -0.483784 0.603358 0.061495
v -0.500828 0.598546 0.056303
v -0.515469 0.598634 0.045185
v -0.517823 0.589729 0.045290
v -0.503246 0.589767 0.056328
v -0.489177 0.579499 0.045458
v -0.473776 0.575443 0.045605
v -0.483670 0.585479 0.027076
v -0.483779 0.587491 0.063318
v -0.503259 0.589690 0.033961
v -0.500811 0.598723 0.033567
v -0.457976 0.574113 0.045729
v -0.451554 0.586497 0.070808
v -0.439995 0.572874 0.045898
v -0.452392 0.581200 0.020339
v 0.286493 0.531281 0.028553
v 0.276404 0.532044 0.028086
v 0.276404 0.547029 0.045930
v 0.286493 0.546204 0.046734
v 0.276404 0.573258 0.050611
v 0.286493 0.572696 0.051263
v 0.276404 0.603280 0.029833
v 0.286493 0.602711 0.029797
v 0.276725 0.612703 -0.009455
v 0.286907 0.612164 -0.009217
v 0.276404 0.606103 -0.043167
v 0.286494 0.605623 -0.043374
v 0.286494 0.588754 -0.060074
v 0.276404 0.589486 -0.059492
v 0.286494 0.574877 -0.064028
v 0.276404 0.575507 -0.063468
v 0.321165 0.509580 0.036965
v 0.318837 0.512271 0.056958
v 0.317430 0.574142 -0.088531
v 0.317960 0.609981 -0.073359
v 0.320229 0.632435 -0.009420
v 0.320883 0.623365 0.037609
v 0.319303 0.608959 0.062171
v 0.301761 0.599227 0.051336
v 0.315694 0.582035 0.073381
v 0.300526 0.585732 0.058799
v 0.312415 0.563844 0.081975
v 0.312033 0.538306 0.084115
v 0.316334 0.519921 0.072664
v 0.359083 0.573214 0.089121
v 0.367073 0.588526 0.081342
v 0.339390 0.592479 0.077283
v 0.341331 0.614788 0.066947
v 0.370073 0.616461 0.071291
v 0.342523 0.631772 0.039184
v 0.372229 0.635483 0.040803
v 0.373414 0.642729 -0.009831
v 0.343179 0.640218 -0.009693
v 0.406170 0.640328 -0.009628
v 0.369386 0.633180 -0.059204
v 0.401567 0.631309 -0.059771
v 0.395755 0.615333 -0.085128
v 0.367353 0.616702 -0.083399
v 0.367252 0.579510 -0.097896
v 0.342481 0.576233 -0.094413
v 0.341374 0.615871 -0.078598
v 0.390466 0.587007 -0.095829
v 0.404462 0.634126 0.041627
v 0.419480 0.619906 -0.036688
v 0.411833 0.611657 -0.086836
v 0.415739 0.626926 -0.059466
v 0.408931 0.576464 -0.094097
v 0.417595 0.610620 -0.086208
v 0.416426 0.577595 -0.092574
v 0.444057 0.607823 -0.085284
v 0.444145 0.581941 -0.089974
v 0.425621 0.571220 -0.063926
v 0.440650 0.572366 -0.064345
v 0.432484 0.579429 -0.038061
v 0.444058 0.580582 -0.039702
v 0.424194 0.617478 -0.037243
v 0.444175 0.611498 -0.038840
v 0.440461 0.623254 -0.060954
v 0.453483 0.606479 -0.084313
v 0.453490 0.620632 -0.061317
v 0.453750 0.608652 -0.040313
v 0.422751 0.625225 -0.059763
v 0.472940 0.603926 -0.045094
v 0.473011 0.584299 -0.046022
v 0.453698 0.581567 -0.041409
v 0.477199 0.585157 -0.047100
v 0.485782 0.579802 -0.064100
v 0.468892 0.575811 -0.064270
v 0.472864 0.584762 -0.083609
v 0.477291 0.585262 -0.082076
v 0.472844 0.603477 -0.080525
v 0.453596 0.582861 -0.088443
v 0.477418 0.602649 -0.079141
v 0.477393 0.602789 -0.046664
v 0.484027 0.609649 -0.062465
v 0.472869 0.614422 -0.062037
v 0.498431 0.598205 -0.055025
v 0.506877 0.598149 -0.063662
v 0.500684 0.588979 -0.055406
v 0.509174 0.589016 -0.063758
v 0.453574 0.573735 -0.064349
v 0.498347 0.598093 -0.072299
v 0.500688 0.589052 -0.072237
v 0.286494 0.562262 -0.064603
v 0.276404 0.562799 -0.064063
v 0.276404 0.542065 -0.054416
v 0.286493 0.541454 -0.054701
v 0.276404 0.529123 -0.037133
v 0.286493 0.528536 -0.037384
v 0.317964 0.526558 -0.065533
v 0.320186 0.520726 -0.041124
v 0.317430 0.549350 -0.083979
v 0.322408 0.521480 -0.012620
v 0.286493 0.523357 -0.014318
v 0.321666 0.510929 0.011103
v 0.286493 0.525140 0.008435
v 0.276404 0.525288 0.007904
v 0.276404 0.523530 -0.014330
v 0.259126 0.525541 0.006995
v 0.259126 0.523825 -0.014351
v 0.259126 0.530129 -0.036703
v 0.259126 0.543110 -0.053930
v 0.344386 0.527076 -0.042798
v 0.343123 0.538825 -0.011323
v 0.372983 0.538853 -0.043003
v 0.345108 0.528792 -0.069141
v 0.373845 0.538342 -0.070888
v 0.370467 0.552938 -0.094034
v 0.343525 0.549602 -0.089954
v 0.399151 0.550960 -0.069482
v 0.395473 0.550893 -0.041529
v 0.396491 0.563331 -0.092415
v 0.419318 0.570648 -0.063843
v 0.423054 0.568912 -0.037381
v 0.426075 0.578203 -0.036516
v 0.425750 0.618448 -0.036697
v 0.433035 0.578277 -0.036539
v 0.456710 0.611720 -0.035600
v 0.456646 0.578679 -0.035478
v 0.433861 0.567921 -0.010922
v 0.446374 0.569317 -0.011095
v 0.435655 0.580515 0.018399
v 0.456537 0.580272 0.015773
v 0.427354 0.621489 0.018010
v 0.456566 0.614313 0.015262
v 0.449128 0.628788 -0.010461
v 0.462480 0.610316 -0.035148
v 0.462590 0.625629 -0.010496
v 0.462498 0.612739 0.014348
v 0.427681 0.631623 -0.009714
v 0.483990 0.606817 0.009879
v 0.483982 0.582946 0.009817
v 0.462345 0.580610 0.014752
v 0.489327 0.583595 0.008029
v 0.495493 0.578801 -0.011539
v 0.484120 0.575574 -0.011454
v 0.484081 0.581949 -0.030968
v 0.489457 0.582796 -0.029962
v 0.484027 0.605733 -0.031243
v 0.462436 0.579283 -0.035215
v 0.489561 0.604669 -0.029887
v 0.489315 0.605425 0.008236
v 0.495354 0.612248 -0.011155
v 0.484094 0.617800 -0.011131
v 0.507919 0.598643 0.000168
v 0.522292 0.598703 -0.011304
v 0.510247 0.588820 0.000421
v 0.524600 0.588861 -0.011125
v 0.462440 0.571400 -0.011100
v 0.507762 0.598764 -0.022897
v 0.510050 0.588902 -0.022460
v 0.241229 0.549902 0.043124
v 0.200507 0.551860 0.037624
v 0.200507 0.577848 0.043301
v 0.241229 0.575219 0.048338
v 0.200507 0.605457 0.026773
v 0.241229 0.605267 0.029958
v 0.201860 0.615303 -0.011128
v 0.241229 0.614583 -0.010284
v 0.190073 0.605136 0.024768
v 0.190073 0.578388 0.041160
v 0.190073 0.552294 0.036400
v 0.200507 0.536394 0.023292
v 0.190073 0.537383 0.021828
v 0.241229 0.534704 0.026455
v 0.202444 0.608033 -0.042073
v 0.190099 0.614852 -0.011297
v 0.190099 0.607538 -0.041907
v 0.203147 0.593726 -0.056063
v 0.190099 0.593903 -0.055628
v 0.203147 0.579228 -0.060156
v 0.190099 0.579517 -0.060082
v 0.178707 0.607919 -0.042254
v 0.179692 0.615919 -0.011384
v 0.177105 0.593788 -0.055757
v 0.177105 0.579659 -0.059827
v 0.241229 0.592039 -0.057464
v 0.241229 0.607776 -0.042446
v 0.241229 0.577703 -0.061516
v 0.107141 0.595244 -0.057331
v 0.111422 0.580675 -0.061436
v 0.101167 0.611475 -0.044752
v 0.099724 0.618283 -0.011818
v 0.179639 0.605418 0.027228
v 0.179639 0.578471 0.043217
v 0.109249 0.608312 0.027941
v 0.117685 0.578960 0.045170
v 0.179639 0.552210 0.038798
v 0.122921 0.549818 0.040353
v 0.179639 0.536430 0.022529
v 0.123875 0.536525 0.023687
v 0.081630 0.618078 -0.012033
v 0.086563 0.607707 0.027821
v 0.108621 0.536692 0.024226
v 0.102673 0.549551 0.039935
v 0.095097 0.578825 0.044681
v 0.190084 0.528826 0.003706
v 0.200788 0.527865 0.004154
v 0.241229 0.525804 0.006053
v 0.179290 0.528421 0.003550
v 0.123272 0.528202 0.002539
v 0.112920 0.528446 0.002318
v 0.074692 0.577824 0.042890
v 0.066433 0.606773 0.026391
v 0.084457 0.549622 0.038915
v 0.093663 0.537265 0.024711
v 0.103607 0.529111 0.002119
v 0.259126 0.533351 0.027285
v 0.259126 0.548440 0.044552
v 0.259126 0.574222 0.049495
v 0.259126 0.604256 0.029894
v 0.259289 0.613626 -0.009862
v 0.259126 0.606924 -0.042813
v 0.259126 0.590740 -0.058496
v 0.259126 0.576586 -0.062509
v 0.259126 0.563719 -0.063139
v 0.341818 0.632028 -0.055887
v 0.318379 0.625276 -0.051944
v 0.203147 0.566049 -0.060858
v 0.190099 0.566438 -0.061111
v 0.190099 0.546414 -0.052455
v 0.202536 0.546109 -0.052555
v 0.190099 0.533508 -0.034985
v 0.201487 0.533369 -0.035089
v 0.177607 0.546036 -0.052290
v 0.177105 0.566816 -0.060509
v 0.178302 0.533733 -0.034887
v 0.241229 0.564671 -0.062181
v 0.241229 0.544193 -0.053425
v 0.241229 0.531171 -0.036257
v 0.121578 0.533279 -0.035780
v 0.119631 0.545965 -0.051629
v 0.107868 0.545686 -0.051936
v 0.111568 0.533368 -0.035881
v 0.115313 0.567430 -0.062148
v 0.190099 0.527374 -0.014664
v 0.201151 0.526834 -0.014615
v 0.178851 0.527370 -0.015007
v 0.241229 0.524132 -0.014373
v 0.122606 0.527351 -0.016721
v 0.113163 0.527751 -0.016918
v 0.101144 0.567681 -0.062179
v 0.104667 0.528520 -0.017094
v 0.102562 0.533818 -0.035722
v 0.096295 0.545997 -0.051561
v 0.086760 0.568818 -0.061065
v 0.095776 0.581031 -0.061131
v 0.089871 0.595716 -0.056658
v 0.083860 0.611705 -0.044160
v 0.081011 0.580984 -0.060109
v 0.074230 0.595332 -0.055536
v 0.067497 0.611016 -0.043175
v 0.064121 0.617192 -0.011935
v 0.358392 0.549265 -0.007697
v 0.358714 0.547226 -0.005304
v 0.380331 0.551796 0.021656
v 0.399450 0.561156 0.020870
v 0.395372 0.559136 -0.010218
v 0.426791 0.567176 -0.010920
v 0.425211 0.569708 0.019677
v 0.379443 0.550036 0.022424
v 0.428547 0.580788 0.019118
v 0.423695 0.570244 0.049014
v 0.430299 0.572893 0.047243
v 0.415485 0.585391 0.075107
v 0.421988 0.585633 0.074532
v 0.415058 0.611305 0.070449
v 0.421274 0.610449 0.070104
v 0.417080 0.629611 0.043077
v 0.425279 0.627280 0.043450
v 0.435021 0.580950 0.018577
v 0.426615 0.620344 0.017856
v 0.421338 0.623224 0.018458
v 0.395266 0.574399 0.078555
v 0.401979 0.563277 0.054127
v 0.391588 0.568517 0.074812
v 0.380519 0.566469 0.076181
v 0.397375 0.588672 0.079446
v 0.363874 0.571835 0.091579
v 0.382808 0.565892 0.078244
v 0.353767 0.556248 0.109989
v 0.369571 0.554435 0.114896
v 0.367086 0.531997 0.116361
v 0.352015 0.532426 0.111282
v 0.336106 0.559492 0.100927
v 0.334405 0.535016 0.102218
v 0.355080 0.511944 0.095140
v 0.337833 0.513589 0.085135
v 0.379968 0.567204 0.099836
v 0.400699 0.614270 0.072555
v 0.373195 0.516561 0.104255
v 0.419697 0.634205 -0.009565
v 0.367059 0.512906 0.061601
v 0.342648 0.508962 0.046998
v 0.339999 0.508430 0.068000
v 0.360832 0.509268 0.079303
v 0.388705 0.517792 0.083575
v 0.380358 0.514636 0.093161
v 0.401330 0.536079 0.076719
v 0.390805 0.536715 0.053447
v 0.374941 0.538022 0.026322
v 0.363092 0.524720 0.019253
v 0.344677 0.515447 0.014158
v 0.406145 0.535668 0.082869
v 0.407400 0.554374 0.083495
v 0.431381 0.549130 0.119180
v 0.430070 0.533672 0.122435
v 0.428214 0.549447 0.123173
v 0.426695 0.534827 0.126439
v 0.398172 0.561596 0.092488
v 0.388892 0.517327 0.099141
v 0.395743 0.519424 0.090384
v 0.391796 0.563628 0.086343
v 0.402479 0.555191 0.077517
v 0.388036 0.564716 0.104626
v 0.379046 0.553348 0.117838
v 0.424919 0.549776 0.127325
v 0.423449 0.535938 0.130288
v 0.376654 0.531726 0.119586
v 0.382512 0.518937 0.108943
v 0.391821 0.557471 0.057279
v 0.391153 0.558796 0.056055
v 0.458166 0.607273 0.066784
v 0.478585 0.604244 0.063040
v 0.478874 0.587137 0.065097
v 0.458046 0.586731 0.069858
v 0.458006 0.622493 0.043973
v 0.451647 0.608086 0.067605
v 0.446621 0.624605 0.044027
v 0.458050 0.608768 0.020898
v 0.452354 0.610440 0.020398
v 0.478486 0.615860 0.044069
v 0.489205 0.610789 0.044365
v 0.483469 0.602627 0.026598
v 0.478722 0.603774 0.025309
v 0.457913 0.581873 0.020996
v 0.478738 0.584792 0.025488
v 0.483784 0.603358 0.061495
v 0.500828 0.598546 0.056303
v 0.515469 0.598634 0.045185
v 0.517823 0.589729 0.045289
v 0.503246 0.589767 0.056328
v 0.489177 0.579499 0.045458
v 0.483670 0.585479 0.027076
v 0.473776 0.575443 0.045605
v 0.483779 0.587491 0.063318
v 0.503259 0.589690 0.033960
v 0.500812 0.598723 0.033567
v 0.457976 0.574113 0.045729
v 0.451553 0.586497 0.070808
v 0.439995 0.572874 0.045897
v 0.452392 0.581200 0.020339
v -0.160090 0.165688 -0.107884
v -0.128442 0.164192 -0.129903
v -0.128634 0.199151 -0.130086
v -0.159703 0.201861 -0.107776
v -0.092062 0.199151 -0.130086
v -0.091535 0.164192 -0.129903
v -0.062825 0.201861 -0.107776
v -0.062099 0.165688 -0.107884
v -0.052790 0.205656 -0.067486
v -0.052224 0.168779 -0.067918
v -0.172179 0.168779 -0.067918
v -0.171570 0.205656 -0.067485
v -0.160090 0.171348 -0.031542
v -0.159703 0.211077 -0.027539
v -0.128441 0.172839 -0.011034
v -0.128633 0.214329 -0.008217
v -0.091534 0.172839 -0.011034
v -0.092062 0.214329 -0.008217
v -0.062099 0.171348 -0.031542
v -0.062825 0.211077 -0.027540
v -0.092890 0.229968 -0.007459
v -0.064743 0.232514 -0.027455
v -0.092462 0.244545 -0.007137
v -0.062957 0.242433 -0.027773
v -0.056980 0.239866 -0.067749
v -0.056282 0.234164 -0.067705
v -0.128505 0.244545 -0.007137
v -0.128078 0.229968 -0.007459
v -0.158943 0.242433 -0.027773
v -0.157904 0.232514 -0.027455
v -0.166505 0.239866 -0.067749
v -0.167349 0.234164 -0.067705
v -0.063783 0.254064 -0.027935
v -0.056427 0.247043 -0.068204
v -0.092523 0.258322 -0.007683
v -0.128444 0.258322 -0.007683
v -0.157766 0.254064 -0.027934
v -0.166553 0.247910 -0.068229
v -0.157066 0.232699 -0.104120
v -0.157538 0.241606 -0.101417
v -0.166795 0.288134 -0.070629
v -0.157526 0.291994 -0.105283
v -0.156817 0.251283 -0.102276
v -0.127276 0.293796 -0.125876
v -0.127185 0.255969 -0.121681
v -0.092046 0.292056 -0.125876
v -0.093783 0.255969 -0.121682
v -0.127015 0.244145 -0.118608
v -0.093954 0.244145 -0.118608
v -0.064637 0.251283 -0.102277
v -0.065899 0.241606 -0.101418
v -0.065582 0.232699 -0.104121
v -0.062558 0.288991 -0.105284
v -0.053661 0.282927 -0.070478
v -0.126844 0.229069 -0.126635
v -0.094125 0.229069 -0.126635
v -0.056794 0.317605 -0.070540
v -0.066692 0.321348 -0.105428
v -0.062244 0.347811 -0.069284
v -0.068632 0.348577 -0.097821
v -0.093225 0.328330 -0.125831
v -0.091040 0.359090 -0.114488
v -0.126316 0.332615 -0.125831
v -0.118308 0.371178 -0.115731
v -0.152419 0.332918 -0.105427
v -0.140477 0.379800 -0.100400
v -0.161285 0.331599 -0.073312
v -0.148816 0.384434 -0.073483
v -0.152137 0.325211 -0.033813
v -0.142138 0.381890 -0.046842
v -0.125882 0.318318 -0.013823
v -0.120994 0.374817 -0.029460
v -0.092790 0.314032 -0.013823
v -0.093727 0.362728 -0.028216
v -0.066410 0.313641 -0.033813
v -0.070293 0.350667 -0.042028
v -0.157985 0.281804 -0.028891
v -0.127952 0.277051 -0.008732
v -0.091369 0.275311 -0.008732
v -0.062908 0.277669 -0.028892
v -0.158020 0.137300 -0.036304
v -0.169623 0.132626 -0.069662
v -0.158021 0.127076 -0.107693
v -0.127644 0.124389 -0.126176
v -0.092332 0.124389 -0.126176
v -0.064192 0.127076 -0.107694
v -0.054825 0.132626 -0.069662
v -0.127643 0.143138 -0.015942
v -0.092332 0.143138 -0.015942
v -0.064192 0.137300 -0.036304
v -0.152552 -0.000000 0.112983
v -0.130770 -0.000000 0.121418
v -0.093210 -0.000000 0.121418
v -0.071019 -0.000000 0.112983
v -0.042392 -0.000085 0.083059
v -0.180612 -0.000085 0.083059
v -0.029584 -0.000085 0.042284
v -0.193166 -0.000085 0.042284
v -0.034272 0.005319 -0.004626
v -0.188571 0.005319 -0.004626
v -0.043322 0.013827 -0.042989
v -0.179700 0.013827 -0.042989
v -0.205544 0.005319 -0.004626
v -0.194702 0.013827 -0.042989
v -0.211160 -0.000085 0.042284
v -0.195816 -0.000085 0.083059
v -0.161520 -0.000000 0.112983
v -0.028570 -0.000085 0.083059
v -0.062866 -0.000000 0.112983
v -0.013226 -0.000085 0.042284
v -0.018842 0.005319 -0.004626
v -0.029684 0.013827 -0.042989
v -0.130940 -0.000000 0.124581
v -0.093445 -0.000000 0.124581
v -0.188999 0.025952 -0.118452
v -0.160811 0.026631 -0.148898
v -0.166924 0.047694 -0.160146
v -0.200809 0.046429 -0.124364
v -0.132505 0.048137 -0.175222
v -0.131267 0.026631 -0.163523
v -0.198341 0.025273 -0.078599
v -0.211625 0.044925 -0.079179
v -0.196534 0.024935 -0.060914
v -0.209041 0.044694 -0.059563
v -0.170500 0.081461 -0.164707
v -0.205575 0.080161 -0.127274
v -0.133315 0.081852 -0.178295
v -0.217397 0.077941 -0.080092
v -0.214304 0.077321 -0.056872
v -0.164722 0.112300 -0.159473
v -0.194878 0.112635 -0.122517
v -0.130951 0.112300 -0.170092
v -0.205900 0.111798 -0.080764
v -0.202824 0.110961 -0.054921
v -0.155320 0.134073 -0.149970
v -0.180162 0.131971 -0.115951
v -0.126319 0.135210 -0.158239
v -0.189703 0.130942 -0.080669
v -0.149954 0.148409 -0.139879
v -0.182109 0.148409 -0.109800
v -0.193021 0.148409 -0.080987
v -0.123598 0.148409 -0.145568
v -0.212454 0.076950 -0.046262
v -0.200493 0.110327 -0.037877
v -0.183379 0.132428 -0.032095
v -0.186178 0.131770 -0.054097
v -0.183039 0.148409 -0.030513
v -0.189459 0.148409 -0.053196
v -0.158340 0.149622 -0.010012
v -0.167277 0.134073 0.004815
v -0.132061 0.144085 0.018233
v -0.129557 0.150060 0.004187
v -0.133574 0.158958 0.041426
v -0.173063 0.144132 0.030045
v -0.196954 0.109364 -0.017107
v -0.205315 0.113162 0.012302
v -0.210471 0.076553 -0.034890
v -0.217172 0.080063 0.001081
v -0.206269 0.044446 -0.042151
v -0.214180 0.045508 -0.003668
v -0.194702 0.024593 -0.042989
v -0.205544 0.023235 -0.004626
v -0.218072 0.045748 0.044103
v -0.211160 0.023235 0.042284
v -0.221922 0.082236 0.047027
v -0.209291 0.116460 0.050488
v -0.201493 0.045943 0.094350
v -0.195816 0.023235 0.083059
v -0.161520 0.023235 0.112983
v -0.163740 0.045943 0.126409
v -0.131033 0.023235 0.124673
v -0.130781 0.045764 0.138883
v -0.166812 0.085123 0.133722
v -0.130531 0.085123 0.145272
v -0.206215 0.084719 0.098931
v -0.162647 0.120636 0.125247
v -0.129634 0.120800 0.135483
v -0.195011 0.121228 0.093835
v -0.156215 0.149616 0.106230
v -0.128709 0.152659 0.111088
v -0.173932 0.149166 0.069172
v -0.134124 0.164090 0.078384
v -0.095677 0.152659 0.111088
v -0.094752 0.120800 0.135482
v -0.093854 0.085123 0.145272
v -0.093605 0.045764 0.138883
v -0.093353 0.023235 0.124673
v -0.062866 0.023235 0.112983
v -0.060646 0.045943 0.126409
v -0.028570 0.023235 0.083059
v -0.022892 0.045943 0.094350
v -0.057574 0.085123 0.133722
v -0.018170 0.084719 0.098931
v -0.061739 0.120636 0.125247
v -0.029375 0.121228 0.093835
v -0.068171 0.149616 0.106230
v -0.006313 0.045748 0.044103
v -0.013226 0.023235 0.042284
v -0.010206 0.045508 -0.003668
v -0.018842 0.023235 -0.004626
v -0.018116 0.044446 -0.042151
v -0.029684 0.024593 -0.042989
v -0.028699 0.024777 -0.052620
v -0.016738 0.044569 -0.050811
v -0.013914 0.076553 -0.034890
v -0.011896 0.076958 -0.046466
v -0.027431 0.109364 -0.017107
v -0.023626 0.110400 -0.039801
v -0.040571 0.132326 -0.035390
v -0.057109 0.134073 0.004815
v -0.066046 0.149622 -0.010012
v -0.041347 0.148409 -0.030513
v -0.007213 0.080063 0.001081
v -0.019070 0.113162 0.012302
v -0.002464 0.082236 0.047027
v -0.015095 0.116460 0.050488
v -0.050454 0.149166 0.069172
v -0.090262 0.164090 0.078384
v -0.051323 0.144132 0.030045
v -0.090812 0.158958 0.041426
v -0.092325 0.144085 0.018233
v -0.094829 0.150060 0.004187
v -0.063575 0.026631 -0.148898
v -0.035387 0.025952 -0.118452
v -0.023577 0.046429 -0.124364
v -0.057462 0.047694 -0.160145
v -0.012761 0.044925 -0.079179
v -0.026044 0.025273 -0.078599
v -0.018811 0.080161 -0.127274
v -0.053886 0.081461 -0.164707
v -0.006989 0.077941 -0.080092
v -0.029507 0.112635 -0.122517
v -0.059664 0.112300 -0.159473
v -0.018485 0.111798 -0.080764
v -0.044223 0.131971 -0.115951
v -0.069066 0.134073 -0.149970
v -0.034683 0.130942 -0.080669
v -0.074432 0.148409 -0.139879
v -0.098067 0.135210 -0.158239
v -0.100788 0.148409 -0.145568
v -0.042277 0.148409 -0.109800
v -0.031365 0.148409 -0.080987
v -0.034585 0.148409 -0.054536
v -0.037892 0.131696 -0.055998
v -0.093435 0.112300 -0.170092
v -0.091070 0.081852 -0.178295
v -0.091881 0.048137 -0.175222
v -0.093119 0.026631 -0.163523
v -0.021408 0.111003 -0.055914
v -0.010028 0.077332 -0.057183
v -0.015311 0.044697 -0.059771
v -0.027777 0.024949 -0.061642
v -0.098317 0.202698 -0.003659
v -0.112193 0.105204 -0.075791
v -0.071022 0.202698 -0.014358
v -0.058907 0.194844 0.003031
v -0.036387 0.194844 -0.020004
v -0.030670 0.177485 -0.015757
v -0.055761 0.177580 0.008562
v -0.032880 0.159410 -0.017938
v -0.056977 0.160571 0.007004
v -0.095254 0.161039 0.021482
v -0.095498 0.177580 0.023131
v -0.096044 0.194844 0.017005
v -0.053306 0.202698 -0.032866
v -0.129132 0.161039 0.021482
v -0.167409 0.160571 0.007004
v -0.191506 0.159410 -0.017937
v -0.201350 0.159410 -0.048514
v -0.193716 0.177485 -0.015757
v -0.168625 0.177580 0.008562
v -0.203581 0.177485 -0.046753
v -0.187999 0.194844 -0.020004
v -0.165478 0.194844 0.003031
v -0.197331 0.194844 -0.048240
v -0.171080 0.202698 -0.032866
v -0.153363 0.202698 -0.014358
v -0.176322 0.202698 -0.053351
v -0.128888 0.177580 0.023131
v -0.128341 0.194844 0.017005
v -0.126069 0.202698 -0.003659
v -0.201131 0.194844 -0.079768
v -0.207618 0.177485 -0.079768
v -0.189506 0.194844 -0.118913
v -0.194767 0.177485 -0.122648
v -0.205111 0.159410 -0.079964
v -0.192734 0.159410 -0.121256
v -0.158136 0.159410 -0.150471
v -0.124446 0.159410 -0.159822
v -0.158980 0.177485 -0.153287
v -0.124614 0.177485 -0.162664
v -0.156796 0.194844 -0.146414
v -0.169926 0.202698 -0.109215
v -0.179490 0.202698 -0.079506
v -0.147918 0.202698 -0.127502
v -0.123139 0.202698 -0.134824
v -0.101247 0.202698 -0.134824
v -0.123865 0.194844 -0.154383
v -0.100521 0.194844 -0.154383
v -0.067590 0.194844 -0.146414
v -0.065406 0.177485 -0.153287
v -0.034880 0.194844 -0.118913
v -0.029619 0.177485 -0.122648
v -0.066250 0.159410 -0.150471
v -0.031652 0.159410 -0.121256
v -0.019275 0.159410 -0.079964
v -0.022428 0.159410 -0.051212
v -0.020076 0.177485 -0.050026
v -0.016767 0.177485 -0.079768
v -0.026473 0.194844 -0.050806
v -0.023255 0.194844 -0.079768
v -0.047607 0.202698 -0.055137
v -0.044895 0.202698 -0.079506
v -0.051791 0.202739 -0.108242
v -0.076468 0.202698 -0.127502
v -0.099771 0.177485 -0.162664
v -0.099940 0.159410 -0.159822
v -0.029472 0.012294 -0.047417
v -0.029348 0.006114 -0.049573
v -0.029684 -0.000085 -0.047700
v -0.027907 0.006173 -0.062221
v -0.027864 0.012432 -0.062028
v -0.026044 0.006254 -0.078599
v -0.026044 0.012594 -0.078599
v -0.035387 0.006424 -0.118452
v -0.035387 0.012933 -0.118452
v -0.063575 0.006363 -0.148898
v -0.063575 0.013296 -0.148898
v -0.093119 0.006514 -0.163523
v -0.093119 0.013316 -0.163523
v -0.131267 0.006514 -0.163523
v -0.131267 0.013316 -0.163523
v -0.160811 0.013296 -0.148898
v -0.160811 0.006363 -0.148898
v -0.188999 0.006424 -0.118452
v -0.188999 0.012933 -0.118452
v -0.198341 0.006254 -0.078599
v -0.198341 0.012594 -0.078599
v -0.196460 0.006170 -0.062039
v -0.196485 0.012425 -0.061664
v -0.194959 0.006109 -0.048876
v -0.194895 0.012290 -0.047229
v -0.194702 -0.000085 -0.047700
v -0.195577 0.024757 -0.051549
v -0.175034 -0.000085 -0.118452
v -0.048082 -0.000085 -0.118452
v -0.071611 0.000000 -0.148898
v -0.151971 0.000000 -0.148898
v -0.182678 -0.000085 -0.078599
v -0.040284 -0.000085 -0.078599
v -0.181118 -0.000085 -0.062414
v -0.041875 -0.000085 -0.062414
v -0.179700 -0.000085 -0.047700
v -0.043322 -0.000085 -0.047700
v -0.188999 -0.000085 -0.118452
v -0.160811 0.000000 -0.148898
v -0.198341 -0.000085 -0.078599
v -0.196435 -0.000085 -0.062414
v -0.027951 -0.000085 -0.062414
v -0.026044 -0.000085 -0.078599
v -0.035387 -0.000085 -0.118452
v -0.063575 0.000000 -0.148898
v -0.093119 0.000000 -0.163523
v -0.095369 0.000000 -0.159535
v -0.131267 0.000000 -0.163523
v -0.128789 0.000000 -0.159535
v -0.207655 0.044570 -0.050852
v 0.152552 -0.000000 0.112983
v 0.071019 -0.000000 0.112983
v 0.093210 -0.000000 0.121418
v 0.130770 -0.000000 0.121418
v 0.042392 -0.000085 0.083059
v 0.180612 -0.000085 0.083059
v 0.029584 -0.000085 0.042284
v 0.193166 -0.000085 0.042284
v 0.034272 0.005319 -0.004626
v 0.188571 0.005319 -0.004626
v 0.043322 0.013827 -0.042989
v 0.179700 0.013827 -0.042989
v 0.205544 0.005319 -0.004626
v 0.194702 0.013827 -0.042989
v 0.211160 -0.000085 0.042284
v 0.195816 -0.000085 0.083059
v 0.161520 -0.000000 0.112983
v 0.028570 -0.000085 0.083059
v 0.062866 -0.000000 0.112983
v 0.013226 -0.000085 0.042284
v 0.018842 0.005319 -0.004626
v 0.029684 0.013827 -0.042989
v 0.093445 -0.000000 0.124581
v 0.130940 -0.000000 0.124581
v 0.188999 0.025952 -0.118452
v 0.200809 0.046429 -0.124364
v 0.166924 0.047694 -0.160146
v 0.160811 0.026631 -0.148898
v 0.132504 0.048137 -0.175222
v 0.131267 0.026631 -0.163524
v 0.198341 0.025273 -0.078599
v 0.211625 0.044925 -0.079179
v 0.196534 0.024935 -0.060914
v 0.209041 0.044694 -0.059563
v 0.170499 0.081461 -0.164707
v 0.205575 0.080161 -0.127274
v 0.133315 0.081852 -0.178295
v 0.217397 0.077941 -0.080092
v 0.214304 0.077321 -0.056872
v 0.164722 0.112300 -0.159473
v 0.194878 0.112635 -0.122517
v 0.130951 0.112300 -0.170092
v 0.205900 0.111798 -0.080764
v 0.202824 0.110961 -0.054922
v 0.155320 0.134073 -0.149970
v 0.180162 0.131971 -0.115951
v 0.126319 0.135210 -0.158239
v 0.189703 0.130942 -0.080669
v 0.149954 0.148409 -0.139879
v 0.182109 0.148409 -0.109800
v 0.193021 0.148409 -0.080987
v 0.123598 0.148409 -0.145568
v 0.212454 0.076951 -0.046262
v 0.200493 0.110327 -0.037877
v 0.183379 0.132428 -0.032095
v 0.186178 0.131770 -0.054097
v 0.183039 0.148409 -0.030513
v 0.189459 0.148409 -0.053196
v 0.158340 0.149622 -0.010012
v 0.167277 0.134073 0.004815
v 0.132061 0.144085 0.018233
v 0.129557 0.150060 0.004187
v 0.133574 0.158959 0.041426
v 0.173063 0.144132 0.030045
v 0.196954 0.109364 -0.017107
v 0.205315 0.113162 0.012302
v 0.210471 0.076553 -0.034890
v 0.217172 0.080063 0.001081
v 0.206269 0.044446 -0.042151
v 0.214180 0.045508 -0.003668
v 0.194702 0.024593 -0.042989
v 0.205544 0.023235 -0.004626
v 0.218072 0.045748 0.044103
v 0.211160 0.023235 0.042284
v 0.221922 0.082236 0.047027
v 0.209291 0.116460 0.050488
v 0.201493 0.045943 0.094350
v 0.195816 0.023235 0.083059
v 0.161520 0.023235 0.112983
v 0.163740 0.045943 0.126409
v 0.131033 0.023235 0.124673
v 0.130781 0.045764 0.138883
v 0.166812 0.085123 0.133722
v 0.130532 0.085123 0.145272
v 0.206215 0.084719 0.098931
v 0.162647 0.120636 0.125247
v 0.129634 0.120800 0.135482
v 0.195011 0.121228 0.093835
v 0.156215 0.149616 0.106230
v 0.128709 0.152659 0.111088
v 0.173932 0.149166 0.069172
v 0.134124 0.164090 0.078384
v 0.095677 0.152659 0.111088
v 0.094752 0.120800 0.135482
v 0.093854 0.085123 0.145272
v 0.093605 0.045764 0.138883
v 0.093353 0.023235 0.124673
v 0.062866 0.023235 0.112983
v 0.060646 0.045943 0.126409
v 0.028570 0.023235 0.083059
v 0.022892 0.045943 0.094350
v 0.057574 0.085123 0.133722
v 0.018170 0.084719 0.098931
v 0.061739 0.120636 0.125247
v 0.029375 0.121228 0.093835
v 0.068171 0.149616 0.106230
v 0.006313 0.045748 0.044103
v 0.013226 0.023235 0.042284
v 0.010206 0.045508 -0.003668
v 0.018842 0.023235 -0.004626
v 0.018116 0.044446 -0.042151
v 0.029684 0.024593 -0.042989
v 0.028699 0.024777 -0.052620
v 0.016738 0.044569 -0.050811
v 0.013914 0.076553 -0.034890
v 0.011896 0.076958 -0.046466
v 0.027431 0.109364 -0.017107
v 0.023626 0.110400 -0.039801
v 0.040571 0.132326 -0.035390
v 0.057109 0.134073 0.004815
v 0.066046 0.149622 -0.010012
v 0.041347 0.148409 -0.030513
v 0.007213 0.080063 0.001081
v 0.019070 0.113162 0.012302
v 0.002464 0.082236 0.047027
v 0.015095 0.116460 0.050488
v 0.050454 0.149166 0.069172
v 0.090262 0.164090 0.078384
v 0.051323 0.144132 0.030045
v 0.090812 0.158959 0.041426
v 0.092325 0.144085 0.018233
v 0.094829 0.150060 0.004187
v 0.063575 0.026631 -0.148898
v 0.057461 0.047694 -0.160146
v 0.023577 0.046429 -0.124364
v 0.035387 0.025952 -0.118452
v 0.012761 0.044925 -0.079179
v 0.026044 0.025273 -0.078599
v 0.018811 0.080161 -0.127275
v 0.053886 0.081461 -0.164707
v 0.006989 0.077941 -0.080092
v 0.029507 0.112635 -0.122517
v 0.059664 0.112300 -0.159473
v 0.018485 0.111798 -0.080764
v 0.044223 0.131971 -0.115951
v 0.069066 0.134073 -0.149970
v 0.034683 0.130942 -0.080669
v 0.074432 0.148409 -0.139879
v 0.098067 0.135210 -0.158239
v 0.100788 0.148409 -0.145568
v 0.042277 0.148409 -0.109800
v 0.031365 0.148409 -0.080987
v 0.034585 0.148409 -0.054536
v 0.037892 0.131696 -0.055998
v 0.093435 0.112300 -0.170092
v 0.091070 0.081852 -0.178295
v 0.021408 0.111003 -0.055914
v 0.010028 0.077332 -0.057183
v 0.015311 0.044697 -0.059771
v 0.027777 0.024949 -0.061642
v 0.091881 0.048137 -0.175222
v 0.093119 0.026631 -0.163524
v 0.098317 0.202698 -0.003659
v 0.071022 0.202698 -0.014358
v 0.112193 0.105204 -0.075791
v 0.058907 0.194844 0.003031
v 0.036387 0.194844 -0.020004
v 0.030670 0.177485 -0.015757
v 0.055761 0.177580 0.008562
v 0.032880 0.159410 -0.017938
v 0.056977 0.160571 0.007004
v 0.095254 0.161039 0.021482
v 0.095498 0.177580 0.023131
v 0.096044 0.194844 0.017005
v 0.053306 0.202698 -0.032866
v 0.129132 0.161039 0.021482
v 0.167409 0.160571 0.007004
v 0.191506 0.159410 -0.017938
v 0.201349 0.159410 -0.048515
v 0.193716 0.177485 -0.015757
v 0.168625 0.177580 0.008562
v 0.203581 0.177485 -0.046753
v 0.187999 0.194844 -0.020004
v 0.165478 0.194844 0.003031
v 0.197331 0.194844 -0.048240
v 0.171080 0.202698 -0.032866
v 0.153363 0.202698 -0.014358
v 0.176322 0.202698 -0.053351
v 0.128888 0.177580 0.023131
v 0.128341 0.194844 0.017005
v 0.126069 0.202698 -0.003659
v 0.207618 0.177485 -0.079768
v 0.205111 0.159410 -0.079964
v 0.194767 0.177485 -0.122648
v 0.192734 0.159410 -0.121257
v 0.158136 0.159410 -0.150471
v 0.124446 0.159410 -0.159822
v 0.158980 0.177485 -0.153287
v 0.124614 0.177485 -0.162665
v 0.189506 0.194844 -0.118913
v 0.201130 0.194844 -0.079768
v 0.156796 0.194844 -0.146414
v 0.169926 0.202698 -0.109215
v 0.179490 0.202698 -0.079506
v 0.147918 0.202698 -0.127502
v 0.123139 0.202698 -0.134824
v 0.099940 0.159410 -0.159822
v 0.066250 0.159410 -0.150471
v 0.031652 0.159410 -0.121256
v 0.019275 0.159410 -0.079964
v 0.022428 0.159410 -0.051212
v 0.020076 0.177485 -0.050026
v 0.016767 0.177485 -0.079768
v 0.029619 0.177485 -0.122648
v 0.065406 0.177485 -0.153287
v 0.026473 0.194844 -0.050806
v 0.023255 0.194844 -0.079768
v 0.034879 0.194844 -0.118913
v 0.067590 0.194844 -0.146414
v 0.047607 0.202698 -0.055137
v 0.044895 0.202698 -0.079506
v 0.051791 0.202739 -0.108242
v 0.076468 0.202698 -0.127502
v 0.100521 0.194844 -0.154383
v 0.099771 0.177485 -0.162664
v 0.101247 0.202698 -0.134824
v 0.123865 0.194844 -0.154383
v 0.029472 0.012294 -0.047417
v 0.029348 0.006114 -0.049573
v 0.029684 -0.000085 -0.047700
v 0.027907 0.006173 -0.062221
v 0.027864 0.012432 -0.062028
v 0.026044 0.006254 -0.078599
v 0.026044 0.012594 -0.078599
v 0.035387 0.006424 -0.118452
v 0.035387 0.012933 -0.118452
v 0.063575 0.006363 -0.148898
v 0.063575 0.013296 -0.148898
v 0.093119 0.006514 -0.163523
v 0.093119 0.013316 -0.163523
v 0.131267 0.006514 -0.163524
v 0.131267 0.013316 -0.163524
v 0.160811 0.013296 -0.148898
v 0.160811 0.006363 -0.148898
v 0.188999 0.006424 -0.118452
v 0.188999 0.012933 -0.118452
v 0.198341 0.006254 -0.078599
v 0.198341 0.012594 -0.078599
v 0.196460 0.006170 -0.062039
v 0.196485 0.012425 -0.061664
v 0.194959 0.006109 -0.048876
v 0.194895 0.012290 -0.047229
v 0.194702 -0.000085 -0.047700
v 0.195577 0.024757 -0.051549
v 0.175034 -0.000085 -0.118452
v 0.151971 0.000000 -0.148898
v 0.071611 0.000000 -0.148898
v 0.048082 -0.000085 -0.118452
v 0.182678 -0.000085 -0.078599
v 0.040284 -0.000085 -0.078599
v 0.181118 -0.000085 -0.062414
v 0.041875 -0.000085 -0.062414
v 0.179700 -0.000085 -0.047700
v 0.043322 -0.000085 -0.047700
v 0.188999 -0.000085 -0.118452
v 0.160811 0.000000 -0.148898
v 0.198341 -0.000085 -0.078599
v 0.196435 -0.000085 -0.062414
v 0.027951 -0.000085 -0.062414
v 0.026044 -0.000085 -0.078599
v 0.035387 -0.000085 -0.118452
v 0.063575 0.000000 -0.148898
v 0.093119 0.000000 -0.163523
v 0.095369 0.000000 -0.159535
v 0.131267 0.000000 -0.163524
v 0.128789 0.000000 -0.159535
v 0.207655 0.044570 -0.050853
v 0.160090 0.165688 -0.107884
v 0.159703 0.201861 -0.107776
v 0.128633 0.199151 -0.130086
v 0.128441 0.164192 -0.129903
v 0.092062 0.199151 -0.130086
v 0.091535 0.164192 -0.129903
v 0.062825 0.201861 -0.107776
v 0.062099 0.165688 -0.107884
v 0.052790 0.205656 -0.067486
v 0.052224 0.168779 -0.067918
v 0.172179 0.168779 -0.067918
v 0.171570 0.205656 -0.067486
v 0.160090 0.171348 -0.031542
v 0.159703 0.211077 -0.027540
v 0.128441 0.172839 -0.011034
v 0.128633 0.214329 -0.008217
v 0.091535 0.172839 -0.011034
v 0.092062 0.214329 -0.008217
v 0.062099 0.171348 -0.031542
v 0.062825 0.211077 -0.027540
v 0.092890 0.229968 -0.007459
v 0.064743 0.232514 -0.027455
v 0.092462 0.244545 -0.007137
v 0.062957 0.242433 -0.027773
v 0.056980 0.239866 -0.067749
v 0.056282 0.234164 -0.067705
v 0.128506 0.244545 -0.007137
v 0.128078 0.229968 -0.007459
v 0.158943 0.242433 -0.027773
v 0.157905 0.232514 -0.027455
v 0.166505 0.239866 -0.067749
v 0.167349 0.234164 -0.067705
v 0.063783 0.254065 -0.027934
v 0.056427 0.247043 -0.068204
v 0.092524 0.258322 -0.007683
v 0.128445 0.258322 -0.007683
v 0.157766 0.254065 -0.027934
v 0.166553 0.247910 -0.068229
v 0.157066 0.232699 -0.104121
v 0.157538 0.241606 -0.101418
v 0.166795 0.288134 -0.070629
v 0.157526 0.291994 -0.105284
v 0.156816 0.251283 -0.102277
v 0.127276 0.293796 -0.125876
v 0.127185 0.255969 -0.121682
v 0.092046 0.292056 -0.125876
v 0.093783 0.255969 -0.121682
v 0.127014 0.244145 -0.118608
v 0.093954 0.244145 -0.118608
v 0.064637 0.251283 -0.102277
v 0.065898 0.241606 -0.101418
v 0.065581 0.232699 -0.104121
v 0.062558 0.288991 -0.105284
v 0.053661 0.282927 -0.070478
v 0.126843 0.229069 -0.126635
v 0.094125 0.229069 -0.126635
v 0.056794 0.317605 -0.070540
v 0.066692 0.321348 -0.105428
v 0.062244 0.347811 -0.069284
v 0.068632 0.348577 -0.097821
v 0.093224 0.328330 -0.125831
v 0.091040 0.359090 -0.114488
v 0.126316 0.332615 -0.125831
v 0.118308 0.371178 -0.115731
v 0.152418 0.332918 -0.105428
v 0.140477 0.379800 -0.100400
v 0.161285 0.331599 -0.073313
v 0.148816 0.384434 -0.073483
v 0.152137 0.325211 -0.033813
v 0.142138 0.381891 -0.046842
v 0.125882 0.318318 -0.013823
v 0.120994 0.374817 -0.029460
v 0.092790 0.314032 -0.013823
v 0.093727 0.362728 -0.028216
v 0.066410 0.313641 -0.033813
v 0.070293 0.350668 -0.042028
v 0.157985 0.281804 -0.028891
v 0.127953 0.277052 -0.008732
v 0.091369 0.275311 -0.008732
v 0.062908 0.277669 -0.028891
v 0.158020 0.137300 -0.036304
v 0.169623 0.132626 -0.069662
v 0.158020 0.127076 -0.107694
v 0.127644 0.124389 -0.126176
v 0.092332 0.124389 -0.126176
v 0.064192 0.127076 -0.107694
v 0.054825 0.132626 -0.069662
v 0.127644 0.143138 -0.015942
v 0.092332 0.143138 -0.015942
v 0.064192 0.137300 -0.036304
v 0.057201 0.353603 0.182417
v 0.125022 0.380055 0.125791
v 0.135863 0.375908 0.136837
v 0.068041 0.349455 0.193464
v 0.141559 0.369593 0.140710
v 0.073738 0.343140 0.197336
v 0.145643 0.360436 0.141323
v 0.077822 0.333983 0.197950
v 0.105058 0.379260 0.101508
v 0.037236 0.352807 0.158134
v 0.203684 0.402360 0.080211
v 0.192844 0.406508 0.069164
v 0.172879 0.405712 0.044881
v 0.213465 0.386888 0.084697
v 0.190032 0.347188 0.107729
v 0.153654 0.332999 0.138101
v 0.209381 0.396045 0.084083
v 0.059403 0.337549 0.209305
v 0.063487 0.328392 0.209919
v 0.083059 0.261358 0.202047
v 0.097394 0.266949 0.190078
v 0.108453 0.302451 0.177306
v 0.111571 0.272479 0.178241
v 0.101504 0.198186 0.194628
v 0.115839 0.203777 0.182659
v 0.117216 0.194232 0.179849
v 0.185038 0.220685 0.123222
v 0.183661 0.230230 0.126032
v 0.140400 0.239616 0.159174
v 0.176777 0.253805 0.128801
v 0.183338 0.213309 0.117742
v 0.115517 0.186856 0.174368
v 0.175694 0.206510 0.105410
v 0.107872 0.180057 0.162036
v 0.156889 0.201743 0.080661
v 0.089067 0.175290 0.137287
v 0.224711 0.228196 0.024034
v 0.243516 0.232962 0.048783
v 0.251160 0.239761 0.061115
v 0.252859 0.247137 0.066596
v 0.251482 0.256683 0.069406
v 0.101182 0.181265 0.186337
v 0.093537 0.174466 0.174005
v 0.102881 0.188641 0.191818
v 0.074732 0.169699 0.149256
v 0.265495 0.245352 0.049146
v 0.257851 0.238553 0.036814
v 0.267194 0.252728 0.054627
v 0.265817 0.262274 0.057437
v 0.239046 0.233787 0.012065
v 0.233037 0.319855 0.076825
v 0.221978 0.284353 0.089596
v 0.218861 0.314325 0.088661
v 0.247372 0.325446 0.064856
v 0.227800 0.392479 0.072728
v 0.223716 0.401637 0.072114
v 0.218019 0.407952 0.068242
v 0.207179 0.412099 0.057195
v 0.187214 0.411304 0.032912
v 0.205628 0.340352 0.096172
v 0.168409 0.406537 0.008163
v 0.154074 0.400946 0.020132
v 0.160765 0.399738 -0.004169
v 0.146430 0.394147 0.007800
v 0.078608 0.367694 0.064427
v 0.086253 0.374494 0.076758
v 0.010787 0.341242 0.121053
v 0.009088 0.333866 0.115573
v 0.076909 0.360318 0.058946
v 0.010465 0.324320 0.112762
v 0.078286 0.350773 0.056136
v 0.030037 0.257287 0.104890
v 0.097859 0.283739 0.048264
v 0.018431 0.348041 0.133385
v 0.144731 0.386771 0.002319
v 0.146108 0.377225 -0.000491
v 0.165680 0.310192 -0.008363
v -0.003871 0.318729 0.124731
v 0.015702 0.251695 0.116859
v -0.003548 0.335651 0.133022
v 0.004096 0.342450 0.145354
v -0.005247 0.328275 0.127541
v 0.160443 0.382817 -0.012459
v 0.180015 0.315783 -0.020332
v 0.159066 0.392362 -0.009649
v 0.022901 0.347216 0.170103
v 0.042865 0.348011 0.194386
v 0.053706 0.343864 0.205432
v 0.069103 0.174495 0.113004
v 0.136925 0.200948 0.056378
v 0.126084 0.205095 0.045331
v 0.058262 0.178642 0.101958
v 0.120387 0.211410 0.041459
v 0.052566 0.184957 0.098085
v 0.116304 0.220567 0.040845
v 0.048482 0.194114 0.097472
v 0.184125 0.247020 -0.015782
v 0.188209 0.237863 -0.015168
v 0.193905 0.231548 -0.011295
v 0.204746 0.227400 -0.000249
v 0.038231 0.179366 0.110054
v 0.034147 0.188523 0.109440
v 0.043927 0.173051 0.113927
v 0.054768 0.168904 0.124973
v 0.202544 0.243454 -0.027137
v 0.198460 0.252611 -0.027750
v 0.208241 0.237139 -0.023264
v 0.219081 0.232992 -0.012218
v 0.009740 0.323119 0.143084
v 0.030005 0.253714 0.134933
v 0.049124 0.188234 0.127243
v 0.049396 0.256474 0.159447
v 0.028668 0.327465 0.167784
v 0.068774 0.259276 0.183965
v 0.048510 0.328681 0.192116
v 0.087893 0.193796 0.176275
v 0.068965 0.189450 0.151576
v 0.194318 0.317802 -0.002258
v 0.174054 0.387207 0.005893
v 0.213437 0.252322 -0.009948
v 0.233279 0.253538 0.014385
v 0.252207 0.257884 0.039085
v 0.213709 0.320561 0.022256
v 0.233088 0.323364 0.046774
v 0.192981 0.391553 0.030593
v 0.212823 0.392768 0.054925
v 0.117277 0.318811 0.168474
v 0.124804 0.246452 0.170730
v 0.213155 0.267993 0.098428
v 0.136132 0.253967 0.147152
v 0.166363 0.265758 0.121911
v 0.123703 0.257827 0.156541
v 0.113990 0.275061 0.162267
v 0.112682 0.295573 0.160974
v 0.120546 0.307348 0.153420
v 0.150777 0.319139 0.128180
v 0.196593 0.277549 0.096671
v 0.181007 0.330930 0.102940
v 0.204457 0.289324 0.089117
v 0.203149 0.309836 0.087825
v 0.193436 0.327070 0.093550
v 0.160505 0.292726 0.127493
v 0.155336 0.310429 0.129572
v 0.177565 0.319099 0.111012
v 0.177604 0.319089 0.110982
v 0.133107 0.301759 0.148132
v 0.186539 0.316824 0.104174
v 0.193285 0.305511 0.100124
v 0.193849 0.291788 0.101234
v 0.187902 0.283693 0.106854
v 0.127160 0.293664 0.153752
v 0.127725 0.279941 0.154862
v 0.134470 0.268628 0.150812
v 0.143445 0.266353 0.143974
v 0.165674 0.275023 0.125414
v 0.021286 0.332754 0.156057
v 0.016313 0.329591 0.161636
v 0.016590 0.317459 0.156300
v 0.021586 0.319624 0.150282
v 0.023135 0.306226 0.158892
v 0.028669 0.307467 0.153087
v 0.032115 0.302472 0.167893
v 0.038387 0.303405 0.162828
v 0.038268 0.308397 0.178031
v 0.045046 0.309817 0.173799
v 0.037991 0.320529 0.183366
v 0.044746 0.322946 0.179574
v 0.031446 0.331762 0.180775
v 0.037663 0.335103 0.176769
v 0.022467 0.335515 0.171774
v 0.027946 0.339165 0.167028
v 0.025493 0.323362 0.177889
v 0.028469 0.318253 0.179067
v 0.022993 0.317318 0.173421
v 0.028595 0.312736 0.176641
v 0.025797 0.310041 0.172030
v 0.021713 0.311748 0.167937
v 0.018736 0.316857 0.166758
v 0.018610 0.322374 0.169185
v 0.021409 0.325069 0.173795
v 0.180765 0.394956 0.022902
v 0.181065 0.381826 0.017128
v 0.187820 0.384244 0.013335
v 0.187543 0.396376 0.018670
v 0.194365 0.373011 0.015927
v 0.188148 0.369670 0.019932
v 0.203345 0.369257 0.024927
v 0.197866 0.365607 0.029674
v 0.209498 0.375182 0.035065
v 0.204525 0.372019 0.040645
v 0.209221 0.387314 0.040401
v 0.204225 0.385149 0.046419
v 0.202676 0.398547 0.037809
v 0.197142 0.397305 0.043614
v 0.193697 0.402300 0.028808
v 0.187425 0.401367 0.033873
v 0.204099 0.393024 0.028764
v 0.207075 0.387915 0.029943
v 0.202818 0.387455 0.023280
v 0.207201 0.382398 0.027516
v 0.204402 0.379704 0.022906
v 0.200319 0.381411 0.018813
v 0.197342 0.386519 0.017634
v 0.197216 0.392037 0.020060
v 0.200015 0.394731 0.024671
v 0.077745 0.378920 0.144120
v 0.112110 0.392323 0.115427
v 0.091858 0.389418 0.089814
v 0.057493 0.376015 0.118507
v 0.060068 0.356845 0.118646
v 0.080319 0.359750 0.144259
v 0.126224 0.402822 0.061121
v 0.146476 0.405727 0.086734
v 0.154478 0.388674 0.082342
v 0.134226 0.385769 0.056729
v 0.072043 0.384469 0.147999
v 0.110073 0.399302 0.116247
v 0.089821 0.396396 0.090634
v 0.051791 0.381563 0.122386
v 0.055022 0.356776 0.122644
v 0.075273 0.359681 0.148256
v 0.127851 0.411229 0.058882
v 0.148103 0.414135 0.084494
v 0.158528 0.392153 0.078745
v 0.138276 0.389248 0.053132
v 0.021208 0.313968 0.163380
v -0.010030 0.335375 0.137282
v 0.017428 0.376908 0.181868
v 0.026460 0.331831 0.175773
v 0.025048 0.313728 0.160121
v 0.030300 0.331590 0.172514
v 0.022666 0.376888 0.178764
v -0.004792 0.335355 0.134178
v -0.039833 0.370033 0.135905
v 0.005684 0.408757 0.168923
v -0.071028 0.429657 0.129822
v -0.021516 0.469712 0.144390
v -0.101396 0.503036 0.101201
v -0.051764 0.535561 0.119085
v -0.135851 0.606008 0.041139
v -0.085727 0.625882 0.056807
v -0.132312 0.626561 -0.036331
v -0.097791 0.660028 -0.009318
v -0.036655 0.370514 0.131123
v -0.068235 0.429323 0.124997
v -0.018682 0.469378 0.139565
v -0.049127 0.534228 0.114820
v -0.098531 0.501704 0.096936
v -0.082485 0.623849 0.053941
v -0.132609 0.603976 0.038272
v -0.093571 0.657159 -0.010230
v -0.128447 0.623595 -0.037237
v 0.153158 0.519064 -0.129134
v 0.135276 0.473569 -0.147984
v 0.136578 0.406771 -0.079660
v 0.147272 0.461289 -0.066081
v 0.192234 0.370443 -0.023566
v 0.186109 0.430100 -0.008932
v 0.148586 0.520291 -0.127430
v 0.142378 0.462441 -0.066454
v 0.131684 0.407924 -0.080033
v 0.130736 0.474797 -0.146281
v 0.181134 0.429662 -0.009396
v 0.187259 0.370005 -0.024030
v 0.200536 0.373533 0.022132
v 0.195224 0.398355 0.026013
v 0.190282 0.397621 0.026016
v 0.195537 0.372867 0.022136
v 0.008739 0.409261 0.164144
vt 0.382999 0.792511
vt 0.357312 0.783047
vt 0.355531 0.798254
vt 0.382999 0.777973
vt 0.331244 0.786068
vt 0.323536 0.799062
vt 0.362073 0.823628
vt 0.322264 0.823628
vt 0.320324 0.798698
vt 0.326137 0.785502
vt 0.316390 0.786392
vt 0.311788 0.799978
vt 0.319551 0.810870
vt 0.313744 0.803862
vt 0.309114 0.810870
vt 0.309521 0.851334
vt 0.312944 0.851178
vt 0.364643 0.837905
vt 0.323427 0.848394
vt 0.366260 0.862106
vt 0.333322 0.884706
vt 0.353129 0.908355
vt 0.368283 0.895692
vt 0.367958 0.919754
vt 0.322472 0.849615
vt 0.332753 0.886774
vt 0.327872 0.894693
vt 0.352650 0.909376
vt 0.368090 0.921118
vt 0.375938 0.924253
vt 0.375871 0.925504
vt 0.379800 0.927570
vt 0.379767 0.926424
vt 0.382999 0.895408
vt 0.382999 0.926864
vt 0.382999 0.929501
vt 0.382999 0.931325
vt 0.379876 0.929949
vt 0.382999 0.933041
vt 0.380049 0.932321
vt 0.375408 0.931544
vt 0.375604 0.928447
vt 0.366144 0.929222
vt 0.367079 0.924949
vt 0.349483 0.915445
vt 0.347855 0.919424
vt 0.325421 0.896927
vt 0.386121 0.929949
vt 0.385949 0.932321
vt 0.390590 0.931544
vt 0.390394 0.928447
vt 0.399854 0.929222
vt 0.398918 0.924949
vt 0.416515 0.915444
vt 0.418143 0.919424
vt 0.438126 0.894693
vt 0.440576 0.896927
vt 0.386197 0.927570
vt 0.386230 0.926424
vt 0.390060 0.924253
vt 0.390126 0.925504
vt 0.397910 0.921117
vt 0.398037 0.919755
vt 0.412868 0.908355
vt 0.397714 0.895692
vt 0.399738 0.862106
vt 0.432678 0.884707
vt 0.442570 0.848394
vt 0.401355 0.837905
vt 0.443525 0.849615
vt 0.433241 0.886773
vt 0.453053 0.851178
vt 0.413348 0.909376
vt 0.443734 0.823628
vt 0.403925 0.823628
vt 0.442462 0.799062
vt 0.410466 0.798254
vt 0.445673 0.798698
vt 0.434754 0.786068
vt 0.439861 0.785502
vt 0.449608 0.786392
vt 0.454210 0.799978
vt 0.446447 0.810870
vt 0.452253 0.803862
vt 0.456883 0.810870
vt 0.456477 0.851334
vt 0.439310 0.773490
vt 0.430674 0.775450
vt 0.418712 0.767256
vt 0.424107 0.763633
vt 0.403713 0.761823
vt 0.407121 0.757337
vt 0.382999 0.753620
vt 0.382999 0.758986
vt 0.362284 0.761823
vt 0.358876 0.757337
vt 0.341891 0.763633
vt 0.347286 0.767256
vt 0.326688 0.773490
vt 0.335324 0.775450
vt 0.339957 0.777019
vt 0.351426 0.770114
vt 0.382999 0.763434
vt 0.365539 0.765566
vt 0.400458 0.765566
vt 0.414571 0.770114
vt 0.426041 0.777020
vt 0.408686 0.783047
vt 0.382999 0.820684
vt 0.382999 0.837837
vt 0.382999 0.862692
vt 0.043315 0.672574
vt 0.040525 0.661092
vt 0.039702 0.660970
vt 0.041496 0.674593
vt 0.055448 0.687401
vt 0.056468 0.693943
vt 0.070346 0.694644
vt 0.070582 0.689987
vt 0.078804 0.681079
vt 0.077601 0.681109
vt 0.076660 0.662539
vt 0.074067 0.662241
vt 0.036084 0.655588
vt 0.043499 0.642407
vt 0.031640 0.654194
vt 0.042734 0.641333
vt 0.060887 0.641828
vt 0.071679 0.676691
vt 0.050020 0.669123
vt 0.057907 0.680941
vt 0.067844 0.683562
vt 0.061274 0.640743
vt 0.079970 0.659469
vt 0.084327 0.655801
vt 0.085751 0.682621
vt 0.092553 0.685085
vt 0.073014 0.701420
vt 0.076991 0.711121
vt 0.051135 0.708249
vt 0.052853 0.700772
vt 0.029929 0.678813
vt 0.035524 0.677815
vt 0.843542 0.841458
vt 0.840041 0.839314
vt 0.843487 0.839169
vt 0.844263 0.840987
vt 0.846476 0.839182
vt 0.844843 0.841005
vt 0.846476 0.841387
vt 0.845191 0.841408
vt 0.843284 0.842375
vt 0.840177 0.841947
vt 0.846476 0.842187
vt 0.845244 0.842179
vt 0.844580 0.843100
vt 0.846476 0.843046
vt 0.846476 0.845192
vt 0.845334 0.845240
vt 0.843771 0.843190
vt 0.844041 0.845386
vt 0.840525 0.843979
vt 0.841065 0.846447
vt 0.838372 0.848378
vt 0.837145 0.845548
vt 0.836810 0.851637
vt 0.833637 0.848519
vt 0.832058 0.844794
vt 0.836448 0.842765
vt 0.830924 0.841125
vt 0.836076 0.839887
vt 0.830379 0.835828
vt 0.835962 0.836101
vt 0.831579 0.830919
vt 0.836673 0.832632
vt 0.840378 0.833233
vt 0.840012 0.836137
vt 0.843466 0.836199
vt 0.843646 0.833426
vt 0.837869 0.829894
vt 0.833564 0.827419
vt 0.836689 0.824893
vt 0.839696 0.827245
vt 0.841104 0.830653
vt 0.842016 0.828208
vt 0.841622 0.825359
vt 0.839970 0.823738
vt 0.843238 0.826268
vt 0.843486 0.824215
vt 0.844563 0.824805
vt 0.846476 0.836204
vt 0.846476 0.833417
vt 0.843918 0.830893
vt 0.846476 0.830799
vt 0.844265 0.828568
vt 0.846476 0.828585
vt 0.844853 0.826757
vt 0.846476 0.826831
vt 0.845664 0.824939
vt 0.846476 0.824862
vt 0.846476 0.823744
vt 0.846190 0.823763
vt 0.845766 0.823716
vt 0.845318 0.823574
vt 0.844996 0.823297
vt 0.842806 0.823304
vt 0.844773 0.823080
vt 0.845850 0.823318
vt 0.845791 0.823180
vt 0.845775 0.823038
vt 0.844672 0.822898
vt 0.842471 0.822478
vt 0.842574 0.822858
vt 0.839575 0.822522
vt 0.846476 0.823169
vt 0.846476 0.823250
vt 0.839387 0.822051
vt 0.835367 0.822013
vt 0.835081 0.821452
vt 0.829741 0.822070
vt 0.829528 0.821074
vt 0.820795 0.820803
vt 0.821510 0.828979
vt 0.820785 0.829356
vt 0.820092 0.820215
vt 0.820463 0.829661
vt 0.817470 0.822069
vt 0.807931 0.831971
vt 0.802441 0.825357
vt 0.801749 0.843139
vt 0.808602 0.847769
vt 0.812942 0.837983
vt 0.814606 0.851556
vt 0.817353 0.843592
vt 0.822189 0.835320
vt 0.820729 0.855452
vt 0.822359 0.849234
vt 0.825776 0.843310
vt 0.828739 0.848011
vt 0.825462 0.852193
vt 0.819397 0.862248
vt 0.823149 0.863140
vt 0.818490 0.868513
vt 0.822463 0.868770
vt 0.812591 0.860392
vt 0.811920 0.868264
vt 0.805556 0.858036
vt 0.804003 0.867683
vt 0.794975 0.866736
vt 0.797248 0.855118
vt 0.824211 0.857265
vt 0.818023 0.876458
vt 0.821794 0.875163
vt 0.811953 0.878427
vt 0.814566 0.890003
vt 0.808553 0.894142
vt 0.815505 0.903222
vt 0.820496 0.898103
vt 0.827727 0.903189
vt 0.823897 0.909297
vt 0.801544 0.898339
vt 0.809599 0.908923
vt 0.795689 0.884039
vt 0.804335 0.881029
vt 0.819478 0.885406
vt 0.823697 0.892223
vt 0.788122 0.884018
vt 0.787250 0.864299
vt 0.790036 0.850359
vt 0.796222 0.837379
vt 0.795165 0.899434
vt 0.786876 0.900207
vt 0.803885 0.911606
vt 0.819049 0.916529
vt 0.813946 0.920469
vt 0.796116 0.913781
vt 0.778527 0.882574
vt 0.778107 0.895377
vt 0.770877 0.878246
vt 0.775931 0.860710
vt 0.768380 0.853867
vt 0.771511 0.833079
vt 0.749137 0.823132
vt 0.744798 0.853207
vt 0.779878 0.843068
vt 0.779615 0.813488
vt 0.787328 0.827909
vt 0.765660 0.791769
vt 0.746277 0.880110
vt 0.794534 0.816957
vt 0.785695 0.805066
vt 0.798593 0.811397
vt 0.794994 0.805832
vt 0.740611 0.800783
vt 0.771108 0.758799
vt 0.725965 0.798658
vt 0.759491 0.754638
vt 0.709266 0.846749
vt 0.729212 0.842615
vt 0.716021 0.880360
vt 0.731159 0.873533
vt 0.741696 0.902771
vt 0.755188 0.900115
vt 0.729688 0.912143
vt 0.787771 0.911379
vt 0.807867 0.923538
vt 0.800292 0.923907
vt 0.767941 0.918132
vt 0.788042 0.932635
vt 0.756715 0.922051
vt 0.778978 0.941105
vt 0.774121 0.953334
vt 0.749163 0.935732
vt 0.820683 0.931057
vt 0.824927 0.926333
vt 0.836055 0.929293
vt 0.833636 0.934784
vt 0.828710 0.921203
vt 0.837925 0.923530
vt 0.831411 0.937534
vt 0.815690 0.932508
vt 0.808165 0.941978
vt 0.827750 0.946081
vt 0.839399 0.914080
vt 0.832122 0.912670
vt 0.834402 0.905553
vt 0.840340 0.906621
vt 0.841177 0.899590
vt 0.835926 0.898891
vt 0.836738 0.894410
vt 0.841502 0.894836
vt 0.841795 0.890493
vt 0.837246 0.890495
vt 0.832016 0.889287
vt 0.837762 0.885669
vt 0.833208 0.885124
vt 0.827430 0.884854
vt 0.829531 0.881748
vt 0.825279 0.879355
vt 0.828257 0.877496
vt 0.830014 0.881427
vt 0.828756 0.877175
vt 0.830856 0.881303
vt 0.829570 0.877293
vt 0.829398 0.872846
vt 0.829839 0.873218
vt 0.828623 0.872897
vt 0.831684 0.868575
vt 0.830736 0.868807
vt 0.831621 0.863705
vt 0.832144 0.863478
vt 0.832414 0.875018
vt 0.832084 0.877941
vt 0.834516 0.876019
vt 0.834387 0.877762
vt 0.836089 0.876205
vt 0.836092 0.877347
vt 0.837088 0.876998
vt 0.837029 0.876033
vt 0.836460 0.878373
vt 0.837146 0.877790
vt 0.837784 0.877733
vt 0.837427 0.879138
vt 0.834979 0.879520
vt 0.836435 0.880921
vt 0.838895 0.879242
vt 0.838839 0.877577
vt 0.837856 0.876699
vt 0.838708 0.876372
vt 0.838511 0.875434
vt 0.837768 0.875767
vt 0.840599 0.878629
vt 0.839999 0.877166
vt 0.839622 0.876008
vt 0.840747 0.875597
vt 0.841302 0.876426
vt 0.839308 0.875042
vt 0.840327 0.874626
vt 0.842314 0.877483
vt 0.844002 0.878186
vt 0.841340 0.880366
vt 0.838640 0.881340
vt 0.838256 0.874552
vt 0.837502 0.874932
vt 0.836919 0.875197
vt 0.836306 0.875273
vt 0.835247 0.874692
vt 0.833679 0.872887
vt 0.836316 0.875179
vt 0.835331 0.874522
vt 0.833880 0.872588
vt 0.835371 0.874323
vt 0.836308 0.875045
vt 0.836308 0.875112
vt 0.836845 0.875035
vt 0.836800 0.874974
vt 0.837399 0.874763
vt 0.837346 0.874696
vt 0.838123 0.874243
vt 0.838166 0.874331
vt 0.839094 0.873922
vt 0.839085 0.873800
vt 0.840196 0.873456
vt 0.840295 0.873326
vt 0.836879 0.875099
vt 0.837444 0.874832
vt 0.838213 0.874435
vt 0.839106 0.874042
vt 0.840124 0.873625
vt 0.839124 0.874151
vt 0.840128 0.873757
vt 0.841732 0.873210
vt 0.841708 0.873092
vt 0.841700 0.872980
vt 0.841704 0.872910
vt 0.840573 0.873054
vt 0.839152 0.873516
vt 0.839289 0.873094
vt 0.840623 0.872752
vt 0.839187 0.872865
vt 0.840597 0.872478
vt 0.837951 0.873789
vt 0.838045 0.874028
vt 0.837234 0.874589
vt 0.837060 0.874419
vt 0.837754 0.873496
vt 0.836936 0.874248
vt 0.836729 0.874905
vt 0.836611 0.874789
vt 0.836302 0.874947
vt 0.836318 0.874800
vt 0.836390 0.874772
vt 0.836615 0.874669
vt 0.835425 0.874170
vt 0.835557 0.873985
vt 0.834051 0.872375
vt 0.834361 0.871931
vt 0.832452 0.868016
vt 0.833059 0.867816
vt 0.834860 0.872047
vt 0.835791 0.873970
vt 0.839125 0.863914
vt 0.833658 0.859924
vt 0.836632 0.857920
vt 0.837479 0.857524
vt 0.843192 0.860924
vt 0.833150 0.859487
vt 0.828031 0.858717
vt 0.827237 0.863826
vt 0.826625 0.868867
vt 0.825280 0.873876
vt 0.822547 0.882141
vt 0.825587 0.888239
vt 0.831172 0.892920
vt 0.830138 0.897131
vt 0.844610 0.852184
vt 0.844473 0.854363
vt 0.842224 0.854745
vt 0.842087 0.852703
vt 0.844539 0.850237
vt 0.841920 0.850656
vt 0.844301 0.847757
vt 0.841612 0.848606
vt 0.839254 0.851726
vt 0.839173 0.854082
vt 0.839183 0.849949
vt 0.836196 0.856186
vt 0.839634 0.856302
vt 0.837527 0.857488
vt 0.842153 0.856246
vt 0.845572 0.858851
vt 0.844483 0.855371
vt 0.845720 0.855242
vt 0.845622 0.854255
vt 0.846476 0.855225
vt 0.846476 0.854216
vt 0.846476 0.852002
vt 0.845641 0.852067
vt 0.845632 0.850165
vt 0.846476 0.850146
vt 0.846476 0.847672
vt 0.845551 0.847654
vt 0.845876 0.856879
vt 0.846476 0.856282
vt 0.846476 0.856715
vt 0.847320 0.850165
vt 0.847311 0.852067
vt 0.847329 0.854255
vt 0.847379 0.858851
vt 0.847075 0.856879
vt 0.847232 0.855242
vt 0.848413 0.850237
vt 0.848650 0.847757
vt 0.851031 0.850656
vt 0.851339 0.848606
vt 0.850864 0.852703
vt 0.848341 0.852184
vt 0.850727 0.854745
vt 0.848479 0.854363
vt 0.853697 0.851726
vt 0.853779 0.854082
vt 0.856142 0.851637
vt 0.854579 0.848378
vt 0.855807 0.845548
vt 0.859315 0.848519
vt 0.860893 0.844794
vt 0.856503 0.842765
vt 0.862027 0.841125
vt 0.856875 0.839887
vt 0.862573 0.835828
vt 0.856989 0.836101
vt 0.861372 0.830919
vt 0.856279 0.832632
vt 0.852573 0.833233
vt 0.852940 0.836137
vt 0.849485 0.836199
vt 0.849305 0.833426
vt 0.852910 0.839314
vt 0.849464 0.839169
vt 0.849410 0.841458
vt 0.848688 0.840987
vt 0.848108 0.841005
vt 0.847761 0.841408
vt 0.849667 0.842375
vt 0.852774 0.841947
vt 0.847707 0.842179
vt 0.848371 0.843100
vt 0.847617 0.845240
vt 0.849180 0.843190
vt 0.848911 0.845386
vt 0.852427 0.843979
vt 0.851886 0.846447
vt 0.847400 0.847654
vt 0.853768 0.849949
vt 0.842082 0.884151
vt 0.846476 0.880740
vt 0.846476 0.889411
vt 0.846476 0.894857
vt 0.846476 0.899593
vt 0.846476 0.906777
vt 0.846476 0.914351
vt 0.846476 0.924085
vt 0.846476 0.929909
vt 0.846476 0.936239
vt 0.846476 0.939314
vt 0.846476 0.946819
vt 0.846476 0.958502
vt 0.824357 0.957343
vt 0.801070 0.951495
vt 0.797738 0.965161
vt 0.822617 0.972364
vt 0.846476 0.973524
vt 0.769053 0.963772
vt 0.744152 0.946520
vt 0.796089 0.975293
vt 0.822525 0.983031
vt 0.718790 0.913904
vt 0.704570 0.881084
vt 0.700013 0.843692
vt 0.714853 0.792091
vt 0.751025 0.745973
vt 0.846476 0.984474
vt 0.812725 0.720142
vt 0.812845 0.730151
vt 0.813049 0.737320
vt 0.846476 0.735306
vt 0.846476 0.728161
vt 0.816539 0.741287
vt 0.846476 0.741093
vt 0.846476 0.745174
vt 0.819001 0.747755
vt 0.846476 0.760693
vt 0.826150 0.763078
vt 0.829226 0.765057
vt 0.846476 0.762538
vt 0.814964 0.773300
vt 0.808996 0.773036
vt 0.795165 0.762549
vt 0.832717 0.767797
vt 0.821076 0.774698
vt 0.835895 0.770299
vt 0.846476 0.765414
vt 0.846476 0.767597
vt 0.837480 0.774381
vt 0.827556 0.775676
vt 0.831147 0.778442
vt 0.821509 0.783025
vt 0.825477 0.784800
vt 0.846476 0.771983
vt 0.814177 0.783266
vt 0.807116 0.783246
vt 0.801583 0.783558
vt 0.787240 0.776867
vt 0.775670 0.774145
vt 0.784493 0.757035
vt 0.783511 0.792444
vt 0.799127 0.795117
vt 0.798415 0.802951
vt 0.799463 0.800233
vt 0.801034 0.808101
vt 0.802463 0.803350
vt 0.810248 0.805800
vt 0.809726 0.814151
vt 0.818334 0.805892
vt 0.823627 0.801886
vt 0.817762 0.794575
vt 0.823436 0.793123
vt 0.807909 0.817063
vt 0.810178 0.795971
vt 0.803406 0.795440
vt 0.837957 0.884490
vt 0.838133 0.883458
vt 0.841530 0.881945
vt 0.841826 0.882639
vt 0.837792 0.885127
vt 0.833449 0.884679
vt 0.833972 0.884088
vt 0.842061 0.883248
vt 0.846476 0.879082
vt 0.846032 0.879070
vt 0.845322 0.878602
vt 0.834984 0.882857
vt 0.832880 0.880638
vt 0.845080 0.877473
vt 0.846127 0.877925
vt 0.844791 0.875471
vt 0.844035 0.877022
vt 0.843084 0.876424
vt 0.842493 0.875672
vt 0.842183 0.874833
vt 0.841879 0.874065
vt 0.844158 0.873191
vt 0.844126 0.872875
vt 0.844124 0.872819
vt 0.844109 0.872742
vt 0.844092 0.872644
vt 0.841737 0.872803
vt 0.841802 0.872607
vt 0.841800 0.872401
vt 0.844035 0.872406
vt 0.844039 0.872231
vt 0.844059 0.872566
vt 0.825968 0.843106
vt 0.822534 0.835064
vt 0.828909 0.847846
vt 0.831766 0.851585
vt 0.822361 0.835088
vt 0.825901 0.843146
vt 0.828856 0.847920
vt 0.831726 0.851647
vt 0.831629 0.851706
vt 0.829176 0.854593
vt 0.833658 0.856397
vt 0.836133 0.856262
vt 0.835969 0.856193
vt 0.846476 0.823596
vt 0.846339 0.823630
vt 0.846121 0.823533
vt 0.846476 0.823492
vt 0.845957 0.823445
vt 0.846476 0.823403
vt 0.846476 0.823321
vt 0.846830 0.823533
vt 0.846613 0.823630
vt 0.847102 0.823318
vt 0.847161 0.823180
vt 0.847177 0.823038
vt 0.848178 0.823080
vt 0.848279 0.822898
vt 0.850481 0.822478
vt 0.850377 0.822858
vt 0.847955 0.823297
vt 0.853376 0.822522
vt 0.852982 0.823738
vt 0.850145 0.823304
vt 0.853564 0.822051
vt 0.857585 0.822013
vt 0.857870 0.821452
vt 0.863211 0.822070
vt 0.863423 0.821074
vt 0.856263 0.824893
vt 0.851329 0.825359
vt 0.853255 0.827245
vt 0.855082 0.829894
vt 0.851848 0.830653
vt 0.850936 0.828208
vt 0.859388 0.827419
vt 0.849713 0.826268
vt 0.849466 0.824215
vt 0.848388 0.824805
vt 0.849034 0.830893
vt 0.848686 0.828568
vt 0.848099 0.826757
vt 0.847287 0.824939
vt 0.846762 0.823763
vt 0.847185 0.823716
vt 0.847633 0.823574
vt 0.846994 0.823445
vt 0.850891 0.883248
vt 0.851125 0.882639
vt 0.855160 0.885127
vt 0.854995 0.884490
vt 0.851422 0.881945
vt 0.854819 0.883458
vt 0.859502 0.884679
vt 0.858979 0.884088
vt 0.862938 0.881427
vt 0.862096 0.881303
vt 0.864196 0.877175
vt 0.863381 0.877293
vt 0.863553 0.872846
vt 0.863113 0.873218
vt 0.864329 0.872897
vt 0.864695 0.877496
vt 0.863420 0.881748
vt 0.861267 0.868575
vt 0.862216 0.868807
vt 0.861330 0.863705
vt 0.860808 0.863478
vt 0.867673 0.879355
vt 0.865521 0.884854
vt 0.859743 0.885124
vt 0.860935 0.889287
vt 0.855190 0.885669
vt 0.855705 0.890495
vt 0.860537 0.875018
vt 0.867364 0.888239
vt 0.861779 0.892920
vt 0.869255 0.892223
vt 0.862813 0.897131
vt 0.860500 0.868016
vt 0.858900 0.872375
vt 0.858590 0.871931
vt 0.859892 0.867816
vt 0.858091 0.872047
vt 0.857395 0.873985
vt 0.857526 0.874170
vt 0.857160 0.873970
vt 0.856633 0.874800
vt 0.856650 0.874947
vt 0.856340 0.874789
vt 0.856223 0.874905
vt 0.856562 0.874772
vt 0.856337 0.874669
vt 0.855891 0.874419
vt 0.855717 0.874589
vt 0.855000 0.873789
vt 0.854906 0.874028
vt 0.855197 0.873496
vt 0.856015 0.874248
vt 0.853799 0.873516
vt 0.853662 0.873094
vt 0.852378 0.873054
vt 0.852328 0.872752
vt 0.853764 0.872865
vt 0.852355 0.872478
vt 0.853866 0.873800
vt 0.852657 0.873326
vt 0.852755 0.873456
vt 0.853858 0.873922
vt 0.854829 0.874243
vt 0.854786 0.874331
vt 0.855552 0.874763
vt 0.855605 0.874696
vt 0.856151 0.874974
vt 0.856107 0.875035
vt 0.856643 0.875045
vt 0.856643 0.875112
vt 0.857621 0.874522
vt 0.857580 0.874323
vt 0.859071 0.872588
vt 0.857705 0.874692
vt 0.856636 0.875179
vt 0.856072 0.875099
vt 0.855507 0.874832
vt 0.854738 0.874435
vt 0.853845 0.874042
vt 0.852827 0.873625
vt 0.856646 0.875273
vt 0.858436 0.876019
vt 0.860867 0.877941
vt 0.858564 0.877762
vt 0.856862 0.876205
vt 0.856859 0.877347
vt 0.855863 0.876998
vt 0.855923 0.876033
vt 0.856492 0.878373
vt 0.855805 0.877790
vt 0.855167 0.877733
vt 0.855525 0.879138
vt 0.857972 0.879520
vt 0.856517 0.880921
vt 0.854057 0.879242
vt 0.854112 0.877577
vt 0.855095 0.876699
vt 0.854244 0.876372
vt 0.854440 0.875434
vt 0.855183 0.875767
vt 0.852353 0.878629
vt 0.852953 0.877166
vt 0.853329 0.876008
vt 0.852204 0.875597
vt 0.851649 0.876426
vt 0.853643 0.875042
vt 0.852625 0.874626
vt 0.850638 0.877483
vt 0.848949 0.878186
vt 0.851611 0.880366
vt 0.854311 0.881340
vt 0.854695 0.874552
vt 0.855450 0.874932
vt 0.856032 0.875197
vt 0.853827 0.874151
vt 0.852824 0.873757
vt 0.851219 0.873210
vt 0.851243 0.873092
vt 0.851251 0.872980
vt 0.851247 0.872910
vt 0.851214 0.872803
vt 0.851149 0.872607
vt 0.851151 0.872401
vt 0.848917 0.872406
vt 0.848912 0.872231
vt 0.848893 0.872566
vt 0.848860 0.872644
vt 0.848843 0.872742
vt 0.848828 0.872819
vt 0.848826 0.872875
vt 0.848794 0.873191
vt 0.851073 0.874065
vt 0.850769 0.874833
vt 0.850459 0.875672
vt 0.849867 0.876424
vt 0.848917 0.877022
vt 0.848727 0.873716
vt 0.848621 0.874224
vt 0.848415 0.874862
vt 0.848160 0.875471
vt 0.847871 0.877473
vt 0.846825 0.877925
vt 0.847629 0.878602
vt 0.846919 0.879070
vt 0.857968 0.882857
vt 0.860071 0.880638
vt 0.859272 0.872887
vt 0.846476 0.719146
vt 0.880106 0.730151
vt 0.879903 0.737320
vt 0.876413 0.741287
vt 0.873950 0.747755
vt 0.866802 0.763078
vt 0.863725 0.765057
vt 0.877988 0.773300
vt 0.883955 0.773036
vt 0.897786 0.762549
vt 0.860235 0.767797
vt 0.871875 0.774698
vt 0.857057 0.770299
vt 0.855471 0.774381
vt 0.865396 0.775676
vt 0.861805 0.778442
vt 0.871442 0.783025
vt 0.867474 0.784800
vt 0.878774 0.783266
vt 0.885835 0.783246
vt 0.891369 0.783558
vt 0.905712 0.776867
vt 0.917282 0.774145
vt 0.908459 0.757035
vt 0.927292 0.791769
vt 0.909441 0.792444
vt 0.893824 0.795117
vt 0.894536 0.802951
vt 0.893489 0.800233
vt 0.891917 0.808101
vt 0.890489 0.803350
vt 0.882704 0.805800
vt 0.883225 0.814151
vt 0.874618 0.805892
vt 0.872860 0.820215
vt 0.869324 0.801886
vt 0.875190 0.794575
vt 0.869516 0.793123
vt 0.894359 0.811397
vt 0.885042 0.817063
vt 0.875482 0.822069
vt 0.890511 0.825357
vt 0.885020 0.831971
vt 0.891202 0.843139
vt 0.884349 0.847769
vt 0.880009 0.837983
vt 0.878346 0.851556
vt 0.875598 0.843592
vt 0.870763 0.835320
vt 0.872488 0.829661
vt 0.872223 0.855452
vt 0.870592 0.849234
vt 0.867175 0.843310
vt 0.864213 0.848011
vt 0.867490 0.852193
vt 0.873554 0.862248
vt 0.869803 0.863140
vt 0.874462 0.868513
vt 0.870489 0.868770
vt 0.880361 0.860392
vt 0.881031 0.868264
vt 0.887396 0.858036
vt 0.888949 0.867683
vt 0.897977 0.866736
vt 0.895703 0.855118
vt 0.868740 0.857265
vt 0.874928 0.876458
vt 0.871157 0.875163
vt 0.880998 0.878427
vt 0.878386 0.890003
vt 0.884399 0.894142
vt 0.877446 0.903222
vt 0.872455 0.898103
vt 0.865225 0.903189
vt 0.869055 0.909297
vt 0.891407 0.898339
vt 0.883352 0.908923
vt 0.897262 0.884039
vt 0.888616 0.881029
vt 0.873474 0.885406
vt 0.904829 0.884018
vt 0.905702 0.864299
vt 0.902916 0.850359
vt 0.896729 0.837379
vt 0.897787 0.899434
vt 0.906075 0.900207
vt 0.889067 0.911606
vt 0.873902 0.916529
vt 0.879005 0.920469
vt 0.896835 0.913781
vt 0.914424 0.882574
vt 0.914844 0.895377
vt 0.922075 0.878246
vt 0.917020 0.860710
vt 0.924572 0.853867
vt 0.921441 0.833079
vt 0.943814 0.823132
vt 0.948154 0.853207
vt 0.913073 0.843068
vt 0.913337 0.813488
vt 0.905623 0.827909
vt 0.946675 0.880110
vt 0.898417 0.816957
vt 0.907257 0.805066
vt 0.897958 0.805832
vt 0.952341 0.800783
vt 0.921843 0.758799
vt 0.966986 0.798658
vt 0.933460 0.754638
vt 0.983685 0.846749
vt 0.963740 0.842615
vt 0.976930 0.880360
vt 0.961792 0.873533
vt 0.951255 0.902771
vt 0.937763 0.900115
vt 0.963263 0.912143
vt 0.905181 0.911379
vt 0.885085 0.923538
vt 0.892660 0.923907
vt 0.925011 0.918132
vt 0.904909 0.932635
vt 0.936236 0.922051
vt 0.913974 0.941105
vt 0.918830 0.953334
vt 0.943788 0.935732
vt 0.872268 0.931057
vt 0.868024 0.926333
vt 0.856896 0.929293
vt 0.859315 0.934784
vt 0.864241 0.921203
vt 0.855026 0.923530
vt 0.861540 0.937534
vt 0.877262 0.932508
vt 0.884787 0.941978
vt 0.865201 0.946081
vt 0.853553 0.914080
vt 0.860829 0.912670
vt 0.858549 0.905553
vt 0.852611 0.906621
vt 0.851774 0.899590
vt 0.857026 0.898891
vt 0.856214 0.894410
vt 0.851450 0.894836
vt 0.851157 0.890493
vt 0.850869 0.884151
vt 0.870404 0.882141
vt 0.867672 0.873876
vt 0.866327 0.868867
vt 0.865714 0.863826
vt 0.864920 0.858717
vt 0.859801 0.859487
vt 0.859294 0.859924
vt 0.853827 0.863914
vt 0.856319 0.857920
vt 0.855473 0.857524
vt 0.849760 0.860924
vt 0.856819 0.856262
vt 0.856982 0.856193
vt 0.861323 0.851706
vt 0.861226 0.851647
vt 0.863776 0.854593
vt 0.859294 0.856397
vt 0.864095 0.847920
vt 0.867050 0.843146
vt 0.870591 0.835088
vt 0.872166 0.829356
vt 0.872157 0.820803
vt 0.871441 0.828979
vt 0.870418 0.835064
vt 0.866983 0.843106
vt 0.864043 0.847846
vt 0.861185 0.851585
vt 0.856756 0.856186
vt 0.855425 0.857488
vt 0.853317 0.856302
vt 0.850798 0.856246
vt 0.848469 0.855371
vt 0.844225 0.873716
vt 0.844331 0.874224
vt 0.844536 0.874862
vt 0.043405 0.672491
vt 0.041590 0.674507
vt 0.039795 0.660901
vt 0.040616 0.661023
vt 0.055524 0.687300
vt 0.056547 0.693835
vt 0.070409 0.694535
vt 0.070645 0.689883
vt 0.078854 0.680986
vt 0.077652 0.681016
vt 0.076712 0.662468
vt 0.074124 0.662171
vt 0.036185 0.655526
vt 0.043591 0.642360
vt 0.031746 0.654133
vt 0.042830 0.641287
vt 0.060960 0.641782
vt 0.071737 0.676603
vt 0.050103 0.669045
vt 0.057980 0.680848
vt 0.067906 0.683466
vt 0.061344 0.640698
vt 0.080018 0.659402
vt 0.084373 0.655738
vt 0.085792 0.682526
vt 0.092586 0.684987
vt 0.073070 0.701302
vt 0.077045 0.710992
vt 0.051218 0.708123
vt 0.052930 0.700656
vt 0.030041 0.678722
vt 0.035626 0.677725
vt 0.891881 0.951495
vt 0.895214 0.965161
vt 0.868595 0.957343
vt 0.870335 0.972364
vt 0.870427 0.983031
vt 0.896862 0.975293
vt 0.923898 0.963772
vt 0.948800 0.946520
vt 0.974162 0.913904
vt 0.988381 0.881084
vt 0.992939 0.843692
vt 0.978099 0.792091
vt 0.941927 0.745973
vt 0.880227 0.720142
vt 0.882773 0.795971
vt 0.889546 0.795440
vt 0.072857 0.837665
vt 0.082225 0.797315
vt 0.128691 0.802748
vt 0.128691 0.842462
vt 0.072760 0.880420
vt 0.128691 0.876685
vt 0.084735 0.933060
vt 0.059674 0.924208
vt 0.045839 0.868481
vt 0.128691 0.925121
vt 0.128691 0.931868
vt 0.090045 0.938866
vt 0.039098 0.865849
vt 0.051085 0.824333
vt 0.044430 0.814747
vt 0.053746 0.929709
vt 0.059957 0.772489
vt 0.068184 0.787931
vt 0.096093 0.761490
vt 0.095504 0.748430
vt 0.172646 0.933060
vt 0.095356 0.944673
vt 0.167336 0.938866
vt 0.197707 0.924208
vt 0.184621 0.880420
vt 0.211542 0.868481
vt 0.184524 0.837665
vt 0.128691 0.778669
vt 0.113202 0.776858
vt 0.120946 0.771744
vt 0.112392 0.755454
vt 0.175156 0.797315
vt 0.218283 0.865849
vt 0.206296 0.824333
vt 0.212951 0.814747
vt 0.203635 0.929709
vt 0.144179 0.776858
vt 0.161288 0.761490
vt 0.189197 0.787931
vt 0.197424 0.772489
vt 0.161877 0.748430
vt 0.144989 0.755454
vt 0.145284 0.743913
vt 0.128691 0.766630
vt 0.136435 0.771744
vt 0.128691 0.749419
vt 0.112097 0.743913
vt 0.128691 0.742300
vt 0.165194 0.950592
vt 0.162025 0.944673
vt 0.128691 0.938615
vt 0.128691 0.950592
vt 0.092187 0.950592
vt 0.380207 0.066547
vt 0.321190 0.066582
vt 0.321187 0.096928
vt 0.380178 0.096973
vt 0.423523 0.066459
vt 0.423523 0.097116
vt 0.380207 0.113520
vt 0.423523 0.113587
vt 0.423523 0.058348
vt 0.380193 0.058001
vt 0.247689 0.093936
vt 0.237476 0.091039
vt 0.226951 0.066490
vt 0.284250 0.104905
vt 0.321397 0.114622
vt 0.292655 0.121802
vt 0.321176 0.143601
vt 0.290712 0.148635
vt 0.151820 0.077958
vt 0.164276 0.090906
vt 0.080391 0.099194
vt 0.121449 0.099114
vt 0.071063 0.117752
vt 0.109396 0.117877
vt 0.010124 0.008758
vt 0.239952 0.096815
vt 0.167044 0.093783
vt 0.171621 0.098243
vt 0.234948 0.102136
vt 0.135643 0.108109
vt 0.128881 0.103688
vt 0.125428 0.120818
vt 0.117999 0.119420
vt 0.275559 0.106783
vt 0.268705 0.109658
vt 0.277879 0.124532
vt 0.285892 0.123492
vt 0.281192 0.150208
vt 0.274448 0.147624
vt 0.246027 0.166560
vt 0.241633 0.162180
vt 0.201678 0.132308
vt 0.249043 0.169209
vt 0.211040 0.166582
vt 0.212078 0.169338
vt 0.175849 0.166604
vt 0.210705 0.161897
vt 0.179596 0.161611
vt 0.140212 0.147705
vt 0.133119 0.150392
vt 0.128223 0.153915
vt 0.174897 0.169467
vt 0.214256 0.176495
vt 0.173032 0.175982
vt 0.255372 0.176543
vt 0.290583 0.172722
vt 0.214905 0.178628
vt 0.172338 0.178409
vt 0.112042 0.174343
vt 0.124053 0.155674
vt 0.104835 0.151356
vt 0.073736 0.173406
vt 0.073651 0.147945
vt 0.113006 0.177417
vt 0.073748 0.176810
vt 0.257258 0.178728
vt 0.290567 0.175713
vt 0.044048 0.173552
vt 0.044054 0.176922
vt 0.010273 0.173718
vt 0.010273 0.148792
vt 0.044002 0.148341
vt 0.010273 0.177051
vt 0.040549 0.125504
vt 0.010273 0.125493
vt 0.067162 0.125514
vt 0.104355 0.125725
vt 0.041278 0.122780
vt 0.010273 0.122770
vt 0.068531 0.122790
vt 0.106124 0.122971
vt 0.115045 0.123691
vt 0.113448 0.126000
vt 0.121155 0.126133
vt 0.122654 0.124267
vt 0.123868 0.122758
vt 0.116338 0.121822
vt 0.107556 0.120742
vt 0.069639 0.120585
vt 0.041868 0.120576
vt 0.010273 0.120566
vt 0.042625 0.117743
vt 0.047590 0.099188
vt 0.010273 0.117734
vt 0.010273 0.099182
vt 0.010273 0.078198
vt 0.085604 0.078070
vt 0.010047 0.066548
vt 0.125483 0.066517
vt 0.010047 0.057263
vt 0.125459 0.057234
vt 0.226907 0.057208
vt 0.321125 0.057803
vt 0.290554 0.178220
vt 0.321203 0.172004
vt 0.321189 0.156646
vt 0.380278 0.156172
vt 0.380258 0.143548
vt 0.423523 0.143477
vt 0.423523 0.156114
vt 0.380301 0.171034
vt 0.423523 0.170992
vt 0.258781 0.180492
vt 0.215428 0.180350
vt 0.171823 0.180207
vt 0.113699 0.179628
vt 0.073756 0.179259
vt 0.380320 0.183422
vt 0.321215 0.184806
vt 0.380380 0.221895
vt 0.321282 0.222077
vt 0.290518 0.184872
vt 0.293212 0.222347
vt 0.321342 0.237499
vt 0.293310 0.237650
vt 0.380346 0.239733
vt 0.423523 0.221906
vt 0.423523 0.239744
vt 0.423523 0.183393
vt 0.262611 0.184931
vt 0.262335 0.222645
vt 0.216746 0.184682
vt 0.216429 0.222817
vt 0.170614 0.184431
vt 0.170254 0.222990
vt 0.115277 0.184661
vt 0.119831 0.223062
vt 0.170174 0.238033
vt 0.119743 0.238225
vt 0.216459 0.237925
vt 0.073775 0.184834
vt 0.073991 0.223128
vt 0.073896 0.238401
vt 0.262475 0.237817
vt 0.073877 0.241537
vt 0.119725 0.241339
vt 0.170157 0.241122
vt 0.216465 0.241027
vt 0.262503 0.240933
vt 0.293330 0.240793
vt 0.073765 0.182030
vt 0.044133 0.238408
vt 0.044123 0.241525
vt 0.010273 0.238416
vt 0.010273 0.223335
vt 0.044183 0.223225
vt 0.010273 0.184906
vt 0.044068 0.184868
vt 0.010273 0.241512
vt 0.010273 0.182161
vt 0.044063 0.182091
vt 0.044058 0.179348
vt 0.010273 0.179448
vt 0.114483 0.182130
vt 0.171225 0.182294
vt 0.216079 0.182490
vt 0.260673 0.182685
vt 0.290536 0.181420
vt 0.044080 0.290534
vt 0.044068 0.257804
vt 0.010273 0.257681
vt 0.010273 0.290549
vt 0.010273 0.298167
vt 0.044093 0.298144
vt 0.010273 0.246323
vt 0.044106 0.246369
vt 0.044098 0.301022
vt 0.010273 0.301047
vt 0.044116 0.243616
vt 0.010273 0.243589
vt 0.073830 0.300999
vt 0.073821 0.298125
vt 0.123435 0.296840
vt 0.120721 0.288195
vt 0.073797 0.290521
vt 0.073775 0.257912
vt 0.119630 0.257597
vt 0.154621 0.298356
vt 0.171259 0.272119
vt 0.170071 0.257250
vt 0.211999 0.267119
vt 0.216497 0.257225
vt 0.262653 0.257200
vt 0.254740 0.268572
vt 0.170146 0.281251
vt 0.160441 0.299757
vt 0.160815 0.302255
vt 0.155025 0.301264
vt 0.178916 0.287291
vt 0.208626 0.271949
vt 0.209307 0.278894
vt 0.247547 0.278909
vt 0.242732 0.282799
vt 0.267622 0.297030
vt 0.261638 0.297945
vt 0.258096 0.314964
vt 0.263490 0.316340
vt 0.246830 0.336412
vt 0.242778 0.333055
vt 0.213701 0.345275
vt 0.210796 0.347927
vt 0.260986 0.338204
vt 0.213394 0.340389
vt 0.176907 0.337884
vt 0.181004 0.334060
vt 0.156494 0.316197
vt 0.162132 0.315083
vt 0.177540 0.346186
vt 0.142453 0.336062
vt 0.178404 0.350702
vt 0.083389 0.338786
vt 0.103535 0.350748
vt 0.178365 0.352604
vt 0.103517 0.352641
vt 0.129356 0.315704
vt 0.073874 0.314717
vt 0.211248 0.353209
vt 0.210737 0.351434
vt 0.103429 0.362105
vt 0.178168 0.362112
vt 0.178306 0.368953
vt 0.103657 0.368988
vt 0.213785 0.368960
vt 0.213346 0.362083
vt 0.321150 0.351635
vt 0.321166 0.368967
vt 0.380511 0.350314
vt 0.377795 0.360098
vt 0.178307 0.376504
vt 0.103658 0.376554
vt 0.213786 0.376456
vt 0.321167 0.376552
vt 0.178188 0.382839
vt 0.103558 0.382820
vt 0.214103 0.382835
vt 0.321203 0.382830
vt 0.372363 0.379667
vt 0.375079 0.369883
vt 0.178578 0.389860
vt 0.103650 0.389889
vt 0.010273 0.420873
vt 0.213977 0.389854
vt 0.321083 0.389878
vt 0.372303 0.389825
vt 0.423523 0.376505
vt 0.423523 0.367752
vt 0.423523 0.389772
vt 0.423523 0.359000
vt 0.423523 0.350248
vt 0.423523 0.345559
vt 0.380509 0.344967
vt 0.321154 0.348811
vt 0.423523 0.322113
vt 0.380500 0.322243
vt 0.380238 0.296940
vt 0.321338 0.297132
vt 0.321187 0.321991
vt 0.423523 0.296950
vt 0.321419 0.257201
vt 0.285527 0.297064
vt 0.293435 0.257200
vt 0.380303 0.262523
vt 0.282722 0.318224
vt 0.308084 0.348718
vt 0.423523 0.262533
vt 0.293361 0.245675
vt 0.262548 0.245773
vt 0.216474 0.245846
vt 0.170132 0.245921
vt 0.119697 0.246176
vt 0.073846 0.246409
vt 0.119713 0.243427
vt 0.073864 0.243640
vt 0.170146 0.243193
vt 0.216469 0.243107
vt 0.262522 0.243021
vt 0.293343 0.242900
vt 0.321373 0.245585
vt 0.380329 0.249087
vt 0.423523 0.249098
vt 0.010273 0.350639
vt 0.046789 0.350713
vt 0.043946 0.339499
vt 0.010273 0.339793
vt 0.049604 0.352618
vt 0.010273 0.352556
vt 0.010273 0.314790
vt 0.044121 0.314751
vt 0.050986 0.362116
vt 0.010273 0.362141
vt 0.052571 0.368984
vt 0.010273 0.368947
vt 0.052571 0.376567
vt 0.010273 0.376552
vt 0.052511 0.382823
vt 0.010273 0.382844
vt 0.053904 0.389849
vt 0.010273 0.389735
vt 0.044106 0.305710
vt 0.010273 0.305740
vt 0.010273 0.303143
vt 0.044101 0.303115
vt 0.073845 0.305684
vt 0.126132 0.305434
vt 0.155682 0.306002
vt 0.161424 0.306325
vt 0.125207 0.302486
vt 0.073837 0.303091
vt 0.155318 0.303379
vt 0.161087 0.304072
vt 0.181004 0.334060
vt 0.213394 0.340389
vt 0.211295 0.308110
vt 0.242778 0.333055
vt 0.258096 0.314964
vt 0.261638 0.297945
vt 0.242732 0.282799
vt 0.209307 0.278894
vt 0.178916 0.287291
vt 0.160441 0.299757
vt 0.162132 0.315083
vt 0.161424 0.306325
vt 0.161087 0.304072
vt 0.160815 0.302255
vt 0.181004 0.334060
vt 0.213394 0.340389
vt 0.242778 0.333055
vt 0.258096 0.314964
vt 0.261638 0.297945
vt 0.242732 0.282799
vt 0.209307 0.278894
vt 0.178916 0.287291
vt 0.160441 0.299757
vt 0.160815 0.302255
vt 0.161087 0.304072
vt 0.162132 0.315083
vt 0.079604 0.078081
vt 0.116289 0.066520
vt 0.044617 0.099188
vt 0.040049 0.117743
vt 0.116267 0.057236
vt 0.226951 0.066490
vt 0.226907 0.057208
vt 0.321125 0.057803
vt 0.321190 0.066582
vt 0.380193 0.058001
vt 0.380207 0.066547
vt 0.321187 0.096928
vt 0.380178 0.096973
vt 0.321397 0.114622
vt 0.380207 0.113520
vt 0.237786 0.091761
vt 0.151820 0.077958
vt 0.164276 0.090906
vt 0.080391 0.099194
vt 0.121449 0.099114
vt 0.239952 0.096815
vt 0.247204 0.094117
vt 0.283164 0.105140
vt 0.275559 0.106783
vt 0.291810 0.122013
vt 0.285892 0.123492
vt 0.287856 0.149107
vt 0.281192 0.150208
vt 0.277879 0.124532
vt 0.274448 0.147624
vt 0.167044 0.093783
vt 0.171621 0.098243
vt 0.234948 0.102136
vt 0.268705 0.109658
vt 0.246027 0.166560
vt 0.241633 0.162180
vt 0.135643 0.108109
vt 0.128881 0.103688
vt 0.201678 0.132308
vt 0.208730 0.161878
vt 0.249043 0.169209
vt 0.208806 0.166584
vt 0.175849 0.166604
vt 0.179596 0.161611
vt 0.140212 0.147705
vt 0.133119 0.150392
vt 0.121155 0.126133
vt 0.113448 0.126000
vt 0.128223 0.153915
vt 0.174897 0.169467
vt 0.209718 0.169346
vt 0.211503 0.176016
vt 0.173032 0.175982
vt 0.212167 0.178500
vt 0.172338 0.178409
vt 0.118192 0.177524
vt 0.117230 0.174505
vt 0.119128 0.152920
vt 0.110032 0.151925
vt 0.104502 0.125741
vt 0.073736 0.173406
vt 0.073651 0.147945
vt 0.073748 0.176810
vt 0.257150 0.178604
vt 0.254950 0.176054
vt 0.290888 0.175830
vt 0.290553 0.172878
vt 0.321176 0.143601
vt 0.380258 0.143548
vt 0.380278 0.156172
vt 0.321189 0.156646
vt 0.380301 0.171034
vt 0.321203 0.172004
vt 0.291168 0.178304
vt 0.258781 0.180492
vt 0.212660 0.180341
vt 0.171823 0.180207
vt 0.118885 0.179696
vt 0.073756 0.179259
vt 0.380320 0.183422
vt 0.321215 0.184806
vt 0.380380 0.221895
vt 0.321282 0.222077
vt 0.321342 0.237499
vt 0.380346 0.239733
vt 0.291808 0.222361
vt 0.291913 0.184869
vt 0.262611 0.184931
vt 0.262335 0.222645
vt 0.291908 0.237658
vt 0.262475 0.237817
vt 0.291527 0.181463
vt 0.260673 0.182685
vt 0.213232 0.182478
vt 0.213818 0.184666
vt 0.171225 0.182294
vt 0.170614 0.184431
vt 0.213497 0.222828
vt 0.170254 0.222990
vt 0.213520 0.237931
vt 0.170174 0.238033
vt 0.120461 0.184640
vt 0.120399 0.223061
vt 0.073775 0.184834
vt 0.073991 0.223128
vt 0.120311 0.238223
vt 0.073896 0.238401
vt 0.213525 0.241033
vt 0.262503 0.240933
vt 0.291929 0.240799
vt 0.170157 0.241122
vt 0.120293 0.241337
vt 0.073877 0.241537
vt 0.119668 0.182153
vt 0.073765 0.182030
vt 0.041372 0.182097
vt 0.041368 0.179356
vt 0.041377 0.184871
vt 0.041483 0.223233
vt 0.041436 0.238408
vt 0.041427 0.241524
vt 0.041358 0.173565
vt 0.041316 0.148377
vt 0.041363 0.176933
vt 0.067162 0.125514
vt 0.038138 0.125503
vt 0.068531 0.122790
vt 0.106256 0.122985
vt 0.115045 0.123691
vt 0.122654 0.124267
vt 0.038808 0.122780
vt 0.123868 0.122758
vt 0.125428 0.120818
vt 0.117999 0.119420
vt 0.109500 0.117889
vt 0.071063 0.117752
vt 0.116338 0.121822
vt 0.107676 0.120755
vt 0.069639 0.120585
vt 0.039351 0.120575
vt 0.321419 0.257201
vt 0.380303 0.262523
vt 0.380238 0.296940
vt 0.321338 0.297132
vt 0.380500 0.322243
vt 0.321187 0.321991
vt 0.285527 0.297064
vt 0.292036 0.257200
vt 0.282722 0.318224
vt 0.267622 0.297030
vt 0.263490 0.316340
vt 0.255100 0.268055
vt 0.247547 0.278909
vt 0.258096 0.314964
vt 0.261638 0.297945
vt 0.208626 0.271949
vt 0.211088 0.265883
vt 0.171205 0.271443
vt 0.170146 0.281251
vt 0.209307 0.278894
vt 0.242732 0.282799
vt 0.246830 0.336412
vt 0.242778 0.333055
vt 0.213701 0.345275
vt 0.213394 0.340389
vt 0.176907 0.337884
vt 0.181004 0.334060
vt 0.156494 0.316197
vt 0.162132 0.315083
vt 0.161424 0.306325
vt 0.155682 0.306002
vt 0.178916 0.287291
vt 0.160441 0.299757
vt 0.154621 0.298356
vt 0.126350 0.305423
vt 0.129356 0.315704
vt 0.142453 0.336062
vt 0.178404 0.350702
vt 0.177540 0.346186
vt 0.210796 0.347927
vt 0.210737 0.351434
vt 0.178365 0.352604
vt 0.211248 0.353209
vt 0.213346 0.362083
vt 0.321150 0.351635
vt 0.213785 0.368960
vt 0.178168 0.362112
vt 0.178306 0.368953
vt 0.321166 0.368967
vt 0.213786 0.376456
vt 0.178307 0.376504
vt 0.321167 0.376552
vt 0.214103 0.382835
vt 0.178188 0.382839
vt 0.321203 0.382830
vt 0.213977 0.389854
vt 0.178578 0.389860
vt 0.321083 0.389878
vt 0.372303 0.389825
vt 0.372363 0.379667
vt 0.375079 0.369883
vt 0.377795 0.360098
vt 0.380511 0.350314
vt 0.380509 0.345635
vt 0.311516 0.349484
vt 0.303488 0.347692
vt 0.263345 0.338731
vt 0.041387 0.290535
vt 0.041377 0.257794
vt 0.041399 0.298146
vt 0.041412 0.246365
vt 0.041404 0.301024
vt 0.041420 0.243614
vt 0.073864 0.243640
vt 0.073846 0.246409
vt 0.120265 0.246174
vt 0.120199 0.257593
vt 0.170132 0.245921
vt 0.170071 0.257250
vt 0.121304 0.288166
vt 0.073775 0.257912
vt 0.073797 0.290521
vt 0.123834 0.296820
vt 0.073821 0.298125
vt 0.213550 0.257227
vt 0.262653 0.257200
vt 0.262548 0.245773
vt 0.291961 0.245679
vt 0.321373 0.245585
vt 0.380329 0.249087
vt 0.213532 0.245851
vt 0.291942 0.242905
vt 0.262522 0.243021
vt 0.213528 0.243112
vt 0.170146 0.243193
vt 0.120281 0.243424
vt 0.041264 0.339522
vt 0.044361 0.350708
vt 0.047432 0.352615
vt 0.041425 0.314754
vt 0.048943 0.362117
vt 0.050647 0.368982
vt 0.050648 0.376566
vt 0.050590 0.382823
vt 0.052112 0.389844
vt 0.041411 0.305713
vt 0.041407 0.303117
vt 0.073837 0.303091
vt 0.073845 0.305684
vt 0.125487 0.302472
vt 0.073874 0.314717
vt 0.155318 0.303379
vt 0.161087 0.304072
vt 0.083389 0.338786
vt 0.102346 0.350749
vt 0.103517 0.352641
vt 0.103429 0.362105
vt 0.103657 0.368988
vt 0.103658 0.376554
vt 0.103558 0.382820
vt 0.103650 0.389889
vt 0.213394 0.340389
vt 0.181004 0.334060
vt 0.211295 0.308110
vt 0.242778 0.333055
vt 0.258096 0.314964
vt 0.261638 0.297945
vt 0.242732 0.282799
vt 0.209307 0.278894
vt 0.178916 0.287291
vt 0.160441 0.299757
vt 0.162132 0.315083
vt 0.161424 0.306325
vt 0.161087 0.304072
vt 0.160815 0.302255
vt 0.124791 0.300092
vt 0.073830 0.300999
vt 0.155025 0.301264
vt 0.160815 0.302255
vt 0.124461 0.300108
vt 0.161087 0.304072
vt 0.160815 0.302255
vt 0.213394 0.340389
vt 0.181004 0.334060
vt 0.242778 0.333055
vt 0.258096 0.314964
vt 0.261638 0.297945
vt 0.242732 0.282799
vt 0.209307 0.278894
vt 0.178916 0.287291
vt 0.160441 0.299757
vt 0.162132 0.315083
vt 0.181004 0.334060
vt 0.213394 0.340389
vt 0.213394 0.340389
vt 0.181004 0.334060
vt 0.242778 0.333055
vt 0.242778 0.333055
vt 0.181004 0.334060
vt 0.213394 0.340389
vt 0.242778 0.333055
vt 0.213394 0.340389
vt 0.242778 0.333055
vt 0.181004 0.334060
vt 0.242778 0.333055
vt 0.258096 0.314964
vt 0.258096 0.314964
vt 0.242778 0.333055
vt 0.242778 0.333055
vt 0.258096 0.314964
vt 0.258096 0.314964
vt 0.261638 0.297945
vt 0.261638 0.297945
vt 0.258096 0.314964
vt 0.242732 0.282799
vt 0.242732 0.282799
vt 0.209307 0.278894
vt 0.209307 0.278894
vt 0.178916 0.287291
vt 0.178916 0.287291
vt 0.160441 0.299757
vt 0.160441 0.299757
vt 0.258096 0.314964
vt 0.261638 0.297945
vt 0.242732 0.282799
vt 0.209307 0.278894
vt 0.178916 0.287291
vt 0.160441 0.299757
vt 0.161424 0.306325
vt 0.162132 0.315083
vt 0.162132 0.315083
vt 0.161424 0.306325
vt 0.181004 0.334060
vt 0.181004 0.334060
vt 0.161424 0.306325
vt 0.162132 0.315083
vt 0.181004 0.334060
vt 0.161087 0.304072
vt 0.161424 0.306325
vt 0.161424 0.306325
vt 0.161087 0.304072
vt 0.161087 0.304072
vt 0.161087 0.304072
vt 0.161087 0.304072
vt 0.161424 0.306325
vt 0.161087 0.304072
vt 0.162132 0.315083
vt 0.161424 0.306325
vt 0.161424 0.306325
vt 0.162132 0.315083
vt 0.162132 0.315083
vt 0.161424 0.306325
vt 0.160441 0.299757
vt 0.160815 0.302255
vt 0.160815 0.302255
vt 0.160441 0.299757
vt 0.160441 0.299757
vt 0.160815 0.302255
vt 0.160815 0.302255
vt 0.161087 0.304072
vt 0.161087 0.304072
vt 0.160815 0.302255
vt 0.160815 0.302255
vt 0.161087 0.304072
vt 0.160815 0.302255
vt 0.160441 0.299757
vt 0.160441 0.299757
vt 0.160815 0.302255
vt 0.160441 0.299757
vt 0.242778 0.333055
vt 0.258096 0.314964
vt 0.258096 0.314964
vt 0.261638 0.297945
vt 0.242732 0.282799
vt 0.209307 0.278894
vt 0.178916 0.287291
vt 0.160441 0.299757
vt 0.161424 0.306325
vt 0.162132 0.315083
vt 0.181004 0.334060
vt 0.161087 0.304072
vt 0.161424 0.306325
vt 0.161087 0.304072
vt 0.162132 0.315083
vt 0.161424 0.306325
vt 0.160441 0.299757
vt 0.160815 0.302255
vt 0.160815 0.302255
vt 0.161087 0.304072
vt 0.160441 0.299757
vt 0.380142 0.505445
vt 0.378319 0.506040
vt 0.384854 0.535496
vt 0.387300 0.535281
vt 0.362297 0.478693
vt 0.363595 0.477732
vt 0.386731 0.571331
vt 0.384514 0.571301
vt 0.378455 0.600528
vt 0.376616 0.599952
vt 0.360673 0.626668
vt 0.361903 0.627567
vt 0.335030 0.461113
vt 0.335836 0.459800
vt 0.316260 0.456751
vt 0.315863 0.458074
vt 0.296683 0.453701
vt 0.296696 0.455035
vt 0.333780 0.643456
vt 0.334562 0.644551
vt 0.315578 0.647368
vt 0.315182 0.646214
vt 0.296595 0.650184
vt 0.296584 0.648972
vt 0.316648 0.455452
vt 0.336626 0.458513
vt 0.317753 0.451763
vt 0.338871 0.454853
vt 0.320554 0.443058
vt 0.296635 0.438901
vt 0.296635 0.448673
vt 0.344473 0.447214
vt 0.375969 0.467937
vt 0.368487 0.474114
vt 0.395642 0.499548
vt 0.386681 0.503313
vt 0.396072 0.534512
vt 0.405058 0.534142
vt 0.404456 0.572067
vt 0.394681 0.571437
vt 0.394427 0.605062
vt 0.385046 0.602594
vt 0.366539 0.630955
vt 0.374537 0.636242
vt 0.343094 0.656731
vt 0.337506 0.648678
vt 0.319911 0.660892
vt 0.317070 0.651715
vt 0.296729 0.665052
vt 0.296635 0.654752
vt 0.335328 0.645625
vt 0.315967 0.648499
vt 0.363110 0.628449
vt 0.380126 0.601052
vt 0.388747 0.571358
vt 0.389524 0.535086
vt 0.296605 0.651374
vt 0.381368 0.640757
vt 0.402438 0.607169
vt 0.412804 0.572606
vt 0.412732 0.533825
vt 0.403294 0.496333
vt 0.382358 0.462661
vt 0.349258 0.440689
vt 0.322946 0.435622
vt 0.296635 0.430556
vt 0.394526 0.499886
vt 0.404420 0.534227
vt 0.385993 0.502915
vt 0.394351 0.534589
vt 0.375038 0.504588
vt 0.383511 0.534416
vt 0.361257 0.510960
vt 0.368161 0.536911
vt 0.374613 0.468574
vt 0.343076 0.448604
vt 0.367098 0.474338
vt 0.338022 0.455478
vt 0.358195 0.479252
vt 0.330971 0.463212
vt 0.346865 0.489878
vt 0.323275 0.476927
vt 0.383345 0.572635
vt 0.395743 0.572228
vt 0.404798 0.572346
vt 0.394901 0.605698
vt 0.385993 0.603634
vt 0.375038 0.601961
vt 0.361257 0.595589
vt 0.368161 0.569638
vt 0.374014 0.636753
vt 0.347867 0.663608
vt 0.342613 0.656738
vt 0.367098 0.632211
vt 0.337678 0.650382
vt 0.358195 0.627297
vt 0.330971 0.643338
vt 0.346865 0.616671
vt 0.323275 0.629622
vt 0.319624 0.661006
vt 0.322338 0.668729
vt 0.317155 0.653593
vt 0.313799 0.645488
vt 0.309955 0.630802
vt 0.296634 0.665274
vt 0.296809 0.673850
vt 0.296633 0.656804
vt 0.296626 0.647638
vt 0.296635 0.631982
vt 0.309955 0.630802
vt 0.323275 0.629622
vt 0.346865 0.616671
vt 0.361257 0.595589
vt 0.368161 0.569638
vt 0.368161 0.536911
vt 0.361257 0.510960
vt 0.346865 0.489878
vt 0.323275 0.476927
vt 0.309955 0.475747
vt 0.313799 0.461061
vt 0.296626 0.458911
vt 0.317327 0.452612
vt 0.296633 0.449745
vt 0.319855 0.444481
vt 0.296634 0.440358
vt 0.296635 0.474568
vt 0.309955 0.475747
vt 0.296635 0.474568
vt 0.309955 0.475747
vt 0.309955 0.475747
vt 0.323275 0.476927
vt 0.313799 0.461061
vt 0.317327 0.452612
vt 0.319855 0.444481
vt 0.322946 0.435622
vt 0.349258 0.440689
vt 0.343076 0.448604
vt 0.374613 0.468574
vt 0.382358 0.462661
vt 0.367098 0.474338
vt 0.338022 0.455478
vt 0.358195 0.479252
vt 0.330971 0.463212
vt 0.346865 0.489878
vt 0.394526 0.499886
vt 0.403294 0.496333
vt 0.412732 0.533825
vt 0.404420 0.534227
vt 0.385993 0.502915
vt 0.394351 0.534589
vt 0.375038 0.504588
vt 0.383511 0.534416
vt 0.361257 0.510960
vt 0.368161 0.536911
vt 0.404798 0.572346
vt 0.412804 0.572606
vt 0.395743 0.572228
vt 0.383345 0.572635
vt 0.368161 0.569638
vt 0.394901 0.605698
vt 0.402438 0.607169
vt 0.385993 0.603634
vt 0.375038 0.601961
vt 0.361257 0.595589
vt 0.381368 0.640757
vt 0.374014 0.636753
vt 0.347867 0.663608
vt 0.342613 0.656738
vt 0.367098 0.632211
vt 0.337678 0.650382
vt 0.358195 0.627297
vt 0.330971 0.643338
vt 0.346865 0.616671
vt 0.323275 0.629622
vt 0.319624 0.661006
vt 0.322338 0.668729
vt 0.317155 0.653593
vt 0.313799 0.645488
vt 0.309955 0.630802
vt 0.323275 0.629622
vt 0.346865 0.616671
vt 0.361257 0.595589
vt 0.368161 0.569638
vt 0.368161 0.536911
vt 0.361257 0.510960
vt 0.346865 0.489878
vt 0.323275 0.476927
vt 0.381800 0.504905
vt 0.364869 0.476791
vt 0.296671 0.452392
vt 0.380142 0.505445
vt 0.387300 0.535281
vt 0.384854 0.535496
vt 0.377909 0.506173
vt 0.362297 0.478693
vt 0.363595 0.477732
vt 0.386731 0.571331
vt 0.384514 0.571301
vt 0.378455 0.600528
vt 0.376616 0.599952
vt 0.360673 0.626668
vt 0.361903 0.627567
vt 0.335030 0.461113
vt 0.335836 0.459800
vt 0.316260 0.456751
vt 0.315863 0.458074
vt 0.333780 0.643456
vt 0.334562 0.644551
vt 0.315578 0.647368
vt 0.315182 0.646214
vt 0.316648 0.455452
vt 0.336626 0.458513
vt 0.317753 0.451763
vt 0.338871 0.454853
vt 0.320554 0.443058
vt 0.344473 0.447214
vt 0.375969 0.467937
vt 0.368487 0.474114
vt 0.395642 0.499548
vt 0.386681 0.503313
vt 0.396072 0.534512
vt 0.405058 0.534142
vt 0.404456 0.572067
vt 0.394681 0.571437
vt 0.394427 0.605062
vt 0.385046 0.602594
vt 0.366539 0.630955
vt 0.374537 0.636242
vt 0.343094 0.656731
vt 0.337506 0.648678
vt 0.319911 0.660892
vt 0.317070 0.651715
vt 0.335328 0.645625
vt 0.315967 0.648499
vt 0.363110 0.628449
vt 0.380126 0.601052
vt 0.388747 0.571358
vt 0.389524 0.535086
vt 0.381800 0.504905
vt 0.364869 0.476791
vt 0.296635 0.631982
vt 0.309955 0.630802
vt 0.210668 0.504262
vt 0.202970 0.535890
vt 0.214062 0.536324
vt 0.220413 0.507301
vt 0.194364 0.498091
vt 0.184672 0.535479
vt 0.235304 0.479634
vt 0.229408 0.474345
vt 0.263038 0.461810
vt 0.258958 0.456115
vt 0.216313 0.464553
vt 0.249086 0.441656
vt 0.301759 0.448941
vt 0.301827 0.455997
vt 0.301759 0.430671
vt 0.340094 0.462116
vt 0.344353 0.455174
vt 0.374220 0.474598
vt 0.367355 0.479675
vt 0.388208 0.463048
vt 0.354827 0.440890
vt 0.392568 0.504044
vt 0.383308 0.507063
vt 0.389617 0.536596
vt 0.402038 0.535508
vt 0.409321 0.497005
vt 0.418839 0.534814
vt 0.400635 0.572744
vt 0.389378 0.572595
vt 0.418912 0.573923
vt 0.390919 0.604166
vt 0.381585 0.601240
vt 0.408458 0.608780
vt 0.365750 0.628013
vt 0.372255 0.632767
vt 0.338845 0.644849
vt 0.342976 0.650640
vt 0.387209 0.642652
vt 0.353424 0.665696
vt 0.301759 0.656765
vt 0.301703 0.650356
vt 0.265026 0.644254
vt 0.260757 0.650510
vt 0.231376 0.632093
vt 0.238553 0.627177
vt 0.216657 0.643141
vt 0.250745 0.666296
vt 0.301934 0.676025
vt 0.212641 0.603948
vt 0.222343 0.601176
vt 0.213438 0.572343
vt 0.203017 0.572970
vt 0.183590 0.573184
vt 0.195016 0.609965
vt 0.203342 0.500800
vt 0.193707 0.535134
vt 0.211640 0.503643
vt 0.201808 0.535315
vt 0.222675 0.505330
vt 0.214298 0.534905
vt 0.236590 0.511756
vt 0.229627 0.537927
vt 0.301759 0.514398
vt 0.251104 0.490495
vt 0.274893 0.477435
vt 0.301759 0.475055
vt 0.267115 0.463603
vt 0.239660 0.479780
vt 0.260364 0.456500
vt 0.230695 0.474824
vt 0.255135 0.449845
vt 0.223800 0.469816
vt 0.301758 0.440556
vt 0.301757 0.450023
vt 0.301750 0.459267
vt 0.348593 0.448872
vt 0.380397 0.469011
vt 0.372819 0.474824
vt 0.343497 0.455805
vt 0.363840 0.479780
vt 0.336386 0.463603
vt 0.352414 0.490495
vt 0.328625 0.477435
vt 0.366929 0.511756
vt 0.373891 0.537927
vt 0.389371 0.535410
vt 0.380826 0.505330
vt 0.400303 0.535585
vt 0.391873 0.503643
vt 0.410456 0.535220
vt 0.400479 0.500588
vt 0.410838 0.573661
vt 0.401706 0.573542
vt 0.389203 0.573953
vt 0.373891 0.570931
vt 0.301759 0.594460
vt 0.229627 0.570931
vt 0.214298 0.573953
vt 0.201808 0.573542
vt 0.192760 0.573572
vt 0.203721 0.607390
vt 0.211640 0.605214
vt 0.222675 0.603527
vt 0.236590 0.597102
vt 0.251104 0.618362
vt 0.274893 0.631423
vt 0.301759 0.633802
vt 0.267115 0.645254
vt 0.239660 0.629078
vt 0.260364 0.652358
vt 0.230695 0.634034
vt 0.255600 0.659364
vt 0.223932 0.638208
vt 0.301758 0.667376
vt 0.301757 0.658835
vt 0.301750 0.649591
vt 0.348127 0.658768
vt 0.379793 0.638614
vt 0.372819 0.634034
vt 0.343149 0.652358
vt 0.363840 0.629078
vt 0.336386 0.645254
vt 0.352414 0.618362
vt 0.328625 0.631423
vt 0.366929 0.597102
vt 0.380826 0.603527
vt 0.391873 0.605214
vt 0.400857 0.607296
vt 0.599739 0.377410
vt 0.471142 0.378032
vt 0.536238 0.267756
vt 0.536352 0.230325
vt 0.632296 0.396853
vt 0.437729 0.397740
vt 0.580325 0.613822
vt 0.620954 0.542128
vt 0.635793 0.542122
vt 0.587973 0.627276
vt 0.493452 0.613769
vt 0.485768 0.627329
vt 0.453743 0.542119
vt 0.438094 0.542155
vt 0.493706 0.468856
vt 0.485896 0.456131
vt 0.536772 0.468799
vt 0.536747 0.456133
vt 0.580140 0.468743
vt 0.588493 0.456217
vt 0.536805 0.542026
vt 0.580500 0.469101
vt 0.537143 0.469111
vt 0.537143 0.456365
vt 0.587826 0.456304
vt 0.620308 0.542242
vt 0.635673 0.542281
vt 0.580400 0.613253
vt 0.588071 0.626878
vt 0.537143 0.613471
vt 0.537143 0.626892
vt 0.537143 0.542524
vt 0.579840 0.615324
vt 0.535759 0.615487
vt 0.535759 0.627773
vt 0.586936 0.628001
vt 0.620903 0.542179
vt 0.636495 0.542258
vt 0.566620 0.591712
vt 0.535759 0.591716
vt 0.590413 0.541887
vt 0.535759 0.541990
vt 0.536209 0.268645
vt 0.599407 0.377584
vt 0.632093 0.398005
vt 0.536258 0.231613
vt 0.471430 0.377802
vt 0.437610 0.397709
vt 0.471142 0.378032
vt 0.599739 0.377410
vt 0.536238 0.267756
vt 0.536352 0.230325
vt 0.632296 0.396853
vt 0.437729 0.397740
vt 0.580325 0.613822
vt 0.587973 0.627276
vt 0.635793 0.542122
vt 0.620954 0.542128
vt 0.493452 0.613769
vt 0.485768 0.627329
vt 0.453743 0.542119
vt 0.438094 0.542155
vt 0.493706 0.468856
vt 0.485896 0.456131
vt 0.536772 0.468799
vt 0.536747 0.456133
vt 0.580140 0.468743
vt 0.588493 0.456217
vt 0.536805 0.542026
vt 0.580500 0.469101
vt 0.587826 0.456304
vt 0.620308 0.542242
vt 0.635673 0.542281
vt 0.580400 0.613253
vt 0.588071 0.626878
vt 0.579840 0.615324
vt 0.586936 0.628001
vt 0.620903 0.542179
vt 0.636495 0.542258
vt 0.566620 0.591712
vt 0.590413 0.541887
vt 0.536252 0.268834
vt 0.536274 0.231594
vt 0.632237 0.397981
vt 0.599609 0.377725
vt 0.471372 0.377841
vt 0.437588 0.397803
vt 0.471142 0.378032
vt 0.599739 0.377410
vt 0.536238 0.267756
vt 0.536352 0.230325
vt 0.632296 0.396853
vt 0.437729 0.397740
vt 0.580325 0.613822
vt 0.620954 0.542128
vt 0.493452 0.613769
vt 0.485768 0.627329
vt 0.453743 0.542119
vt 0.438094 0.542155
vt 0.493706 0.468856
vt 0.485896 0.456131
vt 0.536772 0.468799
vt 0.536747 0.456133
vt 0.580140 0.468743
vt 0.588493 0.456217
vt 0.536805 0.542026
vt 0.580500 0.469101
vt 0.587826 0.456304
vt 0.537143 0.456365
vt 0.537143 0.469111
vt 0.620308 0.542242
vt 0.635673 0.542281
vt 0.580400 0.613253
vt 0.588071 0.626878
vt 0.537143 0.613471
vt 0.537143 0.626892
vt 0.537143 0.542524
vt 0.579840 0.615324
vt 0.586936 0.628001
vt 0.535759 0.627773
vt 0.535759 0.615487
vt 0.566620 0.591712
vt 0.535759 0.591716
vt 0.599739 0.377410
vt 0.471142 0.378032
vt 0.536238 0.267756
vt 0.536352 0.230325
vt 0.632296 0.396853
vt 0.437729 0.397740
vt 0.580325 0.613822
vt 0.620954 0.542128
vt 0.493452 0.613769
vt 0.485768 0.627329
vt 0.453743 0.542119
vt 0.438094 0.542155
vt 0.493706 0.468856
vt 0.485896 0.456131
vt 0.536772 0.468799
vt 0.536747 0.456133
vt 0.580140 0.468743
vt 0.588493 0.456217
vt 0.536805 0.542026
vt 0.580500 0.469101
vt 0.587826 0.456304
vt 0.620308 0.542242
vt 0.635673 0.542281
vt 0.580400 0.613253
vt 0.588071 0.626878
vt 0.579840 0.615324
vt 0.586936 0.628001
vt 0.566620 0.591712
vt 0.748410 0.260130
vt 0.737626 0.259782
vt 0.738974 0.252603
vt 0.749422 0.253066
vt 0.759159 0.260475
vt 0.759869 0.253529
vt 0.758454 0.267483
vt 0.747392 0.267226
vt 0.736277 0.266961
vt 0.769834 0.260815
vt 0.770316 0.253992
vt 0.780065 0.261117
vt 0.780763 0.254455
vt 0.780126 0.267946
vt 0.769412 0.267726
vt 0.769110 0.274810
vt 0.757761 0.274617
vt 0.780361 0.274980
vt 0.780605 0.282298
vt 0.768819 0.282140
vt 0.757070 0.281949
vt 0.746358 0.274388
vt 0.734929 0.274140
vt 0.745411 0.281705
vt 0.733580 0.281319
vt 0.789479 0.261345
vt 0.788523 0.254660
vt 0.798366 0.261584
vt 0.796283 0.254864
vt 0.800375 0.268384
vt 0.790454 0.268136
vt 0.807016 0.261919
vt 0.804043 0.255069
vt 0.815412 0.262851
vt 0.811803 0.255274
vt 0.818829 0.269509
vt 0.809867 0.268778
vt 0.812471 0.275653
vt 0.802238 0.275346
vt 0.821970 0.276119
vt 0.824719 0.282995
vt 0.814720 0.282778
vt 0.803843 0.282601
vt 0.791469 0.275140
vt 0.792375 0.282446
vt 0.780694 0.289977
vt 0.768431 0.289785
vt 0.767983 0.297725
vt 0.780658 0.297980
vt 0.755654 0.297417
vt 0.756372 0.289553
vt 0.767513 0.305937
vt 0.780528 0.306266
vt 0.767055 0.314401
vt 0.780337 0.314798
vt 0.754200 0.313906
vt 0.754902 0.305533
vt 0.742957 0.305055
vt 0.743896 0.297055
vt 0.742038 0.313315
vt 0.730837 0.312631
vt 0.731934 0.304505
vt 0.722095 0.303883
vt 0.723531 0.296237
vt 0.714864 0.295776
vt 0.716875 0.288650
vt 0.709120 0.288485
vt 0.711667 0.281789
vt 0.704363 0.281945
vt 0.701509 0.288315
vt 0.718972 0.281632
vt 0.706647 0.295247
vt 0.698655 0.294684
vt 0.724917 0.288804
vt 0.726276 0.281476
vt 0.733943 0.288993
vt 0.733068 0.296656
vt 0.713028 0.303119
vt 0.720861 0.311857
vt 0.711635 0.310880
vt 0.704324 0.302140
vt 0.695801 0.301053
vt 0.702680 0.309588
vt 0.692947 0.307422
vt 0.744653 0.289266
vt 0.693745 0.316660
vt 0.702247 0.318016
vt 0.694543 0.325898
vt 0.702490 0.326955
vt 0.695341 0.335136
vt 0.702872 0.335934
vt 0.696140 0.344374
vt 0.703189 0.344621
vt 0.710757 0.327980
vt 0.710790 0.336765
vt 0.710902 0.345372
vt 0.710958 0.319259
vt 0.720087 0.320274
vt 0.719664 0.328940
vt 0.730070 0.321128
vt 0.729574 0.329822
vt 0.719486 0.337660
vt 0.719445 0.346240
vt 0.729284 0.338543
vt 0.729141 0.347118
vt 0.740512 0.339332
vt 0.740310 0.347897
vt 0.740847 0.330610
vt 0.753188 0.331297
vt 0.752857 0.340023
vt 0.752629 0.348574
vt 0.741346 0.321885
vt 0.753632 0.322542
vt 0.766648 0.323094
vt 0.766296 0.331876
vt 0.780114 0.323536
vt 0.779876 0.332341
vt 0.766003 0.340606
vt 0.765774 0.349144
vt 0.779639 0.341077
vt 0.779420 0.349604
vt 0.793450 0.341427
vt 0.793243 0.349950
vt 0.807028 0.341652
vt 0.807144 0.332905
vt 0.820016 0.332995
vt 0.819882 0.324153
vt 0.831566 0.324108
vt 0.830991 0.315314
vt 0.819512 0.315360
vt 0.830057 0.306708
vt 0.818855 0.306751
vt 0.806972 0.315284
vt 0.806600 0.306684
vt 0.793778 0.315095
vt 0.793691 0.306519
vt 0.793452 0.298186
vt 0.805982 0.298330
vt 0.793025 0.290145
vt 0.805077 0.290282
vt 0.816504 0.290386
vt 0.817868 0.298402
vt 0.826958 0.290451
vt 0.828725 0.298387
vt 0.838172 0.298275
vt 0.839804 0.306543
vt 0.846214 0.298096
vt 0.848042 0.306332
vt 0.852857 0.297878
vt 0.850983 0.289844
vt 0.856299 0.289616
vt 0.856198 0.280749
vt 0.848762 0.282895
vt 0.857924 0.297825
vt 0.844053 0.290314
vt 0.841482 0.283324
vt 0.854714 0.306147
vt 0.859766 0.306063
vt 0.856317 0.314648
vt 0.861467 0.314452
vt 0.849471 0.314898
vt 0.841003 0.315140
vt 0.836093 0.290471
vt 0.833554 0.283267
vt 0.841783 0.323929
vt 0.831835 0.332952
vt 0.819964 0.341747
vt 0.831852 0.341707
vt 0.819779 0.350271
vt 0.831671 0.350235
vt 0.806833 0.350174
vt 0.842282 0.341527
vt 0.842099 0.350058
vt 0.842193 0.332771
vt 0.850978 0.332501
vt 0.851133 0.341255
vt 0.850941 0.349788
vt 0.850437 0.323668
vt 0.857430 0.323379
vt 0.858077 0.332192
vt 0.862667 0.323114
vt 0.863378 0.331890
vt 0.858283 0.340939
vt 0.858075 0.349472
vt 0.863611 0.340624
vt 0.863379 0.349157
vt 0.850440 0.357958
vt 0.841693 0.358224
vt 0.831347 0.358398
vt 0.830857 0.366219
vt 0.819133 0.366251
vt 0.819511 0.358432
vt 0.806311 0.366159
vt 0.806602 0.358335
vt 0.818618 0.373753
vt 0.830180 0.373721
vt 0.817940 0.380960
vt 0.829293 0.380927
vt 0.805453 0.380897
vt 0.805936 0.373671
vt 0.792564 0.373485
vt 0.792817 0.365953
vt 0.792264 0.380739
vt 0.778805 0.380491
vt 0.778936 0.373203
vt 0.765508 0.380154
vt 0.765482 0.372834
vt 0.779077 0.365643
vt 0.765516 0.365239
vt 0.779235 0.357784
vt 0.765612 0.357349
vt 0.752455 0.364727
vt 0.752495 0.356805
vt 0.752669 0.379697
vt 0.752513 0.372354
vt 0.740338 0.371737
vt 0.740216 0.364093
vt 0.740583 0.379085
vt 0.729547 0.378288
vt 0.729269 0.370958
vt 0.719857 0.377272
vt 0.719615 0.369993
vt 0.711165 0.376148
vt 0.711017 0.368926
vt 0.703126 0.375026
vt 0.703112 0.367840
vt 0.695361 0.374200
vt 0.695555 0.366744
vt 0.703166 0.360344
vt 0.695750 0.359287
vt 0.710953 0.361387
vt 0.703239 0.352681
vt 0.695945 0.351831
vt 0.710936 0.353557
vt 0.719436 0.354484
vt 0.719484 0.362399
vt 0.729080 0.355377
vt 0.729118 0.363322
vt 0.740209 0.356149
vt 0.870821 0.301215
vt 0.869094 0.298523
vt 0.867702 0.292806
vt 0.870070 0.297333
vt 0.872656 0.304638
vt 0.872438 0.301860
vt 0.872873 0.307743
vt 0.871510 0.305346
vt 0.870157 0.303632
vt 0.874417 0.308581
vt 0.874806 0.306387
vt 0.875707 0.313761
vt 0.877174 0.310915
vt 0.875030 0.315613
vt 0.874110 0.311019
vt 0.873966 0.313946
vt 0.873086 0.311499
vt 0.874615 0.317694
vt 0.874365 0.319674
vt 0.873940 0.317904
vt 0.873277 0.316355
vt 0.872073 0.309977
vt 0.871030 0.309035
vt 0.872507 0.315545
vt 0.871703 0.315162
vt 0.876130 0.320897
vt 0.876903 0.319870
vt 0.876014 0.329182
vt 0.876632 0.328826
vt 0.875430 0.329559
vt 0.875445 0.321965
vt 0.875686 0.337811
vt 0.876361 0.337782
vt 0.874939 0.346369
vt 0.876090 0.346738
vt 0.874281 0.346382
vt 0.875064 0.337881
vt 0.874545 0.338030
vt 0.874916 0.329977
vt 0.873779 0.346516
vt 0.873354 0.346710
vt 0.874077 0.338220
vt 0.874431 0.330286
vt 0.874936 0.323118
vt 0.874488 0.323794
vt 0.873563 0.354443
vt 0.874160 0.354408
vt 0.871793 0.362188
vt 0.872229 0.362079
vt 0.871376 0.362320
vt 0.873018 0.354518
vt 0.869864 0.369760
vt 0.870299 0.369750
vt 0.867699 0.376954
vt 0.868369 0.377421
vt 0.867276 0.376958
vt 0.869454 0.369819
vt 0.869096 0.369977
vt 0.870997 0.362496
vt 0.866932 0.377110
vt 0.866626 0.377337
vt 0.868765 0.370185
vt 0.870639 0.362695
vt 0.872577 0.354674
vt 0.872188 0.354869
vt 0.864560 0.383888
vt 0.864281 0.384147
vt 0.864866 0.383679
vt 0.862404 0.389814
vt 0.862221 0.389925
vt 0.862013 0.390124
vt 0.862617 0.389704
vt 0.865223 0.383568
vt 0.865606 0.383507
vt 0.862844 0.389594
vt 0.860061 0.395463
vt 0.860074 0.395197
vt 0.860081 0.395680
vt 0.857318 0.401766
vt 0.857737 0.400349
vt 0.858013 0.399617
vt 0.860152 0.394835
vt 0.860103 0.394773
vt 0.858417 0.398652
vt 0.858857 0.397593
vt 0.857080 0.401409
vt 0.858151 0.399072
vt 0.856058 0.403344
vt 0.855022 0.405238
vt 0.853910 0.407057
vt 0.855270 0.404691
vt 0.852986 0.408481
vt 0.854636 0.405689
vt 0.854077 0.406573
vt 0.856065 0.402708
vt 0.855701 0.403284
vt 0.853575 0.407374
vt 0.855357 0.403832
vt 0.853111 0.408118
vt 0.855021 0.404365
vt 0.852666 0.408833
vt 0.851551 0.410716
vt 0.850931 0.411688
vt 0.850335 0.412625
vt 0.856457 0.402090
vt 0.852218 0.409674
vt 0.858265 0.397763
vt 0.858567 0.397326
vt 0.860573 0.391941
vt 0.860304 0.392260
vt 0.862606 0.385701
vt 0.862327 0.385960
vt 0.864487 0.378922
vt 0.864181 0.379149
vt 0.862047 0.386219
vt 0.864792 0.378696
vt 0.860037 0.392576
vt 0.859770 0.392890
vt 0.862885 0.385442
vt 0.865098 0.378469
vt 0.863164 0.385183
vt 0.865403 0.378243
vt 0.860844 0.391618
vt 0.857689 0.398592
vt 0.857409 0.398995
vt 0.857973 0.398183
vt 0.867439 0.371016
vt 0.867107 0.371224
vt 0.869204 0.363490
vt 0.868845 0.363689
vt 0.870631 0.355651
vt 0.870242 0.355846
vt 0.871655 0.347485
vt 0.871231 0.347679
vt 0.868486 0.363888
vt 0.869853 0.356042
vt 0.870806 0.347873
vt 0.866776 0.371432
vt 0.866444 0.371640
vt 0.868127 0.364086
vt 0.866113 0.371847
vt 0.867769 0.364285
vt 0.869464 0.356237
vt 0.870381 0.348067
vt 0.869075 0.356433
vt 0.869956 0.348261
vt 0.871275 0.339360
vt 0.871742 0.339170
vt 0.872209 0.338980
vt 0.872358 0.330509
vt 0.871828 0.330650
vt 0.872167 0.322445
vt 0.871541 0.322449
vt 0.870934 0.314898
vt 0.871301 0.330799
vt 0.870927 0.322488
vt 0.870193 0.314722
vt 0.870807 0.339550
vt 0.870776 0.330955
vt 0.870340 0.339740
vt 0.870251 0.331114
vt 0.870319 0.322551
vt 0.869471 0.314605
vt 0.869715 0.322625
vt 0.868757 0.314518
vt 0.869143 0.307799
vt 0.870060 0.308329
vt 0.868954 0.302401
vt 0.867657 0.296774
vt 0.866264 0.291299
vt 0.867848 0.301485
vt 0.866380 0.295545
vt 0.864826 0.289792
vt 0.868264 0.307388
vt 0.866788 0.300717
vt 0.867402 0.307036
vt 0.865750 0.300023
vt 0.865133 0.294410
vt 0.863388 0.288285
vt 0.863900 0.293322
vt 0.861950 0.286778
vt 0.862666 0.292234
vt 0.860512 0.285270
vt 0.864712 0.299328
vt 0.863325 0.298684
vt 0.861237 0.291177
vt 0.859074 0.283763
vt 0.866541 0.306684
vt 0.868043 0.314431
vt 0.869111 0.322699
vt 0.869727 0.331272
vt 0.868725 0.331445
vt 0.868044 0.322793
vt 0.866886 0.314372
vt 0.869873 0.339930
vt 0.869532 0.348455
vt 0.868685 0.356628
vt 0.867410 0.364484
vt 0.866579 0.364693
vt 0.867814 0.356835
vt 0.868619 0.348661
vt 0.865781 0.372055
vt 0.863875 0.379375
vt 0.861768 0.386478
vt 0.863124 0.379605
vt 0.861055 0.386733
vt 0.861481 0.379842
vt 0.859475 0.386979
vt 0.858501 0.380088
vt 0.856594 0.387212
vt 0.851978 0.387429
vt 0.853738 0.380348
vt 0.860193 0.372759
vt 0.855267 0.373048
vt 0.847246 0.380593
vt 0.848576 0.373330
vt 0.839079 0.380796
vt 0.840189 0.373567
vt 0.841059 0.366052
vt 0.849646 0.365795
vt 0.857476 0.357645
vt 0.856527 0.365491
vt 0.862691 0.357332
vt 0.861609 0.365186
vt 0.864803 0.364924
vt 0.863280 0.372503
vt 0.864990 0.372271
vt 0.865976 0.357066
vt 0.866731 0.348891
vt 0.868920 0.340132
vt 0.866995 0.340360
vt 0.866768 0.331646
vt 0.866050 0.322925
vt 0.864842 0.314369
vt 0.865260 0.306375
vt 0.863141 0.306154
vt 0.861237 0.298138
vt 0.859416 0.290182
vt 0.857636 0.282256
vt 0.853079 0.278174
vt 0.845861 0.277879
vt 0.849959 0.275598
vt 0.842571 0.273946
vt 0.846840 0.273023
vt 0.839181 0.270242
vt 0.843720 0.270448
vt 0.835741 0.266654
vt 0.835025 0.272325
vt 0.831440 0.267512
vt 0.827762 0.262861
vt 0.838422 0.277462
vt 0.830540 0.276798
vt 0.827163 0.270768
vt 0.823535 0.264882
vt 0.819782 0.259067
vt 0.807139 0.324070
vt 0.793747 0.323863
vt 0.793628 0.332686
vt 0.793038 0.358116
vt 0.703928 0.394451
vt 0.704995 0.400360
vt 0.695433 0.399285
vt 0.695415 0.393014
vt 0.703514 0.388188
vt 0.695397 0.386743
vt 0.711893 0.389588
vt 0.712599 0.395866
vt 0.713736 0.401804
vt 0.703254 0.381760
vt 0.695379 0.380471
vt 0.711437 0.383026
vt 0.720234 0.384243
vt 0.720795 0.390900
vt 0.729968 0.385316
vt 0.730541 0.392037
vt 0.721587 0.397236
vt 0.722658 0.403244
vt 0.731280 0.398445
vt 0.732194 0.404536
vt 0.742062 0.399379
vt 0.742776 0.405541
vt 0.741454 0.392912
vt 0.753267 0.393561
vt 0.753677 0.400069
vt 0.754142 0.406284
vt 0.740958 0.386146
vt 0.752925 0.386768
vt 0.765591 0.387218
vt 0.765715 0.394017
vt 0.778675 0.387530
vt 0.778534 0.394315
vt 0.765867 0.400544
vt 0.766029 0.406792
vt 0.778372 0.400837
vt 0.778175 0.407091
vt 0.790936 0.400978
vt 0.790318 0.407207
vt 0.803182 0.401006
vt 0.804085 0.394563
vt 0.816006 0.394564
vt 0.817072 0.387897
vt 0.828174 0.387862
vt 0.826817 0.394516
vt 0.804839 0.387860
vt 0.814734 0.400961
vt 0.825215 0.400882
vt 0.813248 0.407088
vt 0.823360 0.406950
vt 0.802121 0.407190
vt 0.791899 0.387741
vt 0.791460 0.394488
vt 0.834249 0.400808
vt 0.832122 0.406826
vt 0.841787 0.400718
vt 0.843853 0.394343
vt 0.849990 0.394204
vt 0.854481 0.394019
vt 0.845672 0.387617
vt 0.847778 0.400588
vt 0.852173 0.400396
vt 0.845344 0.406496
vt 0.849680 0.406231
vt 0.839471 0.406685
vt 0.836114 0.394445
vt 0.837723 0.387765
vt 0.842691 0.411844
vt 0.836903 0.412188
vt 0.829727 0.412469
vt 0.834125 0.417201
vt 0.827112 0.417638
vt 0.831178 0.421698
vt 0.837448 0.421147
vt 0.834059 0.425118
vt 0.841845 0.424851
vt 0.833757 0.428230
vt 0.828853 0.428559
vt 0.827815 0.425619
vt 0.823786 0.428907
vt 0.821399 0.426150
vt 0.818393 0.429292
vt 0.814348 0.426656
vt 0.812197 0.429685
vt 0.819149 0.431625
vt 0.815080 0.431732
vt 0.809936 0.431924
vt 0.825669 0.431609
vt 0.822571 0.431597
vt 0.815953 0.434357
vt 0.813960 0.433838
vt 0.817581 0.434988
vt 0.809494 0.438367
vt 0.808928 0.436479
vt 0.801421 0.437605
vt 0.801269 0.436550
vt 0.793738 0.437138
vt 0.793862 0.436170
vt 0.785796 0.436370
vt 0.786016 0.435296
vt 0.777087 0.435192
vt 0.777096 0.436267
vt 0.767997 0.434775
vt 0.768278 0.435850
vt 0.759556 0.434135
vt 0.759938 0.435151
vt 0.752576 0.433361
vt 0.752672 0.434201
vt 0.748022 0.432650
vt 0.746477 0.432931
vt 0.741348 0.431269
vt 0.745316 0.431595
vt 0.737093 0.429117
vt 0.733168 0.428472
vt 0.728173 0.425240
vt 0.723331 0.424078
vt 0.717575 0.419949
vt 0.710089 0.418437
vt 0.718740 0.422903
vt 0.723929 0.421505
vt 0.730073 0.427902
vt 0.727392 0.427369
vt 0.733519 0.426377
vt 0.730511 0.422987
vt 0.739933 0.427456
vt 0.737904 0.424327
vt 0.742357 0.429840
vt 0.737206 0.431466
vt 0.736043 0.431834
vt 0.738822 0.431232
vt 0.745201 0.433439
vt 0.744688 0.434328
vt 0.744694 0.436300
vt 0.752368 0.435010
vt 0.760192 0.436105
vt 0.768538 0.436880
vt 0.777106 0.437318
vt 0.768784 0.437934
vt 0.760531 0.437093
vt 0.777117 0.438432
vt 0.777133 0.439899
vt 0.769023 0.439000
vt 0.760913 0.438100
vt 0.752481 0.436048
vt 0.752804 0.437200
vt 0.785594 0.437399
vt 0.785406 0.438452
vt 0.793543 0.438130
vt 0.801404 0.438750
vt 0.793313 0.439133
vt 0.785223 0.439516
vt 0.745534 0.421513
vt 0.746690 0.425458
vt 0.736133 0.420335
vt 0.744503 0.416770
vt 0.734603 0.415616
vt 0.755193 0.417638
vt 0.755793 0.422419
vt 0.756452 0.426362
vt 0.743587 0.411392
vt 0.733296 0.410305
vt 0.754645 0.412200
vt 0.766187 0.412752
vt 0.766356 0.418236
vt 0.777932 0.413069
vt 0.777675 0.418578
vt 0.766547 0.423055
vt 0.766776 0.427020
vt 0.777435 0.423424
vt 0.777245 0.427411
vt 0.724056 0.408917
vt 0.715488 0.407350
vt 0.707219 0.405726
vt 0.699097 0.404073
vt 0.717778 0.412497
vt 0.710165 0.410709
vt 0.702761 0.408861
vt 0.725810 0.414162
vt 0.727951 0.418883
vt 0.720528 0.417236
vt 0.713402 0.415472
vt 0.706425 0.413649
vt 0.747978 0.428444
vt 0.757177 0.429290
vt 0.757970 0.431418
vt 0.749475 0.430644
vt 0.767055 0.429942
vt 0.777135 0.430348
vt 0.777086 0.432467
vt 0.767365 0.432053
vt 0.767686 0.433587
vt 0.758831 0.432962
vt 0.777077 0.434003
vt 0.751259 0.432229
vt 0.786940 0.430456
vt 0.787443 0.427519
vt 0.788095 0.423527
vt 0.798321 0.423413
vt 0.799596 0.418588
vt 0.809721 0.418352
vt 0.811540 0.412945
vt 0.821246 0.412713
vt 0.818973 0.418019
vt 0.800894 0.413115
vt 0.807904 0.423127
vt 0.816640 0.422717
vt 0.806201 0.427089
vt 0.797164 0.427393
vt 0.788835 0.418680
vt 0.789597 0.413173
vt 0.824320 0.422231
vt 0.794108 0.435145
vt 0.800779 0.435679
vt 0.800690 0.434797
vt 0.806564 0.434827
vt 0.804947 0.434393
vt 0.808054 0.435497
vt 0.811234 0.433544
vt 0.807314 0.433495
vt 0.803294 0.432204
vt 0.804723 0.430055
vt 0.796220 0.430336
vt 0.795413 0.432460
vt 0.786556 0.432574
vt 0.801739 0.433712
vt 0.794667 0.433986
vt 0.786259 0.434109
vt 0.850405 0.412325
vt 0.849585 0.413576
vt 0.851391 0.410826
vt 0.849581 0.413309
vt 0.848614 0.414751
vt 0.847647 0.416194
vt 0.848795 0.414782
vt 0.848020 0.415965
vt 0.846680 0.417637
vt 0.845713 0.419080
vt 0.852680 0.408877
vt 0.851516 0.410423
vt 0.854186 0.406537
vt 0.853450 0.407537
vt 0.855825 0.403868
vt 0.855384 0.404652
vt 0.856359 0.402861
vt 0.849738 0.413561
vt 0.847245 0.417148
vt 0.844746 0.420523
vt 0.842310 0.420445
vt 0.839999 0.416703
vt 0.844457 0.416097
vt 0.847010 0.411412
vt 0.849780 0.410867
vt 0.852415 0.405859
vt 0.851388 0.410236
vt 0.853950 0.405406
vt 0.848811 0.414473
vt 0.847223 0.415336
vt 0.852221 0.409549
vt 0.854686 0.404899
vt 0.846283 0.418318
vt 0.843779 0.421965
vt 0.844947 0.419459
vt 0.842812 0.423408
vt 0.857129 0.399398
vt 0.859504 0.393205
vt 0.858816 0.393507
vt 0.857282 0.393782
vt 0.856437 0.399780
vt 0.854922 0.400120
vt 0.856887 0.401415
vt 0.857427 0.400478
vt 0.859261 0.396267
vt 0.859737 0.395410
vt 0.861410 0.390925
vt 0.861725 0.390497
vt 0.863723 0.384665
vt 0.863443 0.384924
vt 0.865709 0.378016
vt 0.866015 0.377790
vt 0.861120 0.391289
vt 0.864002 0.384406
vt 0.866320 0.377563
vt 0.858886 0.396867
vt 0.868433 0.370393
vt 0.870280 0.362894
vt 0.871799 0.355065
vt 0.872929 0.346904
vt 0.869921 0.363093
vt 0.871410 0.355260
vt 0.872505 0.347098
vt 0.868102 0.370601
vt 0.867770 0.370808
vt 0.869562 0.363291
vt 0.871020 0.355455
vt 0.872080 0.347292
vt 0.873143 0.338600
vt 0.873610 0.338410
vt 0.873932 0.330336
vt 0.873985 0.323434
vt 0.873419 0.330307
vt 0.873426 0.322758
vt 0.872676 0.338790
vt 0.872891 0.330380
vt 0.872807 0.322488
vt 0.748410 0.260130
vt 0.749422 0.253066
vt 0.738974 0.252603
vt 0.737626 0.259782
vt 0.747392 0.267226
vt 0.736277 0.266961
vt 0.758454 0.267483
vt 0.759159 0.260475
vt 0.759869 0.253529
vt 0.746358 0.274388
vt 0.734929 0.274140
vt 0.745411 0.281705
vt 0.733580 0.281319
vt 0.757070 0.281949
vt 0.757761 0.274617
vt 0.769110 0.274810
vt 0.769412 0.267726
vt 0.768819 0.282140
vt 0.780605 0.282298
vt 0.780361 0.274980
vt 0.780126 0.267946
vt 0.769834 0.260815
vt 0.770316 0.253992
vt 0.780065 0.261117
vt 0.780763 0.254455
vt 0.789479 0.261345
vt 0.788523 0.254660
vt 0.790454 0.268136
vt 0.800375 0.268384
vt 0.798366 0.261584
vt 0.796283 0.254864
vt 0.791469 0.275140
vt 0.792375 0.282446
vt 0.803843 0.282601
vt 0.802238 0.275346
vt 0.812471 0.275653
vt 0.809867 0.268778
vt 0.814720 0.282778
vt 0.824719 0.282995
vt 0.821970 0.276119
vt 0.818829 0.269509
vt 0.807016 0.261919
vt 0.804043 0.255069
vt 0.815412 0.262851
vt 0.811803 0.255274
vt 0.819782 0.259067
vt 0.823535 0.264882
vt 0.827762 0.262861
vt 0.831440 0.267512
vt 0.835741 0.266654
vt 0.839181 0.270242
vt 0.843720 0.270448
vt 0.846840 0.273023
vt 0.835025 0.272325
vt 0.842571 0.273946
vt 0.849959 0.275598
vt 0.827163 0.270768
vt 0.830540 0.276798
vt 0.838422 0.277462
vt 0.833554 0.283267
vt 0.841482 0.283324
vt 0.845861 0.277879
vt 0.853079 0.278174
vt 0.848762 0.282895
vt 0.856198 0.280749
vt 0.850983 0.289844
vt 0.856299 0.289616
vt 0.844053 0.290314
vt 0.846214 0.298096
vt 0.852857 0.297878
vt 0.857924 0.297825
vt 0.836093 0.290471
vt 0.826958 0.290451
vt 0.816504 0.290386
vt 0.817868 0.298402
vt 0.805982 0.298330
vt 0.806600 0.306684
vt 0.793691 0.306519
vt 0.793778 0.315095
vt 0.780337 0.314798
vt 0.780114 0.323536
vt 0.793747 0.323863
vt 0.806972 0.315284
vt 0.807139 0.324070
vt 0.819512 0.315360
vt 0.819882 0.324153
vt 0.830991 0.315314
vt 0.831566 0.324108
vt 0.807144 0.332905
vt 0.820016 0.332995
vt 0.831835 0.332952
vt 0.779876 0.332341
vt 0.793628 0.332686
vt 0.793450 0.341427
vt 0.807028 0.341652
vt 0.779639 0.341077
vt 0.779420 0.349604
vt 0.793243 0.349950
vt 0.806833 0.350174
vt 0.819964 0.341747
vt 0.831852 0.341707
vt 0.819779 0.350272
vt 0.831671 0.350235
vt 0.819511 0.358432
vt 0.831347 0.358398
vt 0.806602 0.358335
vt 0.806311 0.366159
vt 0.819133 0.366251
vt 0.830857 0.366219
vt 0.793038 0.358116
vt 0.779235 0.357784
vt 0.779077 0.365643
vt 0.792817 0.365953
vt 0.792564 0.373485
vt 0.805936 0.373671
vt 0.778936 0.373203
vt 0.778805 0.380491
vt 0.792264 0.380739
vt 0.805453 0.380897
vt 0.818618 0.373753
vt 0.830180 0.373721
vt 0.817940 0.380960
vt 0.829292 0.380928
vt 0.765516 0.365239
vt 0.765612 0.357349
vt 0.765774 0.349144
vt 0.752495 0.356805
vt 0.752629 0.348574
vt 0.752455 0.364727
vt 0.740209 0.356149
vt 0.740310 0.347897
vt 0.729080 0.355377
vt 0.729141 0.347118
vt 0.729118 0.363322
vt 0.740216 0.364093
vt 0.740338 0.371737
vt 0.752513 0.372354
vt 0.729269 0.370958
vt 0.729547 0.378288
vt 0.740583 0.379085
vt 0.752669 0.379697
vt 0.765482 0.372835
vt 0.765508 0.380154
vt 0.719857 0.377272
vt 0.720234 0.384243
vt 0.729968 0.385316
vt 0.720795 0.390900
vt 0.711893 0.389588
vt 0.712599 0.395866
vt 0.703928 0.394451
vt 0.704995 0.400360
vt 0.695433 0.399285
vt 0.707219 0.405726
vt 0.699097 0.404073
vt 0.710161 0.410706
vt 0.702761 0.408861
vt 0.717771 0.412490
vt 0.715488 0.407350
vt 0.713736 0.401804
vt 0.713386 0.415458
vt 0.706425 0.413649
vt 0.717534 0.419914
vt 0.710089 0.418437
vt 0.723852 0.421437
vt 0.720497 0.417209
vt 0.727910 0.418845
vt 0.725800 0.414152
vt 0.730409 0.422890
vt 0.737793 0.424208
vt 0.736089 0.420288
vt 0.734592 0.415604
vt 0.724056 0.408917
vt 0.722658 0.403244
vt 0.733296 0.410305
vt 0.732194 0.404536
vt 0.723249 0.424008
vt 0.718740 0.422903
vt 0.729946 0.427790
vt 0.727392 0.427369
vt 0.732933 0.428257
vt 0.728019 0.425104
vt 0.737042 0.431311
vt 0.736043 0.431834
vt 0.744511 0.434139
vt 0.744694 0.436300
vt 0.744883 0.433088
vt 0.738527 0.430944
vt 0.740982 0.430885
vt 0.736787 0.428819
vt 0.746094 0.432477
vt 0.747634 0.432155
vt 0.744932 0.431141
vt 0.742029 0.429478
vt 0.733315 0.426184
vt 0.739711 0.427219
vt 0.752318 0.433689
vt 0.752201 0.432804
vt 0.752082 0.434618
vt 0.759995 0.435665
vt 0.759686 0.434564
vt 0.759288 0.433483
vt 0.760424 0.436859
vt 0.752324 0.435837
vt 0.752804 0.437200
vt 0.760913 0.438100
vt 0.768758 0.437661
vt 0.768493 0.436363
vt 0.769023 0.439000
vt 0.777133 0.439899
vt 0.777197 0.438090
vt 0.777268 0.436661
vt 0.768229 0.435145
vt 0.767966 0.433967
vt 0.777340 0.435352
vt 0.777413 0.434104
vt 0.786409 0.435107
vt 0.786806 0.433744
vt 0.786013 0.436510
vt 0.794430 0.435967
vt 0.794851 0.434515
vt 0.795360 0.433094
vt 0.785618 0.437993
vt 0.785223 0.439516
vt 0.793313 0.439133
vt 0.793899 0.437524
vt 0.801924 0.436836
vt 0.802224 0.435090
vt 0.801404 0.438750
vt 0.809494 0.438367
vt 0.809571 0.435546
vt 0.809255 0.433746
vt 0.802083 0.433680
vt 0.802291 0.432358
vt 0.808155 0.432491
vt 0.806720 0.431772
vt 0.809386 0.430485
vt 0.813122 0.430836
vt 0.812265 0.428589
vt 0.817196 0.428732
vt 0.814616 0.426251
vt 0.820590 0.426193
vt 0.816651 0.423405
vt 0.823491 0.423205
vt 0.820738 0.429383
vt 0.825433 0.426592
vt 0.829388 0.423410
vt 0.815386 0.431806
vt 0.816717 0.433273
vt 0.823419 0.430404
vt 0.817581 0.434988
vt 0.825669 0.431609
vt 0.829731 0.427327
vt 0.834912 0.423920
vt 0.833757 0.428230
vt 0.841845 0.424851
vt 0.832518 0.419817
vt 0.838220 0.420063
vt 0.842586 0.420058
vt 0.844743 0.415695
vt 0.840627 0.415822
vt 0.835134 0.415785
vt 0.826085 0.419751
vt 0.818582 0.419985
vt 0.809671 0.420633
vt 0.808297 0.424109
vt 0.811033 0.416508
vt 0.820415 0.415993
vt 0.800612 0.417155
vt 0.799690 0.421465
vt 0.798788 0.425047
vt 0.812368 0.411783
vt 0.822157 0.411434
vt 0.813662 0.406506
vt 0.823816 0.406311
vt 0.802442 0.406739
vt 0.801536 0.412214
vt 0.790011 0.412592
vt 0.789490 0.417750
vt 0.790525 0.406916
vt 0.778279 0.406945
vt 0.778139 0.412778
vt 0.778001 0.418106
vt 0.788977 0.422250
vt 0.788486 0.425953
vt 0.777870 0.422757
vt 0.777751 0.426558
vt 0.766942 0.426593
vt 0.766706 0.422754
vt 0.756431 0.426152
vt 0.755808 0.422302
vt 0.746591 0.425326
vt 0.745495 0.421460
vt 0.755218 0.417579
vt 0.744493 0.416757
vt 0.766482 0.418039
vt 0.766270 0.412636
vt 0.754665 0.412171
vt 0.766070 0.406734
vt 0.754152 0.406269
vt 0.743587 0.411392
vt 0.742776 0.405541
vt 0.742062 0.399379
vt 0.731280 0.398445
vt 0.721587 0.397236
vt 0.730541 0.392037
vt 0.753681 0.400063
vt 0.753268 0.393559
vt 0.741454 0.392912
vt 0.765720 0.394011
vt 0.765883 0.400521
vt 0.778413 0.400779
vt 0.778545 0.394300
vt 0.765591 0.387218
vt 0.752925 0.386768
vt 0.778675 0.387530
vt 0.740958 0.386146
vt 0.791899 0.387741
vt 0.804839 0.387860
vt 0.817072 0.387897
vt 0.828174 0.387862
vt 0.804117 0.394518
vt 0.816047 0.394506
vt 0.826863 0.394452
vt 0.791480 0.394459
vt 0.791019 0.400861
vt 0.803310 0.400826
vt 0.814899 0.400728
vt 0.825397 0.400626
vt 0.837723 0.387765
vt 0.839079 0.380796
vt 0.847246 0.380593
vt 0.848576 0.373330
vt 0.840189 0.373567
vt 0.849646 0.365795
vt 0.841059 0.366052
vt 0.855267 0.373048
vt 0.853738 0.380348
vt 0.860193 0.372759
vt 0.858501 0.380088
vt 0.861610 0.365186
vt 0.856527 0.365491
vt 0.857476 0.357645
vt 0.850440 0.357958
vt 0.862691 0.357332
vt 0.863379 0.349157
vt 0.858075 0.349472
vt 0.863611 0.340624
vt 0.858283 0.340939
vt 0.850941 0.349788
vt 0.851133 0.341255
vt 0.842099 0.350058
vt 0.842282 0.341527
vt 0.850978 0.332501
vt 0.842193 0.332771
vt 0.863378 0.331890
vt 0.858077 0.332192
vt 0.857430 0.323379
vt 0.850437 0.323668
vt 0.862667 0.323114
vt 0.861467 0.314452
vt 0.856317 0.314648
vt 0.859766 0.306063
vt 0.854714 0.306147
vt 0.848042 0.306332
vt 0.839804 0.306543
vt 0.838172 0.298275
vt 0.828725 0.298387
vt 0.818855 0.306751
vt 0.830057 0.306708
vt 0.841003 0.315140
vt 0.849471 0.314898
vt 0.841783 0.323929
vt 0.709120 0.288485
vt 0.711667 0.281789
vt 0.704363 0.281945
vt 0.701509 0.288315
vt 0.706647 0.295247
vt 0.698655 0.294684
vt 0.714865 0.295776
vt 0.716875 0.288650
vt 0.718972 0.281632
vt 0.704324 0.302140
vt 0.695801 0.301053
vt 0.702680 0.309588
vt 0.692947 0.307422
vt 0.711635 0.310880
vt 0.713028 0.303119
vt 0.722095 0.303883
vt 0.723531 0.296237
vt 0.720861 0.311857
vt 0.730837 0.312631
vt 0.731934 0.304505
vt 0.733068 0.296656
vt 0.724917 0.288804
vt 0.726276 0.281476
vt 0.733943 0.288993
vt 0.744653 0.289266
vt 0.756372 0.289553
vt 0.768431 0.289785
vt 0.780694 0.289977
vt 0.755654 0.297417
vt 0.767983 0.297725
vt 0.780658 0.297980
vt 0.743896 0.297055
vt 0.742957 0.305055
vt 0.754902 0.305533
vt 0.742038 0.313315
vt 0.754200 0.313906
vt 0.767513 0.305937
vt 0.780528 0.306266
vt 0.767055 0.314401
vt 0.766648 0.323094
vt 0.766296 0.331876
vt 0.753188 0.331297
vt 0.752857 0.340023
vt 0.740512 0.339332
vt 0.729284 0.338543
vt 0.740847 0.330610
vt 0.729574 0.329822
vt 0.766003 0.340606
vt 0.741346 0.321885
vt 0.730070 0.321128
vt 0.753632 0.322542
vt 0.719664 0.328940
vt 0.719486 0.337660
vt 0.719445 0.346240
vt 0.710902 0.345372
vt 0.710936 0.353557
vt 0.719436 0.354484
vt 0.710953 0.361387
vt 0.719484 0.362400
vt 0.711017 0.368926
vt 0.703112 0.367840
vt 0.703126 0.375026
vt 0.695361 0.374200
vt 0.695379 0.380471
vt 0.703254 0.381760
vt 0.695397 0.386743
vt 0.703514 0.388188
vt 0.695415 0.393014
vt 0.711437 0.383026
vt 0.711165 0.376148
vt 0.695555 0.366744
vt 0.703166 0.360344
vt 0.695750 0.359287
vt 0.719616 0.369993
vt 0.703239 0.352681
vt 0.695945 0.351831
vt 0.703189 0.344621
vt 0.696140 0.344374
vt 0.702872 0.335934
vt 0.695341 0.335136
vt 0.710790 0.336765
vt 0.710757 0.327980
vt 0.702490 0.326955
vt 0.694543 0.325898
vt 0.720087 0.320274
vt 0.710958 0.319259
vt 0.702247 0.318016
vt 0.693745 0.316660
vt 0.863443 0.384924
vt 0.865709 0.378016
vt 0.865403 0.378243
vt 0.863164 0.385183
vt 0.861120 0.391289
vt 0.860845 0.391618
vt 0.861410 0.390925
vt 0.863723 0.384665
vt 0.866015 0.377790
vt 0.858886 0.396867
vt 0.858568 0.397326
vt 0.856887 0.401415
vt 0.856457 0.402090
vt 0.857427 0.400478
vt 0.859261 0.396267
vt 0.859737 0.395410
vt 0.861725 0.390497
vt 0.858151 0.399072
vt 0.858857 0.397593
vt 0.860103 0.394773
vt 0.862013 0.390124
vt 0.864002 0.384406
vt 0.866320 0.377563
vt 0.864281 0.384147
vt 0.866626 0.377337
vt 0.855270 0.404691
vt 0.854636 0.405689
vt 0.853910 0.407057
vt 0.852986 0.408481
vt 0.855022 0.405238
vt 0.856058 0.403344
vt 0.857080 0.401409
vt 0.856359 0.402861
vt 0.858012 0.399617
vt 0.857737 0.400349
vt 0.855825 0.403868
vt 0.857318 0.401766
vt 0.855384 0.404652
vt 0.858417 0.398652
vt 0.860152 0.394835
vt 0.862221 0.389925
vt 0.864560 0.383888
vt 0.866932 0.377110
vt 0.862404 0.389814
vt 0.864866 0.383679
vt 0.867276 0.376958
vt 0.860074 0.395197
vt 0.860061 0.395463
vt 0.862617 0.389704
vt 0.860081 0.395680
vt 0.862844 0.389594
vt 0.865223 0.383568
vt 0.867699 0.376954
vt 0.865606 0.383507
vt 0.868369 0.377421
vt 0.869454 0.369819
vt 0.869097 0.369977
vt 0.871376 0.362320
vt 0.870997 0.362496
vt 0.873018 0.354518
vt 0.873563 0.354443
vt 0.874939 0.346369
vt 0.876090 0.346738
vt 0.874160 0.354408
vt 0.874281 0.346382
vt 0.871793 0.362188
vt 0.872229 0.362079
vt 0.872577 0.354674
vt 0.873779 0.346516
vt 0.872188 0.354869
vt 0.873354 0.346710
vt 0.871799 0.355065
vt 0.872929 0.346904
vt 0.874078 0.338220
vt 0.873610 0.338410
vt 0.874431 0.330286
vt 0.873932 0.330336
vt 0.874488 0.323794
vt 0.873985 0.323434
vt 0.874365 0.319674
vt 0.873940 0.317904
vt 0.873966 0.313946
vt 0.873086 0.311499
vt 0.872873 0.307743
vt 0.871510 0.305346
vt 0.870821 0.301215
vt 0.869094 0.298523
vt 0.867702 0.292806
vt 0.870070 0.297333
vt 0.870157 0.303632
vt 0.872656 0.304638
vt 0.872438 0.301860
vt 0.872073 0.309977
vt 0.871030 0.309035
vt 0.872507 0.315545
vt 0.871703 0.315162
vt 0.873277 0.316355
vt 0.874110 0.311019
vt 0.874615 0.317694
vt 0.875030 0.315613
vt 0.874417 0.308581
vt 0.874806 0.306387
vt 0.875707 0.313761
vt 0.877174 0.310915
vt 0.872807 0.322488
vt 0.873426 0.322758
vt 0.873419 0.330307
vt 0.872891 0.330380
vt 0.872358 0.330509
vt 0.872167 0.322445
vt 0.872676 0.338790
vt 0.873143 0.338600
vt 0.872209 0.338980
vt 0.871655 0.347485
vt 0.872080 0.347291
vt 0.872505 0.347098
vt 0.871410 0.355260
vt 0.869921 0.363093
vt 0.870280 0.362894
vt 0.870639 0.362695
vt 0.871020 0.355455
vt 0.870631 0.355651
vt 0.869204 0.363490
vt 0.869562 0.363291
vt 0.867770 0.370808
vt 0.868102 0.370601
vt 0.867439 0.371016
vt 0.868433 0.370393
vt 0.868765 0.370185
vt 0.867107 0.371224
vt 0.865098 0.378469
vt 0.862885 0.385442
vt 0.864792 0.378696
vt 0.862606 0.385701
vt 0.864487 0.378922
vt 0.862327 0.385960
vt 0.864181 0.379149
vt 0.862047 0.386219
vt 0.863875 0.379375
vt 0.865781 0.372055
vt 0.866113 0.371847
vt 0.867410 0.364484
vt 0.867769 0.364285
vt 0.866579 0.364693
vt 0.864990 0.372271
vt 0.863124 0.379605
vt 0.868685 0.356628
vt 0.869075 0.356433
vt 0.869532 0.348455
vt 0.869956 0.348261
vt 0.869873 0.339930
vt 0.870340 0.339740
vt 0.869727 0.331272
vt 0.870251 0.331114
vt 0.868725 0.331445
vt 0.868920 0.340132
vt 0.868619 0.348661
vt 0.869111 0.322699
vt 0.869715 0.322625
vt 0.868043 0.314431
vt 0.868757 0.314518
vt 0.867402 0.307036
vt 0.866541 0.306684
vt 0.865750 0.300023
vt 0.864712 0.299328
vt 0.863900 0.293322
vt 0.862666 0.292234
vt 0.861950 0.286778
vt 0.860512 0.285270
vt 0.861237 0.291177
vt 0.859074 0.283763
vt 0.863325 0.298684
vt 0.859416 0.290182
vt 0.857636 0.282256
vt 0.861237 0.298138
vt 0.863141 0.306154
vt 0.865260 0.306375
vt 0.864842 0.314369
vt 0.866886 0.314372
vt 0.868044 0.322793
vt 0.866050 0.322925
vt 0.866768 0.331646
vt 0.866995 0.340360
vt 0.866731 0.348891
vt 0.867814 0.356835
vt 0.865977 0.357066
vt 0.864803 0.364924
vt 0.863281 0.372503
vt 0.861481 0.379842
vt 0.859475 0.386979
vt 0.856594 0.387212
vt 0.851978 0.387429
vt 0.845672 0.387617
vt 0.843885 0.394298
vt 0.850011 0.394175
vt 0.854491 0.394005
vt 0.836156 0.394387
vt 0.834415 0.400576
vt 0.841915 0.400538
vt 0.832536 0.406244
vt 0.830556 0.411306
vt 0.828423 0.415797
vt 0.837545 0.411287
vt 0.843105 0.411263
vt 0.847218 0.411122
vt 0.849783 0.406086
vt 0.845551 0.406206
vt 0.839792 0.406234
vt 0.847861 0.400472
vt 0.852215 0.400338
vt 0.854939 0.400097
vt 0.857286 0.393777
vt 0.858817 0.393505
vt 0.861055 0.386733
vt 0.852457 0.405801
vt 0.853961 0.405391
vt 0.856441 0.399774
vt 0.857129 0.399398
vt 0.859504 0.393205
vt 0.854686 0.404899
vt 0.855021 0.404365
vt 0.857409 0.398995
vt 0.859770 0.392890
vt 0.861768 0.386478
vt 0.849863 0.410751
vt 0.847326 0.415191
vt 0.848837 0.414437
vt 0.851409 0.410207
vt 0.845013 0.419366
vt 0.842812 0.423408
vt 0.843779 0.421965
vt 0.846299 0.418294
vt 0.847245 0.417148
vt 0.849738 0.413561
vt 0.844746 0.420523
vt 0.852221 0.409549
vt 0.850335 0.412625
vt 0.852666 0.408833
vt 0.853111 0.408118
vt 0.855357 0.403832
vt 0.850931 0.411688
vt 0.851551 0.410716
vt 0.853575 0.407374
vt 0.855701 0.403284
vt 0.854077 0.406573
vt 0.856065 0.402708
vt 0.852218 0.409674
vt 0.857689 0.398592
vt 0.860037 0.392576
vt 0.860304 0.392260
vt 0.857973 0.398183
vt 0.858265 0.397763
vt 0.860573 0.391941
vt 0.852680 0.408877
vt 0.851391 0.410826
vt 0.851516 0.410423
vt 0.849581 0.413309
vt 0.853450 0.407537
vt 0.854186 0.406537
vt 0.850405 0.412325
vt 0.848614 0.414751
vt 0.849585 0.413576
vt 0.848795 0.414782
vt 0.848020 0.415965
vt 0.845713 0.419080
vt 0.846680 0.417637
vt 0.847647 0.416194
vt 0.793451 0.298186
vt 0.793024 0.290145
vt 0.805077 0.290282
vt 0.841693 0.358224
vt 0.788034 0.428720
vt 0.777650 0.429338
vt 0.787609 0.430785
vt 0.777564 0.431352
vt 0.797065 0.429936
vt 0.797929 0.427806
vt 0.787202 0.432382
vt 0.777486 0.432856
vt 0.796153 0.431633
vt 0.803639 0.430876
vt 0.805419 0.429097
vt 0.806926 0.426886
vt 0.767703 0.432789
vt 0.758596 0.432352
vt 0.757798 0.430921
vt 0.749179 0.430238
vt 0.747780 0.428180
vt 0.757086 0.428940
vt 0.750904 0.431716
vt 0.767443 0.431345
vt 0.767188 0.429368
vt 0.868845 0.363689
vt 0.868486 0.363888
vt 0.866776 0.371432
vt 0.870242 0.355846
vt 0.871231 0.347679
vt 0.870806 0.347873
vt 0.869853 0.356042
vt 0.869464 0.356237
vt 0.868127 0.364086
vt 0.870381 0.348067
vt 0.866444 0.371640
vt 0.871742 0.339170
vt 0.871828 0.330650
vt 0.871301 0.330799
vt 0.871275 0.339360
vt 0.871542 0.322449
vt 0.870935 0.314898
vt 0.870193 0.314722
vt 0.870927 0.322488
vt 0.870319 0.322550
vt 0.870776 0.330955
vt 0.869471 0.314605
vt 0.870808 0.339550
vt 0.868264 0.307388
vt 0.866788 0.300717
vt 0.867848 0.301485
vt 0.866380 0.295545
vt 0.867657 0.296774
vt 0.866264 0.291299
vt 0.864826 0.289792
vt 0.868954 0.302401
vt 0.865133 0.294410
vt 0.863388 0.288285
vt 0.870060 0.308329
vt 0.869143 0.307799
vt 0.869864 0.369760
vt 0.870299 0.369750
vt 0.876130 0.320897
vt 0.876903 0.319870
vt 0.875445 0.321965
vt 0.875430 0.329559
vt 0.876014 0.329182
vt 0.876632 0.328826
vt 0.874936 0.323118
vt 0.874917 0.329977
vt 0.874545 0.338030
vt 0.875064 0.337881
vt 0.875686 0.337811
vt 0.876361 0.337782
vt 0.686671 0.518383
vt 0.674516 0.518739
vt 0.674516 0.499796
vt 0.686671 0.499796
vt 0.698946 0.499796
vt 0.698946 0.519475
vt 0.711198 0.499796
vt 0.711198 0.521833
vt 0.723303 0.499796
vt 0.723303 0.524804
vt 0.735283 0.499796
vt 0.735283 0.527472
vt 0.665256 0.520341
vt 0.665256 0.499795
vt 0.674516 0.561147
vt 0.686671 0.560584
vt 0.698946 0.560224
vt 0.711198 0.560223
vt 0.723303 0.560580
vt 0.735283 0.561148
vt 0.686671 0.574301
vt 0.674516 0.574301
vt 0.698946 0.574301
vt 0.711198 0.574301
vt 0.723303 0.574301
vt 0.735283 0.574301
vt 0.665256 0.561707
vt 0.665256 0.574301
vt 0.769497 0.498625
vt 0.771176 0.527733
vt 0.739789 0.528069
vt 0.737514 0.500553
vt 0.801754 0.498132
vt 0.802743 0.527379
vt 0.834204 0.499001
vt 0.834535 0.526977
vt 0.866597 0.500848
vt 0.866295 0.526562
vt 0.898750 0.503047
vt 0.897909 0.526116
vt 0.922604 0.505046
vt 0.921417 0.525712
vt 0.742672 0.564275
vt 0.772856 0.562725
vt 0.803774 0.561871
vt 0.835210 0.561741
vt 0.866443 0.562295
vt 0.896966 0.563300
vt 0.918859 0.564469
vt 0.773571 0.577252
vt 0.743806 0.579752
vt 0.804290 0.575135
vt 0.835575 0.573760
vt 0.866540 0.573333
vt 0.896621 0.573805
vt 0.917991 0.575024
vt 0.121456 0.582268
vt 0.133713 0.551821
vt 0.114286 0.550772
vt 0.108527 0.581525
vt 0.118860 0.496679
vt 0.146112 0.498285
vt 0.155767 0.436327
vt 0.122015 0.436181
vt 0.095598 0.580781
vt 0.094859 0.549722
vt 0.090407 0.580483
vt 0.087060 0.549301
vt 0.080667 0.494428
vt 0.091608 0.495073
vt 0.088264 0.436036
vt 0.074713 0.435977
vt 0.141513 0.552242
vt 0.126647 0.582567
vt 0.157053 0.498930
vt 0.169318 0.436385
vt 0.093822 0.605698
vt 0.100698 0.606532
vt 0.098021 0.610649
vt 0.107574 0.607367
vt 0.095598 0.580781
vt 0.100698 0.606532
vt 0.121456 0.582268
vt 0.133713 0.551821
vt 0.114286 0.550772
vt 0.108527 0.581525
vt 0.094859 0.549722
vt 0.091608 0.495073
vt 0.118860 0.496679
vt 0.122015 0.436181
vt 0.155767 0.436327
vt 0.146112 0.498285
vt 0.088264 0.436036
vt 0.553124 0.802258
vt 0.553103 0.806264
vt 0.540361 0.806264
vt 0.540231 0.802258
vt 0.569812 0.802258
vt 0.569460 0.806264
vt 0.598049 0.802258
vt 0.597876 0.806264
vt 0.623450 0.802386
vt 0.623510 0.806428
vt 0.635199 0.802258
vt 0.635385 0.806264
vt 0.642466 0.806264
vt 0.642211 0.802258
vt 0.646766 0.806264
vt 0.646579 0.802258
vt 0.541146 0.820031
vt 0.547536 0.819107
vt 0.646885 0.818548
vt 0.637786 0.818759
vt 0.619113 0.819659
vt 0.598915 0.819919
vt 0.586442 0.819292
vt 0.585589 0.812327
vt 0.574111 0.817859
vt 0.577017 0.811836
vt 0.567200 0.816557
vt 0.559418 0.816405
vt 0.552811 0.818113
vt 0.570716 0.833838
vt 0.576114 0.838260
vt 0.577877 0.827268
vt 0.587154 0.828039
vt 0.586690 0.839451
vt 0.599703 0.828512
vt 0.599668 0.840307
vt 0.617833 0.840778
vt 0.618100 0.828773
vt 0.614949 0.866362
vt 0.630955 0.839178
vt 0.631924 0.851495
vt 0.637661 0.846631
vt 0.637192 0.838371
vt 0.645733 0.838331
vt 0.646416 0.828495
vt 0.636945 0.828056
vt 0.643382 0.844456
vt 0.588407 0.874341
vt 0.629323 0.865724
vt 0.638479 0.850268
vt 0.633350 0.855433
vt 0.644400 0.849103
vt 0.638597 0.851484
vt 0.643668 0.850910
vt 0.639072 0.855442
vt 0.641453 0.855394
vt 0.645235 0.856877
vt 0.643014 0.858073
vt 0.642434 0.865434
vt 0.641294 0.862881
vt 0.631369 0.864714
vt 0.636225 0.861876
vt 0.636259 0.857919
vt 0.639239 0.856353
vt 0.637475 0.858350
vt 0.637519 0.860939
vt 0.634203 0.856630
vt 0.638869 0.859667
vt 0.639988 0.859744
vt 0.640650 0.861440
vt 0.639877 0.859509
vt 0.640058 0.858659
vt 0.640719 0.858632
vt 0.640237 0.857646
vt 0.640114 0.857861
vt 0.639468 0.857632
vt 0.640938 0.856344
vt 0.639511 0.857859
vt 0.639082 0.859443
vt 0.639171 0.858621
vt 0.638702 0.858565
vt 0.639533 0.858789
vt 0.639635 0.858639
vt 0.639697 0.858753
vt 0.639668 0.858642
vt 0.641696 0.858474
vt 0.639611 0.858477
vt 0.639744 0.858534
vt 0.657155 0.802258
vt 0.657286 0.806264
vt 0.650464 0.806264
vt 0.650334 0.802258
vt 0.663696 0.802258
vt 0.663789 0.806264
vt 0.659478 0.818760
vt 0.664815 0.819643
vt 0.652682 0.818548
vt 0.672419 0.820525
vt 0.671477 0.806264
vt 0.682244 0.820230
vt 0.680473 0.806264
vt 0.680216 0.802258
vt 0.671439 0.802258
vt 0.679775 0.795398
vt 0.671372 0.795398
vt 0.663533 0.795398
vt 0.656928 0.795398
vt 0.663014 0.829251
vt 0.673402 0.830538
vt 0.659837 0.840607
vt 0.658551 0.829538
vt 0.656221 0.840949
vt 0.651402 0.839608
vt 0.652297 0.828910
vt 0.651646 0.848402
vt 0.656412 0.851940
vt 0.647627 0.845942
vt 0.646502 0.855969
vt 0.648053 0.865262
vt 0.643368 0.867506
vt 0.629411 0.868503
vt 0.641870 0.870728
vt 0.630295 0.877972
vt 0.637137 0.878199
vt 0.650003 0.881509
vt 0.643174 0.882984
vt 0.634481 0.900803
vt 0.632823 0.892479
vt 0.600967 0.904918
vt 0.620933 0.892612
vt 0.621878 0.883053
vt 0.630447 0.879118
vt 0.624708 0.884083
vt 0.623087 0.891101
vt 0.616673 0.879708
vt 0.627835 0.887551
vt 0.631418 0.887371
vt 0.632400 0.890977
vt 0.631267 0.886744
vt 0.632321 0.884652
vt 0.633617 0.884529
vt 0.633279 0.882387
vt 0.632756 0.882897
vt 0.630728 0.882215
vt 0.636118 0.879356
vt 0.630767 0.882788
vt 0.628601 0.886909
vt 0.629363 0.884691
vt 0.628094 0.884550
vt 0.630314 0.885349
vt 0.630837 0.884760
vt 0.630949 0.885221
vt 0.630909 0.884764
vt 0.637569 0.884057
vt 0.630872 0.884147
vt 0.631362 0.884275
vt 0.573420 0.772122
vt 0.571154 0.788291
vt 0.553207 0.788291
vt 0.551426 0.772122
vt 0.600853 0.772122
vt 0.598608 0.788291
vt 0.623400 0.772659
vt 0.623254 0.788291
vt 0.602239 0.767979
vt 0.574102 0.767979
vt 0.550947 0.767979
vt 0.538139 0.772122
vt 0.537356 0.767979
vt 0.539736 0.788291
vt 0.634403 0.772891
vt 0.623597 0.767989
vt 0.634530 0.767989
vt 0.640673 0.773170
vt 0.640583 0.767989
vt 0.645415 0.773170
vt 0.645324 0.767989
vt 0.634471 0.763466
vt 0.623332 0.763857
vt 0.640629 0.762829
vt 0.645275 0.762829
vt 0.641299 0.788291
vt 0.634549 0.788291
vt 0.645903 0.788291
vt 0.640307 0.735049
vt 0.644989 0.736749
vt 0.633827 0.732677
vt 0.622875 0.732104
vt 0.600520 0.763835
vt 0.573972 0.763835
vt 0.600750 0.735886
vt 0.574200 0.739235
vt 0.552240 0.763835
vt 0.551870 0.741314
vt 0.537691 0.763835
vt 0.538387 0.741693
vt 0.623012 0.724919
vt 0.600686 0.726878
vt 0.538725 0.735637
vt 0.551539 0.733275
vt 0.574135 0.730267
vt 0.527612 0.767983
vt 0.527943 0.772233
vt 0.529047 0.788291
vt 0.527589 0.763697
vt 0.527143 0.741454
vt 0.527007 0.737344
vt 0.573429 0.722165
vt 0.601435 0.718885
vt 0.551050 0.726042
vt 0.539085 0.729697
vt 0.526820 0.733646
vt 0.539996 0.795398
vt 0.553163 0.795398
vt 0.570448 0.795398
vt 0.598332 0.795398
vt 0.529506 0.795398
vt 0.529947 0.802258
vt 0.530204 0.806264
vt 0.531975 0.820230
vt 0.623352 0.795462
vt 0.634879 0.795398
vt 0.641768 0.795398
vt 0.646251 0.795398
vt 0.650106 0.795398
vt 0.630668 0.828232
vt 0.631486 0.818925
vt 0.656165 0.767989
vt 0.656242 0.772927
vt 0.649500 0.773170
vt 0.649372 0.767989
vt 0.663012 0.767989
vt 0.663026 0.772511
vt 0.656297 0.763029
vt 0.649278 0.762829
vt 0.662971 0.763305
vt 0.649864 0.788291
vt 0.656686 0.788291
vt 0.663359 0.788291
vt 0.662895 0.740781
vt 0.656403 0.740008
vt 0.656446 0.735337
vt 0.662848 0.736807
vt 0.649036 0.738294
vt 0.670506 0.767989
vt 0.670643 0.772377
vt 0.678212 0.772233
vt 0.677881 0.767983
vt 0.677858 0.763697
vt 0.670386 0.763523
vt 0.671302 0.788291
vt 0.679317 0.788291
vt 0.677413 0.741454
vt 0.669801 0.741190
vt 0.677276 0.737344
vt 0.669641 0.737440
vt 0.648959 0.732668
vt 0.677089 0.733646
vt 0.669400 0.734067
vt 0.662758 0.733231
vt 0.656402 0.730742
vt 0.648645 0.726956
vt 0.644874 0.730536
vt 0.640108 0.728192
vt 0.633658 0.725805
vt 0.644866 0.724673
vt 0.640131 0.721981
vt 0.633687 0.719307
vt 0.623207 0.717967
vt 0.526345 0.829072
vt 0.527558 0.834941
vt 0.525443 0.834813
vt 0.539251 0.843524
vt 0.541349 0.851116
vt 0.518824 0.849497
vt 0.512694 0.861972
vt 0.546653 0.861345
vt 0.539575 0.843172
vt 0.542838 0.893983
vt 0.560193 0.867161
vt 0.559550 0.874987
vt 0.571217 0.861477
vt 0.570310 0.865395
vt 0.579671 0.863950
vt 0.577450 0.868292
vt 0.582683 0.884542
vt 0.579294 0.888873
vt 0.555306 0.894998
vt 0.570769 0.900068
vt 0.593303 0.909410
vt 0.570969 0.849454
vt 0.563922 0.852120
vt 0.568292 0.847360
vt 0.567251 0.842701
vt 0.576304 0.850292
vt 0.569148 0.834660
vt 0.566411 0.841897
vt 0.564735 0.830364
vt 0.563219 0.832904
vt 0.560447 0.831820
vt 0.560575 0.829390
vt 0.566935 0.825964
vt 0.560884 0.825288
vt 0.555887 0.829845
vt 0.553907 0.826650
vt 0.565008 0.836076
vt 0.585810 0.851612
vt 0.557892 0.832365
vt 0.615354 0.876150
vt 0.635295 0.905032
vt 0.655554 0.880139
vt 0.664564 0.861497
vt 0.671878 0.844154
vt 0.549570 0.827510
vt 0.553080 0.831034
vt 0.549926 0.833141
vt 0.544213 0.828562
vt 0.556173 0.834912
vt 0.556695 0.833403
vt 0.557701 0.837919
vt 0.552808 0.840432
vt 0.540153 0.841384
vt 0.535291 0.836679
vt 0.533045 0.829367
vt 0.558627 0.837254
vt 0.560810 0.838352
vt 0.560908 0.836878
vt 0.559514 0.835708
vt 0.561239 0.836430
vt 0.559737 0.835196
vt 0.562543 0.837883
vt 0.557935 0.834213
vt 0.557637 0.835205
vt 0.563876 0.839285
vt 0.560842 0.839730
vt 0.563354 0.836142
vt 0.562414 0.834018
vt 0.561514 0.835863
vt 0.560052 0.834748
vt 0.560368 0.833058
vt 0.558688 0.833453
vt 0.527760 0.820272
vt 0.559676 0.845774
vt 0.559736 0.846484
vt 0.569349 0.880172
vt 0.570218 0.875398
vt 0.572933 0.877098
vt 0.570630 0.880825
vt 0.573696 0.885103
vt 0.573992 0.875320
vt 0.576294 0.885015
vt 0.569393 0.893742
vt 0.570043 0.896252
vt 0.570829 0.884500
vt 0.569842 0.884141
vt 0.568631 0.886871
vt 0.568690 0.887804
vt 0.562275 0.891036
vt 0.566516 0.886631
vt 0.570208 0.881514
vt 0.569277 0.882959
vt 0.568862 0.883674
vt 0.568833 0.883655
vt 0.568920 0.882951
vt 0.568013 0.883075
vt 0.566947 0.882005
vt 0.567124 0.885997
vt 0.569249 0.880948
vt 0.568473 0.884210
vt 0.568770 0.884578
vt 0.565514 0.880000
vt 0.570568 0.873233
vt 0.563492 0.874443
vt 0.560297 0.892827
vt 0.641815 0.802258
vt 0.654708 0.802258
vt 0.654577 0.806264
vt 0.641836 0.806264
vt 0.625127 0.802258
vt 0.625478 0.806264
vt 0.596889 0.802258
vt 0.597062 0.806264
vt 0.571489 0.802386
vt 0.571429 0.806428
vt 0.559740 0.802258
vt 0.559553 0.806264
vt 0.552472 0.806264
vt 0.552727 0.802258
vt 0.548172 0.806264
vt 0.548360 0.802258
vt 0.653792 0.820031
vt 0.647403 0.819107
vt 0.548054 0.818548
vt 0.557153 0.818759
vt 0.575825 0.819659
vt 0.596024 0.819919
vt 0.608497 0.819292
vt 0.609349 0.812327
vt 0.620828 0.817859
vt 0.617921 0.811836
vt 0.627739 0.816557
vt 0.635520 0.816405
vt 0.642127 0.818113
vt 0.624222 0.833838
vt 0.618824 0.838260
vt 0.617061 0.827268
vt 0.607785 0.828039
vt 0.608249 0.839451
vt 0.595236 0.828512
vt 0.595271 0.840307
vt 0.577106 0.840778
vt 0.576838 0.828773
vt 0.579990 0.866362
vt 0.563983 0.839178
vt 0.563014 0.851495
vt 0.557278 0.846631
vt 0.557747 0.838371
vt 0.549205 0.838331
vt 0.548523 0.828495
vt 0.557994 0.828056
vt 0.551557 0.844456
vt 0.606532 0.874341
vt 0.565615 0.865724
vt 0.556460 0.850268
vt 0.561588 0.855433
vt 0.550538 0.849103
vt 0.556342 0.851484
vt 0.551270 0.850910
vt 0.555867 0.855442
vt 0.553486 0.855394
vt 0.549703 0.856877
vt 0.551925 0.858073
vt 0.552504 0.865434
vt 0.553645 0.862881
vt 0.563569 0.864714
vt 0.558714 0.861876
vt 0.558679 0.857919
vt 0.555700 0.856353
vt 0.557464 0.858350
vt 0.557420 0.860939
vt 0.560736 0.856630
vt 0.556069 0.859667
vt 0.554951 0.859744
vt 0.554289 0.861440
vt 0.555062 0.859509
vt 0.554881 0.858659
vt 0.554220 0.858632
vt 0.554702 0.857646
vt 0.554824 0.857861
vt 0.555471 0.857632
vt 0.554001 0.856344
vt 0.555428 0.857859
vt 0.555856 0.859443
vt 0.555768 0.858621
vt 0.556236 0.858565
vt 0.555405 0.858789
vt 0.555304 0.858639
vt 0.555241 0.858753
vt 0.555270 0.858642
vt 0.553243 0.858474
vt 0.555327 0.858477
vt 0.555195 0.858534
vt 0.537783 0.802258
vt 0.544605 0.802258
vt 0.544475 0.806264
vt 0.537653 0.806264
vt 0.531243 0.802258
vt 0.531150 0.806264
vt 0.535460 0.818760
vt 0.530124 0.819643
vt 0.542257 0.818548
vt 0.522519 0.820525
vt 0.523461 0.806264
vt 0.512694 0.820230
vt 0.514466 0.806264
vt 0.514722 0.802258
vt 0.523500 0.802258
vt 0.515164 0.795398
vt 0.523567 0.795398
vt 0.531406 0.795398
vt 0.538011 0.795398
vt 0.531924 0.829251
vt 0.521537 0.830538
vt 0.535102 0.840607
vt 0.536387 0.829538
vt 0.538718 0.840949
vt 0.543537 0.839608
vt 0.542642 0.828910
vt 0.543293 0.848402
vt 0.538527 0.851940
vt 0.547312 0.845942
vt 0.548437 0.855969
vt 0.546885 0.865262
vt 0.551570 0.867506
vt 0.565527 0.868503
vt 0.553069 0.870728
vt 0.564644 0.877972
vt 0.557801 0.878199
vt 0.544936 0.881509
vt 0.551765 0.882984
vt 0.560458 0.900803
vt 0.562116 0.892479
vt 0.593971 0.904918
vt 0.574005 0.892612
vt 0.573061 0.883053
vt 0.564492 0.879118
vt 0.570230 0.884083
vt 0.571851 0.891101
vt 0.578265 0.879708
vt 0.567104 0.887551
vt 0.563521 0.887371
vt 0.562538 0.890977
vt 0.563671 0.886744
vt 0.562617 0.884652
vt 0.561322 0.884529
vt 0.561659 0.882387
vt 0.562182 0.882897
vt 0.564211 0.882215
vt 0.558821 0.879356
vt 0.564172 0.882788
vt 0.566338 0.886909
vt 0.565576 0.884691
vt 0.566844 0.884550
vt 0.564625 0.885349
vt 0.564101 0.884760
vt 0.563989 0.885221
vt 0.564029 0.884764
vt 0.557369 0.884057
vt 0.564067 0.884147
vt 0.563576 0.884275
vt 0.621519 0.772122
vt 0.643512 0.772122
vt 0.641731 0.788291
vt 0.623784 0.788291
vt 0.594086 0.772122
vt 0.596330 0.788291
vt 0.571539 0.772659
vt 0.571684 0.788291
vt 0.592700 0.767979
vt 0.620837 0.767979
vt 0.643991 0.767979
vt 0.656799 0.772122
vt 0.657582 0.767979
vt 0.655203 0.788291
vt 0.560535 0.772891
vt 0.571342 0.767989
vt 0.560408 0.767989
vt 0.554266 0.773170
vt 0.554356 0.767989
vt 0.549524 0.773170
vt 0.549615 0.767989
vt 0.560468 0.763466
vt 0.571607 0.763857
vt 0.554309 0.762829
vt 0.549664 0.762829
vt 0.553639 0.788291
vt 0.560390 0.788291
vt 0.549035 0.788291
vt 0.554632 0.735049
vt 0.549949 0.736749
vt 0.561111 0.732677
vt 0.572064 0.732104
vt 0.594419 0.763835
vt 0.620966 0.763835
vt 0.594188 0.735886
vt 0.620739 0.739235
vt 0.642699 0.763835
vt 0.643068 0.741314
vt 0.657248 0.763835
vt 0.656552 0.741693
vt 0.571926 0.724919
vt 0.594252 0.726878
vt 0.656214 0.735637
vt 0.643399 0.733275
vt 0.620803 0.730267
vt 0.667327 0.767983
vt 0.666996 0.772233
vt 0.665892 0.788291
vt 0.667350 0.763697
vt 0.667796 0.741454
vt 0.667932 0.737344
vt 0.621510 0.722165
vt 0.593504 0.718885
vt 0.643889 0.726042
vt 0.655854 0.729697
vt 0.668119 0.733646
vt 0.654942 0.795398
vt 0.641776 0.795398
vt 0.624491 0.795398
vt 0.596607 0.795398
vt 0.665433 0.795398
vt 0.664992 0.802258
vt 0.664735 0.806264
vt 0.662964 0.820230
vt 0.571587 0.795462
vt 0.560060 0.795398
vt 0.553171 0.795398
vt 0.548688 0.795398
vt 0.544832 0.795398
vt 0.564270 0.828232
vt 0.563452 0.818925
vt 0.538774 0.767989
vt 0.545567 0.767989
vt 0.545439 0.773170
vt 0.538697 0.772927
vt 0.531927 0.767989
vt 0.531912 0.772511
vt 0.538641 0.763029
vt 0.545661 0.762829
vt 0.531967 0.763305
vt 0.545074 0.788291
vt 0.538252 0.788291
vt 0.531580 0.788291
vt 0.532044 0.740781
vt 0.538536 0.740008
vt 0.538493 0.735337
vt 0.532091 0.736807
vt 0.545903 0.738294
vt 0.524433 0.767989
vt 0.524295 0.772377
vt 0.516727 0.772233
vt 0.517058 0.767983
vt 0.517080 0.763697
vt 0.524552 0.763523
vt 0.523636 0.788291
vt 0.515622 0.788291
vt 0.517526 0.741454
vt 0.525138 0.741190
vt 0.517663 0.737344
vt 0.525297 0.737440
vt 0.545980 0.732668
vt 0.517849 0.733646
vt 0.525539 0.734067
vt 0.532181 0.733231
vt 0.538536 0.730742
vt 0.546294 0.726956
vt 0.550065 0.730536
vt 0.554831 0.728192
vt 0.561281 0.725805
vt 0.550073 0.724673
vt 0.554808 0.721981
vt 0.561251 0.719307
vt 0.571732 0.717967
vt 0.667381 0.834941
vt 0.668593 0.829072
vt 0.669495 0.834813
vt 0.655687 0.843524
vt 0.653589 0.851116
vt 0.676115 0.849497
vt 0.682244 0.861972
vt 0.648286 0.861345
vt 0.655364 0.843172
vt 0.652101 0.893983
vt 0.634746 0.867161
vt 0.635388 0.874987
vt 0.623722 0.861477
vt 0.624629 0.865395
vt 0.615268 0.863950
vt 0.617488 0.868292
vt 0.612256 0.884542
vt 0.615644 0.888873
vt 0.639632 0.894998
vt 0.624170 0.900068
vt 0.601636 0.909410
vt 0.623969 0.849454
vt 0.631017 0.852120
vt 0.626646 0.847360
vt 0.627687 0.842701
vt 0.618635 0.850292
vt 0.625790 0.834660
vt 0.628528 0.841897
vt 0.630204 0.830364
vt 0.631719 0.832904
vt 0.634492 0.831820
vt 0.634364 0.829390
vt 0.628004 0.825964
vt 0.634055 0.825288
vt 0.639052 0.829845
vt 0.641032 0.826650
vt 0.629931 0.836076
vt 0.609128 0.851612
vt 0.637046 0.832365
vt 0.579585 0.876150
vt 0.559643 0.905032
vt 0.539384 0.880139
vt 0.530374 0.861497
vt 0.523061 0.844154
vt 0.645368 0.827510
vt 0.650726 0.828562
vt 0.645012 0.833141
vt 0.641859 0.831034
vt 0.638766 0.834912
vt 0.638244 0.833403
vt 0.637238 0.837919
vt 0.642131 0.840432
vt 0.654785 0.841384
vt 0.659648 0.836679
vt 0.661894 0.829367
vt 0.636311 0.837254
vt 0.634129 0.838352
vt 0.634031 0.836878
vt 0.635425 0.835708
vt 0.633699 0.836430
vt 0.635202 0.835196
vt 0.632396 0.837883
vt 0.637003 0.834213
vt 0.637301 0.835205
vt 0.631063 0.839285
vt 0.634097 0.839730
vt 0.631585 0.836142
vt 0.632525 0.834018
vt 0.633424 0.835863
vt 0.634887 0.834748
vt 0.634571 0.833058
vt 0.636250 0.833453
vt 0.667179 0.820272
vt 0.635262 0.845774
vt 0.635203 0.846484
vt 0.625590 0.880172
vt 0.624308 0.880825
vt 0.622006 0.877098
vt 0.624721 0.875398
vt 0.621243 0.885103
vt 0.620946 0.875320
vt 0.618645 0.885015
vt 0.625546 0.893742
vt 0.624895 0.896252
vt 0.624110 0.884500
vt 0.625097 0.884141
vt 0.626307 0.886871
vt 0.626249 0.887804
vt 0.632663 0.891036
vt 0.628423 0.886631
vt 0.624730 0.881514
vt 0.625662 0.882959
vt 0.626077 0.883674
vt 0.626106 0.883655
vt 0.626019 0.882951
vt 0.626926 0.883075
vt 0.627815 0.885997
vt 0.627992 0.882005
vt 0.625690 0.880948
vt 0.626466 0.884210
vt 0.626168 0.884578
vt 0.629425 0.880000
vt 0.624371 0.873233
vt 0.631446 0.874443
vt 0.634641 0.892827
vt 0.544297 0.809385
vt 0.544220 0.779628
vt 0.566236 0.780902
vt 0.566143 0.811692
vt 0.523942 0.809385
vt 0.523638 0.779628
vt 0.503381 0.811692
vt 0.503178 0.780901
vt 0.479090 0.814922
vt 0.479350 0.783532
vt 0.590841 0.783532
vt 0.591101 0.814922
vt 0.613640 0.785719
vt 0.615549 0.819536
vt 0.636086 0.786988
vt 0.636413 0.822305
vt 0.657911 0.786988
vt 0.657110 0.822305
vt 0.678668 0.785719
vt 0.676665 0.819536
vt 0.700701 0.783532
vt 0.700441 0.814922
vt 0.656547 0.835616
vt 0.675941 0.837784
vt 0.656716 0.848024
vt 0.676717 0.846227
vt 0.700558 0.844041
vt 0.700537 0.839188
vt 0.636638 0.848024
vt 0.636822 0.835616
vt 0.615731 0.846227
vt 0.616260 0.837784
vt 0.590993 0.844041
vt 0.591012 0.839188
vt 0.676493 0.856127
vt 0.700851 0.850150
vt 0.656776 0.859752
vt 0.636593 0.859752
vt 0.616108 0.856127
vt 0.590681 0.850889
vt 0.566847 0.837941
vt 0.568366 0.845523
vt 0.589132 0.885127
vt 0.566468 0.888413
vt 0.567661 0.853760
vt 0.544163 0.889947
vt 0.544790 0.857749
vt 0.523173 0.888466
vt 0.523327 0.857749
vt 0.545243 0.847684
vt 0.522767 0.847684
vt 0.501456 0.853760
vt 0.501473 0.845523
vt 0.479207 0.844041
vt 0.502689 0.837941
vt 0.479187 0.839188
vt 0.479500 0.850150
vt 0.502172 0.885857
vt 0.480880 0.880695
vt 0.543803 0.834851
vt 0.524456 0.834851
vt 0.480983 0.910213
vt 0.503720 0.913399
vt 0.480232 0.935925
vt 0.500563 0.936576
vt 0.523814 0.919342
vt 0.519870 0.945525
vt 0.543616 0.922990
vt 0.539635 0.955815
vt 0.564319 0.923247
vt 0.560707 0.963153
vt 0.587070 0.922125
vt 0.585774 0.967098
vt 0.615685 0.916688
vt 0.612584 0.964933
vt 0.637151 0.910820
vt 0.637989 0.958912
vt 0.657766 0.907172
vt 0.660882 0.948622
vt 0.678215 0.906839
vt 0.681194 0.938356
vt 0.702334 0.910213
vt 0.701582 0.935925
vt 0.615608 0.879740
vt 0.636709 0.875694
vt 0.657566 0.874213
vt 0.677214 0.876220
vt 0.702231 0.880695
vt 0.589789 0.752759
vt 0.612069 0.756737
vt 0.565554 0.748035
vt 0.544329 0.745747
vt 0.523387 0.745747
vt 0.503828 0.748035
vt 0.480402 0.752759
vt 0.635724 0.761706
vt 0.658479 0.761706
vt 0.680241 0.756737
vt 0.701753 0.752759
vt 0.521885 0.035856
vt 0.547562 0.035873
vt 0.562482 0.040176
vt 0.506686 0.040163
vt 0.486895 0.055888
vt 0.581878 0.055919
vt 0.478043 0.077701
vt 0.590630 0.077745
vt 0.479729 0.104156
vt 0.588937 0.104184
vt 0.486003 0.127099
vt 0.582715 0.127047
vt 0.601556 0.103259
vt 0.596106 0.128904
vt 0.601938 0.076943
vt 0.592326 0.055893
vt 0.568549 0.040182
vt 0.477383 0.055895
vt 0.501175 0.040184
vt 0.467705 0.076955
vt 0.468145 0.103264
vt 0.473624 0.128865
vt 0.547681 0.034301
vt 0.522051 0.034280
vt 0.843691 0.068504
vt 0.837002 0.040589
vt 0.815902 0.040589
vt 0.820036 0.068504
vt 0.843691 0.068504
vt 0.837002 0.040589
vt 0.789556 0.040589
vt 0.789556 0.068504
vt 0.777303 0.040589
vt 0.773890 0.068504
vt 0.843371 0.107498
vt 0.819838 0.107498
vt 0.843371 0.107498
vt 0.789556 0.107498
vt 0.772682 0.107498
vt 0.837133 0.136288
vt 0.815983 0.136288
vt 0.837133 0.136288
vt 0.789556 0.136288
vt 0.774817 0.136288
vt 0.828005 0.156279
vt 0.810341 0.156279
vt 0.828005 0.156279
vt 0.789556 0.156279
vt 0.823288 0.173562
vt 0.808916 0.173562
vt 0.792923 0.173562
vt 0.823288 0.173562
vt 0.762456 0.107498
vt 0.769412 0.136288
vt 0.777410 0.156279
vt 0.781459 0.156279
vt 0.773663 0.173562
vt 0.780083 0.173562
vt 0.753638 0.173562
vt 0.765264 0.156279
vt 0.755236 0.165741
vt 0.753638 0.173562
vt 0.727115 0.183209
vt 0.728349 0.178482
vt 0.758604 0.136288
vt 0.731649 0.156439
vt 0.757342 0.107498
vt 0.734540 0.118808
vt 0.759647 0.068504
vt 0.736567 0.070230
vt 0.766163 0.040589
vt 0.736476 0.040589
vt 0.710657 0.070475
vt 0.710032 0.040589
vt 0.709197 0.119367
vt 0.701102 0.165632
vt 0.681879 0.070674
vt 0.686840 0.040589
vt 0.665087 0.040589
vt 0.658191 0.070674
vt 0.665087 0.040589
vt 0.658191 0.070674
vt 0.658521 0.112802
vt 0.658521 0.112802
vt 0.679519 0.117179
vt 0.664951 0.143905
vt 0.662095 0.148106
vt 0.674612 0.160611
vt 0.675530 0.184803
vt 0.675530 0.184803
vt 0.698444 0.191374
vt 0.697562 0.195607
vt 0.675530 0.184803
vt 0.659238 0.152307
vt 0.658521 0.112802
vt 0.658191 0.070674
vt 0.665087 0.040589
vt 0.665087 0.040589
vt 0.658191 0.070674
vt 0.686840 0.040589
vt 0.681879 0.070674
vt 0.658521 0.112802
vt 0.679519 0.117179
vt 0.659238 0.152307
vt 0.674612 0.160611
vt 0.675530 0.184803
vt 0.710657 0.070475
vt 0.710032 0.040589
vt 0.736567 0.070230
vt 0.736476 0.040589
vt 0.759647 0.068504
vt 0.766163 0.040589
vt 0.768886 0.040589
vt 0.763129 0.068504
vt 0.757342 0.107498
vt 0.762967 0.107498
vt 0.758604 0.136288
vt 0.769412 0.136288
vt 0.777410 0.156279
vt 0.765264 0.156279
vt 0.753638 0.173562
vt 0.773663 0.173562
vt 0.734540 0.118808
vt 0.731649 0.156439
vt 0.709197 0.119367
vt 0.706815 0.157230
vt 0.704157 0.182972
vt 0.700418 0.191405
vt 0.728349 0.178482
vt 0.727115 0.183209
vt 0.755236 0.165741
vt 0.753638 0.173562
vt 0.820036 0.068504
vt 0.815902 0.040589
vt 0.837002 0.040589
vt 0.843691 0.068504
vt 0.789556 0.068504
vt 0.789556 0.040589
vt 0.819838 0.107498
vt 0.843371 0.107498
vt 0.789556 0.107498
vt 0.815983 0.136288
vt 0.837133 0.136288
vt 0.789556 0.136288
vt 0.810341 0.156279
vt 0.828005 0.156279
vt 0.789556 0.156279
vt 0.823288 0.173562
vt 0.828005 0.156279
vt 0.823288 0.173562
vt 0.808916 0.173562
vt 0.792923 0.173562
vt 0.780083 0.173562
vt 0.781459 0.156279
vt 0.837133 0.136288
vt 0.843371 0.107498
vt 0.843691 0.068504
vt 0.837002 0.040589
vt 0.774817 0.136288
vt 0.774216 0.107498
vt 0.775314 0.068504
vt 0.778417 0.040589
vt 0.682503 0.154581
vt 0.739918 0.207976
vt 0.682503 0.154581
vt 0.669319 0.124460
vt 0.702750 0.124460
vt 0.699370 0.103359
vt 0.664917 0.103528
vt 0.701105 0.086189
vt 0.666157 0.086189
vt 0.707984 0.062130
vt 0.673062 0.062127
vt 0.666157 0.086189
vt 0.673062 0.062127
vt 0.664917 0.103528
vt 0.669319 0.124460
vt 0.708433 0.154581
vt 0.666157 0.086189
vt 0.673062 0.062127
vt 0.673062 0.062127
vt 0.666157 0.086189
vt 0.701105 0.086189
vt 0.707984 0.062130
vt 0.719837 0.086189
vt 0.719758 0.062130
vt 0.699370 0.103359
vt 0.664917 0.103528
vt 0.718804 0.103359
vt 0.702750 0.124460
vt 0.669319 0.124460
vt 0.720682 0.124460
vt 0.708433 0.154581
vt 0.682503 0.154581
vt 0.723746 0.154581
vt 0.664917 0.103528
vt 0.669319 0.124460
vt 0.682503 0.154581
vt 0.743096 0.124460
vt 0.743096 0.103359
vt 0.781129 0.124460
vt 0.784509 0.103359
vt 0.743251 0.086189
vt 0.782994 0.086189
vt 0.743305 0.062130
vt 0.776202 0.062130
vt 0.811587 0.086189
vt 0.800773 0.062130
vt 0.811587 0.086189
vt 0.800773 0.062130
vt 0.813828 0.103359
vt 0.813828 0.103359
vt 0.808358 0.124460
vt 0.775649 0.154581
vt 0.742887 0.154581
vt 0.794307 0.154581
vt 0.794307 0.154581
vt 0.794307 0.154581
vt 0.808358 0.124460
vt 0.808358 0.124460
vt 0.808358 0.124460
vt 0.813828 0.103359
vt 0.781129 0.124460
vt 0.784509 0.103359
vt 0.811587 0.086189
vt 0.782994 0.086189
vt 0.800773 0.062130
vt 0.776202 0.062130
vt 0.743251 0.086189
vt 0.743306 0.062130
vt 0.719837 0.086189
vt 0.719758 0.062130
vt 0.718804 0.103359
vt 0.743096 0.103359
vt 0.720682 0.124460
vt 0.743096 0.124460
vt 0.723746 0.154581
vt 0.742887 0.154581
vt 0.775672 0.154655
vt 0.794307 0.154581
vt 0.813828 0.103359
vt 0.811587 0.086189
vt 0.800773 0.062130
vt 0.551032 0.021276
vt 0.577202 0.028882
vt 0.606641 0.048351
vt 0.617208 0.074880
vt 0.614992 0.105400
vt 0.605685 0.130360
vt 0.518687 0.021276
vt 0.492517 0.028882
vt 0.463078 0.048351
vt 0.452511 0.074880
vt 0.454728 0.105401
vt 0.464034 0.130360
vt 0.472985 0.132744
vt 0.475624 0.135608
vt 0.478906 0.136237
vt 0.474537 0.142927
vt 0.470651 0.142718
vt 0.473987 0.151957
vt 0.469937 0.152424
vt 0.481441 0.173529
vt 0.477607 0.175345
vt 0.501447 0.189609
vt 0.498865 0.192666
vt 0.521723 0.197178
vt 0.520753 0.200746
vt 0.548008 0.197163
vt 0.548978 0.200746
vt 0.570859 0.192680
vt 0.568265 0.189604
vt 0.588256 0.173535
vt 0.592089 0.175347
vt 0.595683 0.151969
vt 0.599744 0.152435
vt 0.595108 0.142838
vt 0.598966 0.142487
vt 0.593977 0.135193
vt 0.596693 0.132643
vt 0.590810 0.136273
vt 0.518487 0.208782
vt 0.493127 0.199266
vt 0.468931 0.179458
vt 0.460911 0.153529
vt 0.462398 0.142496
vt 0.463189 0.136627
vt 0.606436 0.135929
vt 0.607258 0.142022
vt 0.608809 0.153529
vt 0.600790 0.179458
vt 0.576594 0.199266
vt 0.551234 0.208782
vt 0.508575 0.187064
vt 0.492855 0.171721
vt 0.576037 0.171690
vt 0.560650 0.187059
vt 0.582072 0.151130
vt 0.486705 0.151163
vt 0.581753 0.142700
vt 0.487034 0.142731
vt 0.581668 0.134969
vt 0.487107 0.135013
vt 0.584745 0.171871
vt 0.566111 0.187036
vt 0.591799 0.151459
vt 0.591228 0.143209
vt 0.478454 0.143170
vt 0.477868 0.151449
vt 0.484953 0.171866
vt 0.503598 0.187046
vt 0.522591 0.194120
vt 0.524012 0.192277
vt 0.547142 0.194098
vt 0.545573 0.192251
vt 0.762812 0.068504
vt 0.768639 0.040589
vt 0.521885 0.035856
vt 0.506686 0.040163
vt 0.562482 0.040176
vt 0.547562 0.035873
vt 0.486895 0.055888
vt 0.581878 0.055919
vt 0.478043 0.077701
vt 0.590630 0.077745
vt 0.479729 0.104156
vt 0.588937 0.104184
vt 0.486003 0.127099
vt 0.582715 0.127047
vt 0.601556 0.103259
vt 0.596106 0.128904
vt 0.601938 0.076943
vt 0.592326 0.055893
vt 0.568549 0.040182
vt 0.477383 0.055895
vt 0.501175 0.040184
vt 0.467705 0.076955
vt 0.468145 0.103264
vt 0.473624 0.128865
vt 0.522051 0.034280
vt 0.547681 0.034301
vt 0.843691 0.068504
vt 0.820036 0.068504
vt 0.815902 0.040589
vt 0.837002 0.040589
vt 0.843691 0.068504
vt 0.837002 0.040589
vt 0.789556 0.040589
vt 0.789556 0.068504
vt 0.777303 0.040589
vt 0.773890 0.068504
vt 0.843371 0.107498
vt 0.819838 0.107498
vt 0.843371 0.107498
vt 0.789556 0.107498
vt 0.772682 0.107498
vt 0.837133 0.136288
vt 0.815983 0.136288
vt 0.837133 0.136288
vt 0.789556 0.136288
vt 0.774817 0.136288
vt 0.828005 0.156279
vt 0.810341 0.156279
vt 0.828005 0.156279
vt 0.789556 0.156279
vt 0.823288 0.173562
vt 0.808916 0.173562
vt 0.792923 0.173562
vt 0.823288 0.173562
vt 0.762456 0.107498
vt 0.769412 0.136288
vt 0.777410 0.156279
vt 0.781459 0.156279
vt 0.773663 0.173562
vt 0.780083 0.173562
vt 0.753638 0.173562
vt 0.765264 0.156279
vt 0.755236 0.165741
vt 0.753638 0.173562
vt 0.727115 0.183209
vt 0.728349 0.178482
vt 0.758604 0.136288
vt 0.731649 0.156439
vt 0.757342 0.107498
vt 0.734540 0.118808
vt 0.759647 0.068504
vt 0.736567 0.070230
vt 0.766163 0.040589
vt 0.736476 0.040589
vt 0.710657 0.070475
vt 0.710032 0.040589
vt 0.709197 0.119367
vt 0.701102 0.165632
vt 0.681879 0.070674
vt 0.686840 0.040589
vt 0.665087 0.040589
vt 0.658191 0.070674
vt 0.665087 0.040589
vt 0.658191 0.070674
vt 0.658521 0.112802
vt 0.658521 0.112802
vt 0.679519 0.117179
vt 0.664951 0.143905
vt 0.662095 0.148106
vt 0.674612 0.160611
vt 0.675530 0.184803
vt 0.675530 0.184803
vt 0.698444 0.191374
vt 0.697562 0.195607
vt 0.675530 0.184803
vt 0.659238 0.152307
vt 0.658521 0.112802
vt 0.658191 0.070674
vt 0.665087 0.040589
vt 0.665087 0.040589
vt 0.658191 0.070674
vt 0.686840 0.040589
vt 0.681879 0.070674
vt 0.658521 0.112802
vt 0.679519 0.117179
vt 0.659238 0.152307
vt 0.674612 0.160611
vt 0.675530 0.184803
vt 0.710657 0.070475
vt 0.710032 0.040589
vt 0.736567 0.070230
vt 0.736476 0.040589
vt 0.759647 0.068504
vt 0.766163 0.040589
vt 0.768886 0.040589
vt 0.763129 0.068504
vt 0.757342 0.107498
vt 0.762967 0.107498
vt 0.758604 0.136288
vt 0.769412 0.136288
vt 0.777410 0.156279
vt 0.765264 0.156279
vt 0.753638 0.173562
vt 0.773663 0.173562
vt 0.734540 0.118808
vt 0.731649 0.156439
vt 0.709197 0.119367
vt 0.706815 0.157230
vt 0.704157 0.182972
vt 0.700418 0.191405
vt 0.728349 0.178482
vt 0.727115 0.183209
vt 0.755236 0.165741
vt 0.753638 0.173562
vt 0.820036 0.068504
vt 0.843691 0.068504
vt 0.837002 0.040589
vt 0.815902 0.040589
vt 0.789556 0.068504
vt 0.789556 0.040589
vt 0.819838 0.107498
vt 0.843371 0.107498
vt 0.789556 0.107498
vt 0.815983 0.136288
vt 0.837133 0.136288
vt 0.789556 0.136288
vt 0.810341 0.156279
vt 0.828005 0.156279
vt 0.789556 0.156279
vt 0.823288 0.173562
vt 0.828005 0.156279
vt 0.823288 0.173562
vt 0.808916 0.173562
vt 0.792923 0.173562
vt 0.780083 0.173562
vt 0.781459 0.156279
vt 0.837133 0.136288
vt 0.843371 0.107498
vt 0.774817 0.136288
vt 0.774216 0.107498
vt 0.775314 0.068504
vt 0.778417 0.040589
vt 0.843691 0.068504
vt 0.837002 0.040589
vt 0.739918 0.207976
vt 0.682503 0.154581
vt 0.682503 0.154581
vt 0.669319 0.124460
vt 0.702750 0.124460
vt 0.699370 0.103359
vt 0.664917 0.103528
vt 0.701105 0.086189
vt 0.666157 0.086189
vt 0.707984 0.062130
vt 0.673062 0.062127
vt 0.666157 0.086189
vt 0.673062 0.062127
vt 0.664917 0.103528
vt 0.669319 0.124460
vt 0.708433 0.154581
vt 0.666157 0.086189
vt 0.673062 0.062127
vt 0.673062 0.062127
vt 0.666157 0.086189
vt 0.701105 0.086189
vt 0.707984 0.062130
vt 0.719837 0.086189
vt 0.719758 0.062130
vt 0.699370 0.103359
vt 0.664917 0.103528
vt 0.718804 0.103359
vt 0.702750 0.124460
vt 0.669319 0.124460
vt 0.720682 0.124460
vt 0.708433 0.154581
vt 0.682503 0.154581
vt 0.723746 0.154581
vt 0.664917 0.103528
vt 0.669319 0.124460
vt 0.682503 0.154581
vt 0.743096 0.103359
vt 0.743251 0.086189
vt 0.784509 0.103359
vt 0.782994 0.086189
vt 0.743305 0.062130
vt 0.776202 0.062130
vt 0.811587 0.086189
vt 0.800773 0.062130
vt 0.811587 0.086189
vt 0.800773 0.062130
vt 0.813828 0.103359
vt 0.813828 0.103359
vt 0.781129 0.124460
vt 0.743096 0.124460
vt 0.808358 0.124460
vt 0.775649 0.154581
vt 0.742887 0.154581
vt 0.794307 0.154581
vt 0.794307 0.154581
vt 0.811587 0.086189
vt 0.800773 0.062130
vt 0.800773 0.062130
vt 0.811587 0.086189
vt 0.782994 0.086189
vt 0.776202 0.062130
vt 0.743251 0.086189
vt 0.743306 0.062130
vt 0.719837 0.086189
vt 0.719758 0.062130
vt 0.718804 0.103359
vt 0.743096 0.103359
vt 0.784509 0.103359
vt 0.813828 0.103359
vt 0.720682 0.124460
vt 0.743096 0.124460
vt 0.781129 0.124460
vt 0.808358 0.124460
vt 0.723746 0.154581
vt 0.742887 0.154581
vt 0.775672 0.154655
vt 0.794307 0.154581
vt 0.808358 0.124460
vt 0.813828 0.103359
vt 0.794307 0.154581
vt 0.808358 0.124460
vt 0.577202 0.028882
vt 0.551032 0.021276
vt 0.606641 0.048351
vt 0.617208 0.074880
vt 0.614992 0.105400
vt 0.605685 0.130360
vt 0.518687 0.021276
vt 0.492517 0.028882
vt 0.463078 0.048351
vt 0.452511 0.074880
vt 0.454728 0.105401
vt 0.464034 0.130360
vt 0.472985 0.132744
vt 0.475624 0.135608
vt 0.478906 0.136237
vt 0.474537 0.142927
vt 0.470651 0.142718
vt 0.473987 0.151957
vt 0.469937 0.152424
vt 0.481441 0.173529
vt 0.477607 0.175345
vt 0.501447 0.189609
vt 0.498865 0.192666
vt 0.521723 0.197178
vt 0.520753 0.200746
vt 0.548008 0.197163
vt 0.548978 0.200746
vt 0.570859 0.192680
vt 0.568265 0.189604
vt 0.588256 0.173535
vt 0.592089 0.175347
vt 0.595683 0.151969
vt 0.599744 0.152435
vt 0.595108 0.142838
vt 0.598966 0.142487
vt 0.593977 0.135193
vt 0.596693 0.132643
vt 0.590810 0.136273
vt 0.518487 0.208782
vt 0.493127 0.199266
vt 0.468931 0.179458
vt 0.460911 0.153529
vt 0.462398 0.142496
vt 0.463189 0.136627
vt 0.606436 0.135929
vt 0.607258 0.142022
vt 0.608809 0.153529
vt 0.600790 0.179458
vt 0.576594 0.199266
vt 0.551234 0.208782
vt 0.508575 0.187064
vt 0.560650 0.187059
vt 0.576037 0.171690
vt 0.492855 0.171721
vt 0.582072 0.151130
vt 0.486705 0.151163
vt 0.581753 0.142700
vt 0.487034 0.142731
vt 0.581668 0.134969
vt 0.487107 0.135013
vt 0.584745 0.171871
vt 0.566111 0.187036
vt 0.591799 0.151459
vt 0.591228 0.143209
vt 0.478454 0.143170
vt 0.477868 0.151449
vt 0.484953 0.171866
vt 0.503598 0.187046
vt 0.522591 0.194120
vt 0.524012 0.192277
vt 0.547142 0.194098
vt 0.545573 0.192251
vt 0.762812 0.068504
vt 0.768639 0.040589
vt 0.637127 0.809385
vt 0.615281 0.811692
vt 0.615188 0.780902
vt 0.637204 0.779628
vt 0.657482 0.809385
vt 0.657786 0.779628
vt 0.678043 0.811692
vt 0.678246 0.780901
vt 0.702334 0.814922
vt 0.702074 0.783532
vt 0.590583 0.783532
vt 0.590323 0.814922
vt 0.567784 0.785719
vt 0.565875 0.819536
vt 0.545338 0.786988
vt 0.545011 0.822305
vt 0.523513 0.786988
vt 0.524314 0.822305
vt 0.502756 0.785719
vt 0.504759 0.819536
vt 0.480723 0.783532
vt 0.480983 0.814922
vt 0.524877 0.835616
vt 0.505483 0.837784
vt 0.524708 0.848024
vt 0.504707 0.846227
vt 0.480866 0.844041
vt 0.480887 0.839188
vt 0.544786 0.848024
vt 0.544602 0.835616
vt 0.565693 0.846227
vt 0.565164 0.837784
vt 0.590431 0.844041
vt 0.590412 0.839188
vt 0.504931 0.856127
vt 0.480573 0.850150
vt 0.524648 0.859752
vt 0.544831 0.859752
vt 0.565316 0.856127
vt 0.590743 0.850889
vt 0.614577 0.837941
vt 0.613058 0.845523
vt 0.592292 0.885127
vt 0.614956 0.888413
vt 0.613763 0.853760
vt 0.637261 0.889947
vt 0.636634 0.857749
vt 0.658251 0.888466
vt 0.658097 0.857749
vt 0.636181 0.847684
vt 0.658657 0.847684
vt 0.679968 0.853760
vt 0.679951 0.845523
vt 0.702217 0.844041
vt 0.678735 0.837941
vt 0.702238 0.839188
vt 0.701924 0.850150
vt 0.679253 0.885857
vt 0.700544 0.880695
vt 0.637621 0.834851
vt 0.656968 0.834851
vt 0.700441 0.910213
vt 0.677704 0.913399
vt 0.701192 0.935925
vt 0.680861 0.936576
vt 0.657610 0.919342
vt 0.661554 0.945525
vt 0.637809 0.922990
vt 0.641789 0.955815
vt 0.617105 0.923247
vt 0.620717 0.963153
vt 0.594354 0.922125
vt 0.595650 0.967098
vt 0.565739 0.916688
vt 0.568841 0.964933
vt 0.544273 0.910820
vt 0.543435 0.958912
vt 0.523658 0.907172
vt 0.520542 0.948622
vt 0.503209 0.906839
vt 0.500230 0.938356
vt 0.479090 0.910213
vt 0.479842 0.935925
vt 0.565816 0.879740
vt 0.544715 0.875694
vt 0.523858 0.874213
vt 0.504210 0.876220
vt 0.479193 0.880695
vt 0.569355 0.756737
vt 0.591635 0.752759
vt 0.615870 0.748035
vt 0.637095 0.745747
vt 0.658038 0.745747
vt 0.677596 0.748035
vt 0.701022 0.752759
vt 0.545700 0.761706
vt 0.522945 0.761706
vt 0.501183 0.756737
vt 0.479671 0.752759
vt 0.730934 0.621923
vt 0.726167 0.621923
vt 0.726242 0.597741
vt 0.731039 0.597741
vt 0.733689 0.621923
vt 0.733835 0.597736
vt 0.736650 0.621923
vt 0.736829 0.597708
vt 0.716760 0.621923
vt 0.716809 0.597741
vt 0.731039 0.646109
vt 0.726242 0.646105
vt 0.716809 0.646109
vt 0.736829 0.646138
vt 0.745333 0.636784
vt 0.745197 0.621923
vt 0.733835 0.646114
vt 0.733871 0.591892
vt 0.736887 0.591892
vt 0.757977 0.591892
vt 0.757977 0.595915
vt 0.749074 0.601997
vt 0.757977 0.599838
vt 0.777850 0.591892
vt 0.777906 0.597708
vt 0.780900 0.597736
vt 0.781066 0.621923
vt 0.778110 0.621923
vt 0.770624 0.607062
vt 0.770775 0.621923
vt 0.783817 0.621923
vt 0.783695 0.597741
vt 0.788579 0.621923
vt 0.788496 0.597746
vt 0.797981 0.621923
vt 0.797928 0.597741
vt 0.797928 0.646109
vt 0.788496 0.646105
vt 0.783695 0.646105
vt 0.780900 0.646114
vt 0.777906 0.646138
vt 0.783671 0.591892
vt 0.788477 0.591892
vt 0.780864 0.591892
vt 0.797917 0.591892
vt 0.783671 0.651957
vt 0.788477 0.651957
vt 0.780864 0.651957
vt 0.777850 0.651957
vt 0.797917 0.651957
vt 0.757977 0.648764
vt 0.766880 0.641853
vt 0.757977 0.644012
vt 0.757977 0.651957
vt 0.736887 0.651957
vt 0.733871 0.651957
vt 0.731067 0.651957
vt 0.726258 0.651957
vt 0.716818 0.651957
vt 0.749074 0.641858
vt 0.707383 0.651957
vt 0.707377 0.646109
vt 0.702576 0.651957
vt 0.702572 0.646109
vt 0.702546 0.621923
vt 0.707344 0.621923
vt 0.702572 0.597741
vt 0.699768 0.597741
vt 0.699754 0.621923
vt 0.696754 0.597746
vt 0.696748 0.621923
vt 0.675664 0.597746
vt 0.675664 0.621923
vt 0.707377 0.597741
vt 0.699768 0.646105
vt 0.696754 0.646105
vt 0.675664 0.646105
vt 0.696757 0.591892
vt 0.675664 0.591892
vt 0.702576 0.591892
vt 0.707383 0.591892
vt 0.699768 0.591892
vt 0.696757 0.651957
vt 0.675664 0.651957
vt 0.699768 0.651957
vt 0.716818 0.591892
vt 0.726258 0.591892
vt 0.731067 0.591892
vt 0.812197 0.621923
vt 0.807399 0.621923
vt 0.807364 0.597741
vt 0.812169 0.597741
vt 0.814987 0.621923
vt 0.814968 0.597741
vt 0.817989 0.621923
vt 0.817984 0.597741
vt 0.837855 0.621923
vt 0.837855 0.597746
vt 0.837855 0.646105
vt 0.817984 0.646105
vt 0.814971 0.646105
vt 0.812169 0.646109
vt 0.807364 0.646109
vt 0.814962 0.591892
vt 0.817982 0.591892
vt 0.812160 0.591892
vt 0.807355 0.591892
vt 0.837855 0.591892
vt 0.814962 0.651957
vt 0.817982 0.651957
vt 0.812160 0.651957
vt 0.807355 0.651957
vt 0.837855 0.651957
vt 0.890045 0.649601
vt 0.883103 0.648857
vt 0.883122 0.627768
vt 0.890068 0.627767
vt 0.883142 0.607895
vt 0.890084 0.607164
vt 0.883801 0.604952
vt 0.899480 0.627767
vt 0.899461 0.650103
vt 0.908896 0.627782
vt 0.908877 0.649621
vt 0.915841 0.627801
vt 0.915822 0.648891
vt 0.908921 0.607179
vt 0.899505 0.606679
vt 0.899508 0.600469
vt 0.908924 0.601099
vt 0.899450 0.656316
vt 0.908874 0.655700
vt 0.915861 0.607924
vt 0.890040 0.655681
vt 0.890092 0.601080
vt 0.885548 0.653955
vt 0.883753 0.651800
vt 0.885601 0.602797
vt 0.913413 0.602826
vt 0.915209 0.604985
vt 0.913365 0.653984
vt 0.915163 0.651833
vt 0.874018 0.649314
vt 0.873957 0.627483
vt 0.880899 0.627469
vt 0.880960 0.648559
vt 0.880844 0.607593
vt 0.873899 0.606880
vt 0.864481 0.606413
vt 0.873882 0.600796
vt 0.878377 0.602509
vt 0.864462 0.600200
vt 0.855065 0.606933
vt 0.855046 0.600849
vt 0.864539 0.627498
vt 0.855123 0.627531
vt 0.864602 0.649837
vt 0.855186 0.649367
vt 0.848181 0.627560
vt 0.848236 0.648654
vt 0.864622 0.656047
vt 0.855200 0.655450
vt 0.848123 0.607688
vt 0.848773 0.604745
vt 0.874037 0.655398
vt 0.850563 0.602586
vt 0.848905 0.651593
vt 0.850709 0.653742
vt 0.878520 0.653661
vt 0.880313 0.651502
vt 0.745333 0.607062
vt 0.766880 0.601997
vt 0.770624 0.636784
vt 0.765642 0.621923
vt 0.765658 0.609895
vt 0.763453 0.606187
vt 0.757977 0.604662
vt 0.752502 0.606182
vt 0.750301 0.609890
vt 0.750331 0.621923
vt 0.765658 0.633956
vt 0.750301 0.633957
vt 0.763453 0.637664
vt 0.757977 0.639184
vt 0.752502 0.637669
vt 0.822780 0.682171
vt 0.822871 0.673097
vt 0.828440 0.673168
vt 0.822774 0.682180
vt 0.823003 0.664030
vt 0.819799 0.685427
vt 0.824362 0.685221
vt 0.822245 0.689630
vt 0.828205 0.691435
vt 0.828270 0.686534
vt 0.832209 0.685322
vt 0.833875 0.682306
vt 0.819893 0.673062
vt 0.820114 0.660692
vt 0.824671 0.661019
vt 0.822669 0.656556
vt 0.828614 0.659803
vt 0.828675 0.654902
vt 0.832518 0.661116
vt 0.834635 0.656711
vt 0.834109 0.664170
vt 0.837084 0.660909
vt 0.834010 0.673240
vt 0.836990 0.673279
vt 0.836766 0.685643
vt 0.834211 0.689779
vt 0.880180 0.604654
vt 0.869531 0.676563
vt 0.870194 0.680346
vt 0.868402 0.681483
vt 0.867460 0.676104
vt 0.871734 0.673425
vt 0.870595 0.671633
vt 0.875515 0.672761
vt 0.875976 0.670689
vt 0.878655 0.674964
vt 0.880445 0.673824
vt 0.879320 0.678744
vt 0.881388 0.679203
vt 0.877116 0.681884
vt 0.878255 0.683676
vt 0.873336 0.682546
vt 0.872875 0.684621
vt 0.875558 0.679434
vt 0.876481 0.678112
vt 0.874426 0.677655
vt 0.876206 0.676523
vt 0.874885 0.675596
vt 0.873293 0.675873
vt 0.872365 0.677195
vt 0.872643 0.678784
vt 0.873967 0.679711
vt 0.879215 0.676896
vt 0.881283 0.676437
vt 0.880340 0.681799
vt 0.878552 0.680665
vt 0.877018 0.673768
vt 0.878157 0.671980
vt 0.873255 0.673107
vt 0.872793 0.671039
vt 0.870125 0.675304
vt 0.868337 0.674165
vt 0.869465 0.679068
vt 0.867394 0.679527
vt 0.871659 0.682199
vt 0.870523 0.683988
vt 0.875425 0.682858
vt 0.875886 0.684928
vt 0.873213 0.679753
vt 0.872289 0.678438
vt 0.874339 0.677984
vt 0.872569 0.676858
vt 0.873885 0.675938
vt 0.875464 0.676214
vt 0.876386 0.677526
vt 0.876108 0.679109
vt 0.874794 0.680030
vt 0.792539 0.664598
vt 0.792539 0.674433
vt 0.777912 0.674433
vt 0.777912 0.664598
vt 0.771430 0.664598
vt 0.771430 0.674433
vt 0.807162 0.664598
vt 0.807162 0.674433
vt 0.813645 0.674433
vt 0.813645 0.664598
vt 0.777912 0.676708
vt 0.792539 0.676708
vt 0.792539 0.686548
vt 0.777912 0.686548
vt 0.771430 0.686548
vt 0.771430 0.676708
vt 0.807162 0.686548
vt 0.807162 0.676708
vt 0.813645 0.676708
vt 0.813645 0.686548
vt 0.777912 0.688818
vt 0.792539 0.688818
vt 0.807162 0.688818
vt 0.813645 0.688818
vt 0.771430 0.688818
vt 0.886396 0.688831
vt 0.861872 0.688831
vt 0.861872 0.668684
vt 0.886396 0.668684
vt 0.861872 0.668684
vt 0.886396 0.668684
vt 0.886396 0.688831
vt 0.861872 0.688831
vt 0.980375 0.603608
vt 0.979483 0.635426
vt 0.948964 0.635426
vt 0.949799 0.603584
vt 0.980375 0.559709
vt 0.949856 0.559709
vt 0.980375 0.519280
vt 0.949856 0.519280
vt 0.980375 0.462183
vt 0.949856 0.462183
vt 0.980375 0.419355
vt 0.949856 0.419355
vt 0.980375 0.603608
vt 0.979483 0.635426
vt 0.980375 0.559709
vt 0.949856 0.559709
vt 0.949856 0.519280
vt 0.980375 0.519280
vt 0.949856 0.462183
vt 0.980375 0.462183
vt 0.949856 0.419355
vt 0.980375 0.419355
vt 0.980375 0.076683
vt 0.980375 0.109921
vt 0.949856 0.109921
vt 0.949856 0.076683
vt 0.979483 0.047244
vt 0.948964 0.047244
vt 0.949856 0.109921
vt 0.949856 0.076683
vt 0.980375 0.076683
vt 0.980375 0.109921
vt 0.948964 0.047244
vt 0.979483 0.047244
vt 0.861834 0.686907
vt 0.861834 0.669070
vt 0.886359 0.669070
vt 0.886359 0.686907
vt 0.886359 0.669070
vt 0.886359 0.686907
vt 0.861834 0.686907
vt 0.861834 0.669070
vt 0.980154 0.602096
vt 0.948744 0.633915
vt 0.949601 0.602082
vt 0.979262 0.633915
vt 0.980154 0.558198
vt 0.949635 0.558198
vt 0.980154 0.517769
vt 0.949635 0.517769
vt 0.980154 0.460672
vt 0.949635 0.460672
vt 0.980154 0.417844
vt 0.949635 0.417844
vt 0.980154 0.075172
vt 0.949635 0.108410
vt 0.949635 0.075172
vt 0.980154 0.108410
vt 0.979262 0.045732
vt 0.948744 0.045732
vt 0.948964 0.635426
vt 0.949822 0.603593
vn -0.0000 -0.9323 -0.3616
vn -0.4794 -0.8378 -0.2613
vn -0.7363 -0.6087 -0.2955
vn -0.0000 -0.9297 -0.3684
vn -0.7932 -0.6075 -0.0423
vn -0.8034 -0.5835 -0.1191
vn -0.9627 0.2597 -0.0758
vn -0.1699 -0.7285 -0.6636
vn -0.1765 -0.6999 -0.6921
vn -0.4448 -0.6968 -0.5626
vn -0.8044 -0.5917 0.0528
vn 0.1378 -0.2519 -0.9579
vn 0.1497 -0.2408 -0.9589
vn 0.1101 -0.4880 -0.8659
vn 0.0559 -0.6750 -0.7357
vn 0.1691 -0.5860 -0.7925
vn 0.1685 -0.5865 -0.7922
vn -0.1709 0.5952 0.7852
vn 0.0335 0.5239 0.8511
vn -0.1087 0.5421 0.8332
vn 0.0156 0.5252 0.8508
vn 0.1422 0.5802 0.8019
vn -0.1907 0.5846 0.7886
vn -0.3415 0.7868 0.5141
vn -0.2806 0.9274 -0.2475
vn -0.1742 0.5156 0.8390
vn -0.2765 0.4391 0.8548
vn -0.4194 0.2673 0.8676
vn -0.4266 -0.0691 0.9018
vn -0.3197 0.0788 0.9442
vn -0.2851 -0.2787 0.9171
vn 0.0222 0.5886 0.8081
vn -0.2543 0.2902 0.9225
vn -0.0755 0.3758 0.9236
vn -0.2327 0.0184 0.9724
vn -0.0590 -0.0577 0.9966
vn -0.1236 -0.3236 0.9381
vn 0.0312 -0.0531 0.9981
vn 0.0767 -0.1090 0.9911
vn -0.0501 -0.3465 0.9367
vn 0.0000 0.0530 0.9986
vn 0.0000 -0.3544 0.9351
vn 0.0000 -0.0624 0.9981
vn -0.0000 0.1173 0.9931
vn 0.1951 0.1196 0.9735
vn -0.0000 0.1174 0.9931
vn 0.1999 0.1139 0.9732
vn 0.1788 0.1982 0.9637
vn 0.1752 0.2009 0.9638
vn 0.0866 0.1737 0.9810
vn 0.0977 0.1667 0.9812
vn 0.0001 0.2069 0.9784
vn -0.0097 0.2224 0.9749
vn -0.0313 0.3794 0.9247
vn -0.1951 0.1196 0.9735
vn -0.1999 0.1139 0.9732
vn -0.1788 0.1982 0.9637
vn -0.1752 0.2009 0.9638
vn -0.0866 0.1737 0.9810
vn -0.0977 0.1667 0.9812
vn -0.0001 0.2069 0.9784
vn 0.0097 0.2224 0.9749
vn 0.0755 0.3758 0.9236
vn 0.0313 0.3794 0.9247
vn -0.0767 -0.1090 0.9911
vn 0.0501 -0.3465 0.9367
vn 0.1236 -0.3236 0.9381
vn -0.0312 -0.0531 0.9981
vn 0.0590 -0.0577 0.9966
vn 0.2851 -0.2787 0.9171
vn 0.4266 -0.0691 0.9018
vn 0.3197 0.0788 0.9442
vn 0.2765 0.4391 0.8548
vn 0.4194 0.2673 0.8676
vn 0.1742 0.5156 0.8390
vn 0.3415 0.7868 0.5141
vn -0.0222 0.5886 0.8081
vn 0.2543 0.2902 0.9225
vn -0.0156 0.5252 0.8508
vn 0.2327 0.0184 0.9724
vn 0.1907 0.5846 0.7886
vn 0.2806 0.9274 -0.2475
vn 0.7944 -0.5934 -0.1297
vn 0.1765 -0.6999 -0.6921
vn 0.1699 -0.7285 -0.6636
vn 0.7366 -0.6096 -0.2930
vn 0.9627 0.2597 -0.0758
vn 0.4448 -0.6968 -0.5626
vn 0.7959 -0.6028 -0.0560
vn 0.8044 -0.5917 0.0528
vn -0.1497 -0.2408 -0.9589
vn -0.1378 -0.2519 -0.9579
vn -0.1101 -0.4880 -0.8659
vn -0.0559 -0.6750 -0.7357
vn -0.1422 0.5802 0.8019
vn -0.1691 -0.5860 -0.7925
vn 0.1087 0.5421 0.8332
vn -0.1685 -0.5865 -0.7922
vn -0.0335 0.5239 0.8511
vn 0.1709 0.5952 0.7852
vn -0.0604 -0.1664 -0.9842
vn -0.0569 -0.1659 -0.9845
vn 0.7315 -0.6787 0.0654
vn -0.0204 -0.1553 -0.9877
vn -0.0187 -0.1470 -0.9890
vn -0.0145 -0.0987 -0.9950
vn -0.0168 -0.0878 -0.9960
vn 0.0000 -0.1034 -0.9946
vn -0.0000 -0.1091 -0.9940
vn 0.0145 -0.0987 -0.9950
vn 0.0168 -0.0878 -0.9960
vn 0.0186 -0.1470 -0.9890
vn 0.0204 -0.1553 -0.9877
vn 0.0604 -0.1664 -0.9842
vn 0.0569 -0.1659 -0.9845
vn -0.7086 -0.7038 -0.0496
vn -0.5587 -0.8293 -0.0114
vn -0.7315 -0.6787 0.0654
vn -0.5268 -0.8419 -0.1168
vn -0.3600 -0.9326 -0.0245
vn -0.0000 -0.9999 -0.0157
vn -0.0000 -0.9821 -0.1883
vn 0.3600 -0.9326 -0.0245
vn -0.3174 -0.9326 -0.1718
vn 0.3174 -0.9326 -0.1718
vn 0.5268 -0.8419 -0.1168
vn 0.5587 -0.8293 -0.0114
vn 0.7086 -0.7038 -0.0496
vn 0.4980 -0.8274 -0.2596
vn -0.0000 0.4934 -0.8698
vn -0.0000 0.9150 -0.4035
vn -0.0483 0.5549 -0.8305
vn 0.0483 0.5549 -0.8305
vn -0.0000 0.8463 0.5327
vn -0.0000 0.4896 0.8720
vn -0.8228 0.3771 0.4252
vn -0.2755 0.8378 0.4714
vn -0.4212 0.8767 0.2324
vn -0.8947 -0.4259 -0.1348
vn -0.7464 -0.3828 0.5444
vn -0.4103 -0.9077 0.0875
vn 0.4406 -0.8656 0.2378
vn -0.1974 -0.8057 0.5585
vn 0.8716 -0.1981 0.4484
vn 0.9533 -0.2358 -0.1889
vn 0.8781 0.2786 0.3890
vn 0.8785 0.1986 -0.4344
vn 0.3636 0.9071 0.2118
vn -0.0504 0.9987 -0.0113
vn -0.5491 -0.2155 -0.8075
vn -0.2538 0.5340 0.8065
vn -0.4901 0.4827 0.7259
vn -0.2587 0.4516 0.8539
vn -0.2075 0.3463 0.9149
vn -0.3049 0.6012 0.7386
vn 0.6257 0.7310 -0.2725
vn -0.0253 0.8672 0.4973
vn -0.4139 0.7579 0.5043
vn -0.4089 0.7873 0.4614
vn -0.2022 -0.7733 0.6009
vn -0.0932 0.8755 0.4741
vn 0.8115 -0.0384 0.5831
vn -0.2194 -0.8294 0.5137
vn -0.2713 0.4116 0.8700
vn 0.1544 0.6860 0.7110
vn 0.6937 -0.2608 -0.6714
vn 0.6059 -0.1883 -0.7729
vn -0.2324 0.5515 0.8011
vn 0.1612 0.5498 0.8196
vn -0.2715 0.5164 0.8122
vn 0.0307 -0.0262 0.9992
vn 0.0600 -0.0687 0.9958
vn -0.3529 0.4637 0.8127
vn -0.5918 -0.0045 0.8061
vn -0.3420 0.4495 0.8252
vn -0.6921 0.2318 0.6836
vn -0.3637 -0.4958 -0.7886
vn -0.2599 -0.4662 -0.8457
vn -0.5012 -0.6483 -0.5732
vn -0.2658 -0.9322 -0.2457
vn 0.5283 -0.8295 -0.1810
vn 0.8998 -0.2406 -0.3639
vn -0.6927 0.2065 0.6911
vn -0.3810 0.2410 0.8926
vn 0.0000 0.2639 0.9646
vn 0.0000 0.4672 0.8842
vn -0.6857 0.3968 0.6102
vn 0.0000 0.5387 0.8425
vn 0.0000 0.6396 0.7687
vn 0.0000 0.8055 0.5926
vn -0.1818 0.8063 0.5628
vn -0.4277 0.6741 0.6022
vn -0.3589 0.7839 0.5067
vn -0.6676 0.5526 0.4989
vn -0.6039 0.7163 0.3496
vn -0.8118 0.5820 -0.0479
vn -0.8539 0.4958 0.1579
vn -0.7801 0.5093 -0.3633
vn -0.8730 0.3865 -0.2975
vn -0.9537 0.2415 -0.1792
vn -0.8933 0.3280 0.3071
vn -0.9914 0.1164 -0.0600
vn -0.9112 0.1432 0.3863
vn -0.9960 -0.0853 0.0256
vn -0.9033 -0.0703 0.4232
vn -0.9651 -0.2593 0.0359
vn -0.8774 -0.2124 0.4302
vn -0.6816 -0.2060 0.7022
vn -0.6929 -0.0471 0.7195
vn -0.3888 -0.0071 0.9213
vn -0.3872 -0.2135 0.8970
vn -0.8448 -0.3903 0.3659
vn -0.8983 -0.4390 -0.0161
vn -0.7999 -0.5957 -0.0725
vn -0.7711 -0.5923 0.2337
vn -0.6472 -0.3963 0.6512
vn -0.5892 -0.6273 0.5093
vn -0.6455 -0.7615 0.0584
vn -0.6685 -0.7169 -0.1978
vn -0.5045 -0.8126 0.2919
vn -0.5173 -0.8505 -0.0957
vn -0.4121 -0.9078 0.0782
vn 0.0000 0.0075 1.0000
vn 0.0000 -0.2447 0.9696
vn -0.3525 -0.4566 0.8169
vn -0.0000 -0.4888 0.8724
vn -0.3213 -0.6592 0.6799
vn -0.0000 -0.6813 0.7320
vn -0.2767 -0.8364 0.4731
vn -0.0000 -0.8555 0.5179
vn -0.2532 -0.9454 0.2051
vn -0.0000 -0.9711 0.2388
vn 0.0000 -0.9983 0.0576
vn -0.2699 -0.9627 0.0167
vn -0.4000 -0.9155 -0.0435
vn -0.4670 -0.8719 -0.1473
vn -0.4900 -0.8342 -0.2530
vn -0.5467 -0.7908 -0.2753
vn -0.4625 -0.7374 -0.4923
vn -0.4200 -0.8004 -0.4277
vn -0.3933 -0.6635 -0.6365
vn -0.3890 -0.6263 -0.6756
vn -0.3977 -0.6170 -0.6791
vn -0.5033 -0.7093 -0.4935
vn -0.5250 -0.7398 -0.4209
vn -0.5922 -0.6853 -0.4239
vn 0.0000 -0.7820 -0.6233
vn -0.0000 -0.8561 -0.5168
vn -0.5674 -0.6577 -0.4955
vn -0.7468 -0.6178 -0.2462
vn -0.7720 -0.6006 -0.2080
vn -0.8604 -0.4701 -0.1968
vn -0.8343 -0.5124 -0.2033
vn -0.8664 -0.3900 -0.3118
vn -0.8636 -0.1086 -0.4923
vn -0.6218 0.0671 -0.7803
vn -0.8532 -0.3044 -0.4235
vn -0.4556 -0.3579 0.8151
vn 0.0360 -0.3004 0.9531
vn -0.0805 -0.3390 0.9373
vn -0.2720 -0.4302 0.8608
vn -0.4296 -0.5011 0.7512
vn -0.4321 -0.6297 0.6456
vn -0.7688 -0.4789 0.4237
vn -0.8064 -0.2869 0.5171
vn -0.4444 -0.3501 0.8246
vn -0.7688 -0.0120 0.6394
vn -0.4167 -0.1238 0.9006
vn -0.2061 -0.2057 0.9567
vn -0.6143 0.2969 0.7310
vn -0.3312 0.1223 0.9356
vn -0.1474 0.0573 0.9874
vn 0.0082 0.2518 0.9677
vn -0.1887 0.3138 0.9305
vn -0.8149 0.4084 0.4113
vn -0.6257 0.6079 0.4888
vn -0.8608 0.4931 0.1260
vn -0.7023 0.6785 0.2153
vn -0.9403 0.1143 0.3206
vn -0.9748 0.2220 0.0220
vn -0.9598 -0.1741 0.2200
vn -0.9930 -0.0893 -0.0777
vn -0.9409 -0.3178 -0.1170
vn -0.9024 -0.4087 0.1364
vn -0.4153 0.4978 0.7614
vn -0.8455 0.5061 -0.1704
vn -0.7542 0.6558 -0.0344
vn -0.9058 0.3096 -0.2892
vn -0.7959 0.3441 -0.4981
vn -0.8144 0.1404 -0.5630
vn -0.6613 0.1867 -0.7265
vn -0.6465 0.4030 -0.6478
vn -0.4909 0.4311 -0.7571
vn -0.4966 0.2122 -0.8417
vn -0.8001 -0.0756 -0.5951
vn -0.6393 -0.0180 -0.7688
vn -0.8999 -0.1862 -0.3943
vn -0.9309 0.0356 -0.3635
vn -0.7597 0.5225 -0.3871
vn -0.6246 0.5939 -0.5070
vn -0.8104 -0.4213 -0.4071
vn -0.8306 -0.5372 -0.1467
vn -0.7862 -0.6145 0.0649
vn -0.6871 -0.6552 0.3141
vn -0.7231 -0.3399 -0.6013
vn -0.5825 -0.5716 -0.5779
vn -0.5868 -0.2904 -0.7559
vn -0.4736 -0.0005 -0.8807
vn -0.4242 -0.2657 -0.8657
vn -0.4838 -0.5491 -0.6815
vn -0.6482 -0.6493 -0.3978
vn -0.4078 -0.7619 -0.5032
vn -0.4510 -0.8005 -0.3947
vn -0.6640 -0.7269 -0.1756
vn -0.4849 -0.8407 -0.2410
vn -0.4731 -0.8801 -0.0408
vn -0.4517 -0.8856 -0.1080
vn -0.4744 -0.8362 -0.2752
vn -0.6353 -0.7720 0.0202
vn -0.4382 -0.8883 0.1378
vn -0.5514 -0.8115 0.1936
vn -0.4042 -0.9147 0.0012
vn -0.4297 -0.8006 -0.4175
vn -0.4270 -0.8135 0.3947
vn -0.5165 -0.8199 0.2469
vn -0.4651 -0.7399 0.4861
vn -0.6682 -0.7358 0.1103
vn -0.6424 -0.7593 0.1038
vn -0.4365 -0.8453 0.3080
vn -0.8372 -0.4485 0.3130
vn -0.6157 -0.5045 0.6053
vn -0.9580 -0.2809 -0.0574
vn -0.7695 -0.6125 -0.1807
vn -0.9207 -0.1995 -0.3354
vn -0.7211 -0.5670 -0.3981
vn -0.6234 -0.5190 -0.5848
vn -0.3826 -0.7865 -0.4849
vn -0.8296 -0.1418 -0.5401
vn -0.3410 -0.7439 -0.5748
vn -0.3418 -0.5238 -0.7803
vn -0.2456 -0.7291 -0.6388
vn -0.3175 -0.7896 -0.5251
vn -0.2299 -0.7665 -0.5997
vn -0.5099 -0.5253 -0.6812
vn -0.3770 -0.5247 -0.7633
vn -0.5252 -0.0433 -0.8499
vn -0.6737 -0.0750 -0.7352
vn -0.2235 -0.5185 -0.8253
vn -0.2674 -0.2690 -0.9253
vn -0.1503 -0.2613 -0.9535
vn -0.1279 -0.5191 -0.8451
vn -0.3082 -0.0095 -0.9513
vn -0.1634 -0.0133 -0.9865
vn -0.0617 -0.7177 -0.6936
vn -0.1573 -0.7136 -0.6827
vn -0.1287 -0.7636 -0.6327
vn -0.0430 -0.7599 -0.6486
vn -0.1695 0.2406 -0.9557
vn -0.3329 0.2275 -0.9151
vn -0.3333 0.4556 -0.8254
vn -0.1712 0.4743 -0.8636
vn -0.1764 0.6763 -0.7152
vn -0.3426 0.6492 -0.6790
vn -0.3454 0.8008 -0.4893
vn -0.1770 0.8362 -0.5191
vn -0.1668 0.9096 -0.3804
vn -0.3377 0.8653 -0.3704
vn -0.4656 0.8191 -0.3350
vn -0.3276 0.8724 -0.3627
vn -0.4949 0.8217 -0.2827
vn -0.5066 0.8297 -0.2347
vn -0.5542 0.8053 -0.2107
vn -0.5426 0.8324 -0.1130
vn -0.5190 0.8537 -0.0426
vn -0.6466 0.6962 -0.3119
vn -0.6081 0.7921 -0.0528
vn -0.6941 -0.2358 -0.6802
vn -0.8761 -0.2585 -0.4071
vn -0.6568 -0.2067 -0.7252
vn -0.8997 -0.1675 -0.4031
vn -0.9823 -0.1622 0.0941
vn -0.9901 -0.1396 0.0154
vn -0.3862 0.8954 0.2215
vn -0.2889 0.9013 0.3227
vn 0.1907 0.9426 0.2740
vn -0.9429 -0.1893 0.2742
vn -0.0910 0.9382 0.3339
vn 0.0208 0.8515 0.5239
vn 0.4228 0.8332 0.3563
vn -0.9996 -0.0244 -0.0117
vn -0.9286 -0.0158 -0.3708
vn -0.9909 0.1331 -0.0187
vn -0.9333 0.1457 -0.3282
vn -0.9417 0.3360 0.0182
vn -0.8973 0.3399 -0.2816
vn -0.7200 0.6331 -0.2842
vn -0.7845 0.6176 0.0559
vn -0.6908 0.3564 -0.6291
vn -0.5823 0.5697 -0.5799
vn -0.3104 0.6753 -0.6690
vn -0.2851 0.3775 -0.8810
vn -0.7108 0.1309 -0.6911
vn -0.3120 0.1458 -0.9388
vn 0.0621 0.4005 -0.9142
vn 0.0690 0.7238 -0.6866
vn -0.3680 0.8733 -0.3193
vn 0.0572 0.9415 -0.3321
vn 0.0234 0.9953 0.0943
vn -0.4440 0.8927 0.0776
vn 0.4801 0.3643 -0.7980
vn 0.5042 0.6511 -0.5673
vn 0.5217 0.8055 -0.2810
vn 0.8754 0.4606 -0.1469
vn 0.8556 0.4191 -0.3039
vn 0.5252 0.8429 0.1168
vn 0.8893 0.4508 0.0769
vn 0.8262 0.2475 -0.5060
vn 0.7949 0.1273 -0.5932
vn 0.5072 0.1585 -0.8471
vn 0.0728 0.1746 -0.9819
vn 0.0387 0.9092 0.4145
vn -0.4499 0.7954 0.4060
vn -0.7701 0.5192 0.3706
vn -0.9158 0.2899 0.2779
vn -0.9680 0.0795 0.2379
vn -0.9440 -0.1031 0.3135
vn -0.8559 0.2056 0.4746
vn -0.8930 0.0001 0.4500
vn -0.6236 -0.1609 0.7650
vn -0.5060 -0.0824 0.8586
vn -0.7365 0.0763 0.6722
vn -0.7175 0.3701 0.5901
vn -0.5620 0.1247 0.8177
vn -0.4149 0.5780 0.7027
vn -0.3367 0.3317 0.8812
vn 0.0582 0.3441 0.9371
vn 0.0597 0.5986 0.7988
vn 0.5411 0.4586 0.7049
vn 0.4866 0.2719 0.8303
vn 0.8083 0.2009 0.5535
vn 0.6898 0.0511 0.7222
vn -0.7384 0.4247 0.5238
vn -0.4418 0.6942 0.5683
vn 0.0552 0.7737 0.6311
vn 0.5652 0.5977 0.5686
vn 0.8577 0.3224 0.4006
vn 0.5552 0.7385 0.3827
vn 0.8841 0.4009 0.2402
vn 0.9728 0.1807 0.1452
vn 0.9610 0.1540 0.2295
vn 0.9289 0.1060 0.3548
vn 0.7852 -0.0225 0.6189
vn 0.5979 -0.0334 0.8009
vn 0.2825 -0.3033 0.9101
vn -0.3921 -0.5378 0.7464
vn -0.2883 -0.7273 0.6228
vn -0.4097 -0.4723 0.7804
vn -0.2731 -0.7342 0.6216
vn -0.3867 -0.3804 0.8401
vn -0.0202 -0.7814 0.6237
vn 0.0617 -0.2204 0.9735
vn -0.0972 -0.3272 0.9400
vn 0.2785 -0.8159 0.5067
vn -0.0858 -0.9052 0.4161
vn 0.2096 -0.7589 0.6165
vn 0.5679 -0.6553 0.4981
vn 0.5989 -0.5912 0.5402
vn 0.1648 -0.3620 0.9175
vn 0.6716 -0.3830 0.6343
vn 0.7112 -0.3580 0.6051
vn 0.4632 -0.6531 0.5991
vn -0.0403 -0.2819 0.9586
vn 0.3692 -0.2959 0.8810
vn 0.1393 -0.2328 0.9625
vn 0.4354 -0.2300 0.8704
vn 0.5828 -0.1577 0.7972
vn 0.7922 -0.1516 0.5912
vn 0.6313 -0.2872 0.7204
vn -0.0346 -0.2736 0.9612
vn 0.4905 -0.3431 0.8011
vn 0.5876 0.7771 0.2255
vn 0.3116 0.9167 0.2502
vn 0.4281 0.8612 0.2740
vn 0.6424 0.7427 0.1891
vn 0.3674 0.8876 0.2779
vn 0.0543 0.9397 0.3377
vn 0.3676 0.7194 0.5893
vn -0.1736 0.6067 0.7757
vn -0.3928 0.7369 0.5502
vn -0.5095 0.7975 0.3231
vn -0.6060 0.7877 0.1106
vn -0.6723 0.6881 -0.2729
vn -0.5688 0.7328 -0.3735
vn -0.4853 0.7588 -0.4344
vn -0.5013 0.6207 -0.6029
vn -0.2661 0.8680 -0.4193
vn -0.3390 0.8543 -0.3940
vn -0.3594 0.8499 -0.3853
vn -0.3649 0.8072 -0.4640
vn -0.2732 0.9590 -0.0749
vn -0.4411 0.8742 -0.2031
vn -0.3054 0.9068 0.2904
vn -0.5124 0.8518 0.1091
vn -0.6315 0.6867 -0.3601
vn -0.5769 0.6773 -0.4565
vn -0.6609 0.7320 -0.1654
vn -0.7892 0.4046 -0.4620
vn -0.6133 0.7353 -0.2882
vn -0.7395 0.6251 -0.2497
vn -0.3644 0.9041 -0.2231
vn -0.3877 0.8977 -0.2092
vn -0.4742 0.8655 -0.1616
vn -0.4078 0.8738 -0.2651
vn -0.4520 0.8763 -0.1670
vn -0.3492 0.8945 -0.2793
vn 0.0000 0.9999 -0.0105
vn -0.0000 0.9766 -0.2152
vn 0.0000 0.9469 -0.3216
vn -0.1892 0.9105 -0.3676
vn -0.1191 0.9928 -0.0146
vn 0.0000 1.0000 0.0082
vn 0.0000 0.9511 0.3088
vn -0.1309 0.9395 0.3167
vn -0.7232 0.6791 -0.1255
vn -0.8661 0.4459 0.2260
vn -0.9010 0.3207 0.2922
vn 0.1191 0.9928 -0.0146
vn 0.1892 0.9105 -0.3676
vn 0.3492 0.8945 -0.2793
vn 0.4742 0.8655 -0.1616
vn 0.9010 0.3207 0.2922
vn 0.8661 0.4459 0.2260
vn 0.7232 0.6791 -0.1255
vn 0.4520 0.8763 -0.1670
vn 0.2732 0.9590 -0.0749
vn 0.3054 0.9068 0.2904
vn 0.4411 0.8742 -0.2031
vn 0.5124 0.8518 0.1091
vn 0.3649 0.8072 -0.4640
vn 0.2661 0.8680 -0.4193
vn 0.3594 0.8499 -0.3853
vn 0.3390 0.8543 -0.3940
vn 0.6315 0.6867 -0.3601
vn 0.5769 0.6773 -0.4565
vn 0.7801 0.5093 -0.3633
vn 0.8118 0.5820 -0.0479
vn 0.8539 0.4958 0.1579
vn 0.8730 0.3865 -0.2975
vn 0.9537 0.2415 -0.1792
vn 0.8933 0.3280 0.3071
vn 0.9914 0.1164 -0.0600
vn 0.9112 0.1432 0.3863
vn 0.9960 -0.0853 0.0256
vn 0.9033 -0.0703 0.4232
vn 0.9651 -0.2593 0.0359
vn 0.8774 -0.2124 0.4302
vn 0.6816 -0.2060 0.7022
vn 0.6929 -0.0471 0.7195
vn 0.3888 -0.0071 0.9213
vn 0.3872 -0.2135 0.8970
vn 0.6927 0.2065 0.6911
vn 0.3810 0.2410 0.8926
vn 0.2324 0.5515 0.8011
vn 0.2713 0.4116 0.8701
vn 0.2075 0.3463 0.9149
vn 0.2587 0.4516 0.8539
vn 0.2715 0.5164 0.8122
vn 0.6857 0.3968 0.6102
vn 0.3420 0.4495 0.8252
vn 0.3529 0.4637 0.8127
vn 0.1818 0.8063 0.5628
vn 0.4277 0.6741 0.6022
vn 0.3589 0.7839 0.5067
vn 0.6676 0.5526 0.4989
vn 0.6039 0.7163 0.3496
vn 0.1309 0.9395 0.3167
vn 0.6609 0.7320 -0.1654
vn -0.1047 0.9308 -0.3502
vn 0.0000 0.9618 -0.2738
vn -0.0000 0.9324 -0.3615
vn -0.0000 0.8515 -0.5243
vn -0.0000 0.6893 -0.7245
vn -0.0000 0.4867 -0.8736
vn -0.0000 0.2518 -0.9678
vn -0.0000 -0.0060 -1.0000
vn -0.0000 -0.2598 -0.9657
vn -0.0000 -0.5289 -0.8487
vn -0.0000 -0.7249 -0.6889
vn -0.0000 -0.7583 -0.6519
vn -0.0000 -0.4740 -0.8805
vn -0.0958 -0.4832 -0.8703
vn -0.2259 -0.5022 -0.8347
vn -0.3674 -0.0247 -0.9297
vn -0.1658 0.0040 -0.9862
vn -0.0000 0.0205 -0.9998
vn -0.5071 0.1629 -0.8464
vn -0.7035 0.1064 -0.7027
vn -0.3523 0.1874 -0.9169
vn -0.1778 0.2062 -0.9622
vn -0.8669 0.0229 -0.4980
vn -0.9578 -0.0642 -0.2801
vn -0.9826 -0.1858 0.0047
vn -0.8860 -0.3187 0.3367
vn -0.6218 -0.4445 0.6449
vn 0.0000 0.2144 -0.9768
vn -0.2265 -0.5174 0.8252
vn -0.2363 -0.5990 0.7650
vn -0.1738 -0.9181 0.3561
vn 0.0000 -0.9225 0.3860
vn 0.0000 -0.6081 0.7938
vn -0.1624 -0.9866 -0.0133
vn -0.0000 -0.9997 -0.0257
vn -0.0000 -1.0000 0.0074
vn -0.1924 -0.9810 0.0268
vn -0.0000 -0.9979 0.0648
vn -0.2245 -0.9707 0.0862
vn -0.2587 -0.9543 0.1497
vn 0.0000 -0.9919 0.1269
vn -0.4220 -0.8824 0.2079
vn -0.3783 -0.9178 0.1205
vn -0.3382 -0.9398 0.0481
vn -0.2866 -0.9141 0.2869
vn -0.4641 -0.8206 0.3335
vn -0.2835 -0.7292 0.6228
vn 0.0000 -0.9652 0.2615
vn 0.0000 -0.8194 0.5733
vn -0.2356 -0.4990 0.8340
vn -0.4374 -0.6174 0.6539
vn -0.3436 -0.4250 0.8375
vn -0.5291 -0.4914 0.6918
vn -0.4105 -0.2702 0.8709
vn 0.0000 -0.5881 0.8088
vn -0.5789 -0.7259 0.3715
vn -0.5475 -0.8009 0.2424
vn -0.5151 -0.8467 0.1331
vn -0.4733 -0.8795 0.0496
vn -0.4415 -0.8970 -0.0218
vn -0.3049 -0.9524 -0.0011
vn -0.4985 -0.8617 0.0950
vn -0.5965 -0.7891 0.1466
vn -0.5825 -0.7773 0.2377
vn -0.6320 -0.7388 0.2339
vn -0.6524 -0.6510 0.3880
vn -0.6982 -0.6596 0.2782
vn -0.7876 -0.4522 0.4186
vn -0.6724 -0.4682 0.5733
vn -0.6110 -0.0457 0.7903
vn -0.3223 0.1679 0.9316
vn -0.5754 -0.2441 0.7806
vn -0.3542 0.0305 0.9347
vn -0.3682 -0.5309 0.7633
vn -0.6895 -0.5926 0.4165
vn -0.6479 -0.7193 0.2505
vn 0.0347 0.0894 -0.9954
vn 0.0589 0.1023 -0.9930
vn 0.4926 0.1425 -0.8585
vn 0.4916 0.1102 -0.8638
vn -0.2300 0.5930 -0.7717
vn -0.5649 0.4720 -0.6769
vn -0.3840 -0.0621 -0.9213
vn 0.4437 0.0796 -0.8926
vn 0.8180 0.1750 -0.5480
vn 0.7750 0.1271 -0.6190
vn 0.7851 0.1264 -0.6063
vn -0.3543 0.0068 -0.9351
vn -0.6959 -0.0690 -0.7148
vn -0.0807 0.9418 -0.3262
vn 0.9067 0.0398 -0.4200
vn 0.8995 0.0816 -0.4293
vn 0.9691 0.0516 -0.2413
vn 0.9134 0.1620 -0.3735
vn 0.9520 0.1923 -0.2381
vn 0.9666 0.2340 -0.1045
vn 0.9748 0.2197 -0.0396
vn 0.9763 0.2130 0.0391
vn 0.9900 0.1134 0.0845
vn 0.9902 0.1155 0.0787
vn 0.9892 0.1168 0.0884
vn 0.9637 0.0443 0.2634
vn 0.8766 -0.0506 0.4785
vn 0.2968 -0.2414 0.9239
vn -0.1953 -0.3144 0.9290
vn -0.2592 -0.2283 0.9385
vn -0.0985 -0.3506 0.9313
vn -0.1607 -0.3343 0.9287
vn 0.5078 -0.2331 0.8293
vn -0.9317 0.1435 -0.3337
vn -0.9702 -0.0415 -0.2389
vn -0.8649 0.2021 -0.4594
vn -0.8277 0.2527 -0.5011
vn -0.9545 -0.0230 -0.2974
vn -0.2729 -0.2797 0.9205
vn -0.1736 0.0234 0.9845
vn -0.9226 0.1409 -0.3592
vn 0.0430 0.2549 0.9660
vn -0.8276 0.1874 -0.5292
vn 0.2084 0.4301 0.8784
vn -0.8145 0.2323 -0.5316
vn 0.1693 0.4239 0.8897
vn 0.0474 0.4531 0.8902
vn 0.3441 0.3393 0.8755
vn 0.4456 0.7071 0.5491
vn 0.3912 0.4201 0.8188
vn -0.8326 0.2290 -0.5044
vn -0.7403 0.6278 -0.2406
vn 0.0000 -0.9989 -0.0465
vn -0.2338 -0.9680 -0.0915
vn -0.3060 -0.9455 -0.1113
vn 0.0000 -0.9934 -0.1149
vn -0.3731 -0.9030 -0.2132
vn 0.0000 -0.9683 -0.2499
vn -0.0000 -0.9362 -0.3515
vn 0.3060 -0.9455 -0.1113
vn 0.2338 -0.9680 -0.0915
vn 0.4200 -0.8004 -0.4277
vn 0.3933 -0.6635 -0.6365
vn 0.3890 -0.6263 -0.6756
vn 0.4625 -0.7374 -0.4923
vn 0.3977 -0.6170 -0.6791
vn 0.5033 -0.7093 -0.4935
vn 0.5250 -0.7398 -0.4209
vn 0.4900 -0.8342 -0.2530
vn 0.5922 -0.6853 -0.4239
vn 0.6685 -0.7169 -0.1978
vn 0.5467 -0.7908 -0.2753
vn 0.5674 -0.6577 -0.4955
vn 0.7468 -0.6178 -0.2462
vn 0.7720 -0.6006 -0.2080
vn 0.8604 -0.4701 -0.1968
vn 0.8343 -0.5124 -0.2033
vn 0.7999 -0.5957 -0.0725
vn 0.6455 -0.7615 0.0584
vn 0.7711 -0.5923 0.2337
vn 0.8448 -0.3903 0.3659
vn 0.6472 -0.3963 0.6512
vn 0.5892 -0.6273 0.5093
vn 0.8983 -0.4390 -0.0161
vn 0.5045 -0.8126 0.2919
vn 0.5173 -0.8505 -0.0957
vn 0.4121 -0.9078 0.0782
vn 0.3525 -0.4566 0.8169
vn 0.3213 -0.6592 0.6799
vn 0.2767 -0.8364 0.4731
vn 0.2532 -0.9454 0.2051
vn 0.2699 -0.9627 0.0167
vn 0.4000 -0.9155 -0.0434
vn 0.4670 -0.8719 -0.1473
vn 0.3731 -0.9030 -0.2132
vn -0.3702 -0.0865 0.9249
vn -0.9122 -0.1258 0.3899
vn 0.0000 0.9710 -0.2392
vn 0.0807 0.9419 -0.3262
vn -0.4437 0.0796 -0.8926
vn -0.8179 0.1750 -0.5480
vn -0.4916 0.1102 -0.8638
vn 0.2300 0.5930 -0.7717
vn -0.0347 0.0894 -0.9954
vn -0.4926 0.1425 -0.8585
vn -0.0589 0.1023 -0.9930
vn 0.5649 0.4720 -0.6769
vn 0.3840 -0.0621 -0.9213
vn 0.6941 -0.2358 -0.6802
vn 0.6568 -0.2067 -0.7252
vn 0.8761 -0.2585 -0.4071
vn 0.8997 -0.1675 -0.4031
vn 0.9823 -0.1622 0.0941
vn 0.9901 -0.1396 0.0154
vn 0.2889 0.9013 0.3227
vn 0.3862 0.8954 0.2215
vn 0.6081 0.7921 -0.0529
vn 0.5190 0.8537 -0.0426
vn 0.6466 0.6962 -0.3119
vn 0.5542 0.8053 -0.2107
vn -0.1907 0.9426 0.2740
vn 0.9429 -0.1893 0.2742
vn 0.0910 0.9382 0.3339
vn -0.0208 0.8515 0.5239
vn -0.4228 0.8332 0.3563
vn 0.5426 0.8324 -0.1130
vn 0.5066 0.8297 -0.2347
vn 0.4949 0.8217 -0.2827
vn 0.4656 0.8191 -0.3350
vn 0.3276 0.8724 -0.3627
vn 0.3377 0.8653 -0.3704
vn 0.9996 -0.0244 -0.0117
vn 0.5688 0.7328 -0.3735
vn 0.4853 0.7588 -0.4344
vn 0.6246 0.5939 -0.5070
vn 0.5013 0.6207 -0.6029
vn -0.3116 0.9167 0.2502
vn -0.5828 -0.1577 0.7972
vn 0.0346 -0.2736 0.9612
vn -0.1393 -0.2328 0.9625
vn -0.4354 -0.2300 0.8704
vn -0.7922 -0.1516 0.5912
vn -0.6313 -0.2872 0.7204
vn -0.3692 -0.2959 0.8810
vn 0.0403 -0.2819 0.9586
vn -0.4905 -0.3431 0.8011
vn -0.6716 -0.3830 0.6343
vn -0.1648 -0.3620 0.9175
vn -0.5989 -0.5912 0.5402
vn -0.5679 -0.6553 0.4981
vn -0.7111 -0.3580 0.6051
vn -0.4632 -0.6531 0.5991
vn -0.2785 -0.8159 0.5067
vn 0.0972 -0.3272 0.9400
vn 0.0202 -0.7814 0.6237
vn -0.0617 -0.2204 0.9735
vn 0.0858 -0.9052 0.4161
vn -0.2096 -0.7589 0.6165
vn -0.2825 -0.3033 0.9101
vn 0.2883 -0.7273 0.6228
vn 0.3921 -0.5378 0.7464
vn 0.4097 -0.4724 0.7804
vn 0.2731 -0.7342 0.6216
vn 0.3867 -0.3804 0.8401
vn -0.5979 -0.0334 0.8009
vn -0.4866 0.2718 0.8303
vn -0.6898 0.0511 0.7222
vn -0.8083 0.2009 0.5535
vn -0.5411 0.4586 0.7049
vn -0.0582 0.3441 0.9371
vn -0.0597 0.5986 0.7988
vn 0.4149 0.5780 0.7027
vn 0.3367 0.3317 0.8812
vn 0.5620 0.1247 0.8177
vn 0.7175 0.3701 0.5901
vn 0.5060 -0.0824 0.8586
vn 0.7365 0.0763 0.6722
vn 0.8930 0.0001 0.4500
vn 0.6236 -0.1609 0.7650
vn 0.9440 -0.1031 0.3135
vn 0.9680 0.0795 0.2379
vn 0.8559 0.2056 0.4746
vn 0.7384 0.4247 0.5238
vn 0.4418 0.6942 0.5683
vn -0.0552 0.7737 0.6311
vn -0.5652 0.5977 0.5686
vn -0.8577 0.3224 0.4006
vn 0.9158 0.2899 0.2779
vn 0.9909 0.1331 -0.0187
vn 0.9286 -0.0158 -0.3708
vn 0.9333 0.1457 -0.3282
vn 0.9417 0.3360 0.0182
vn 0.8973 0.3399 -0.2816
vn 0.7200 0.6331 -0.2842
vn 0.7845 0.6176 0.0559
vn 0.6908 0.3564 -0.6291
vn 0.5823 0.5697 -0.5799
vn 0.3104 0.6753 -0.6690
vn 0.2851 0.3775 -0.8810
vn 0.7108 0.1309 -0.6911
vn 0.3120 0.1458 -0.9388
vn -0.0621 0.4005 -0.9142
vn -0.0690 0.7238 -0.6866
vn 0.3680 0.8733 -0.3193
vn -0.0572 0.9415 -0.3321
vn -0.0234 0.9953 0.0943
vn 0.4440 0.8927 0.0776
vn -0.4801 0.3643 -0.7980
vn -0.5042 0.6511 -0.5673
vn -0.5217 0.8055 -0.2810
vn -0.8754 0.4606 -0.1469
vn -0.8556 0.4191 -0.3039
vn -0.5252 0.8429 0.1168
vn -0.8893 0.4508 0.0769
vn -0.8262 0.2475 -0.5060
vn -0.7949 0.1273 -0.5932
vn -0.5072 0.1585 -0.8471
vn -0.0728 0.1746 -0.9819
vn -0.0387 0.9092 0.4145
vn 0.4499 0.7954 0.4060
vn 0.7701 0.5192 0.3706
vn -0.5552 0.7385 0.3827
vn -0.8841 0.4009 0.2402
vn -0.9728 0.1807 0.1452
vn -0.9610 0.1540 0.2295
vn -0.9289 0.1060 0.3548
vn -0.7852 -0.0225 0.6189
vn -0.2968 -0.2414 0.9239
vn 0.1953 -0.3144 0.9290
vn 0.2592 -0.2283 0.9385
vn 0.0985 -0.3506 0.9313
vn 0.1607 -0.3343 0.9287
vn -0.5078 -0.2331 0.8293
vn -0.8766 -0.0506 0.4785
vn -0.9637 0.0443 0.2634
vn -0.9892 0.1168 0.0884
vn -0.9902 0.1155 0.0787
vn -0.9900 0.1134 0.0845
vn -0.9763 0.2130 0.0391
vn -0.9748 0.2197 -0.0396
vn -0.9666 0.2340 -0.1045
vn -0.9520 0.1923 -0.2381
vn -0.9134 0.1620 -0.3735
vn -0.9895 0.1443 -0.0068
vn -0.9848 0.1394 -0.1041
vn -0.9783 0.0979 -0.1828
vn -0.9691 0.0516 -0.2413
vn -0.9067 0.0398 -0.4200
vn -0.8995 0.0816 -0.4293
vn -0.7851 0.1264 -0.6063
vn -0.7750 0.1271 -0.6190
vn 0.3543 0.0068 -0.9351
vn 0.6959 -0.0690 -0.7148
vn 0.9122 -0.1258 0.3899
vn 0.3702 -0.0865 0.9249
vn -0.0000 -0.5249 0.8511
vn 0.2363 -0.5990 0.7650
vn 0.1738 -0.9181 0.3561
vn 0.1624 -0.9866 -0.0133
vn 0.1924 -0.9810 0.0268
vn 0.2245 -0.9707 0.0862
vn 0.2587 -0.9543 0.1497
vn 0.4220 -0.8824 0.2079
vn 0.3783 -0.9178 0.1205
vn 0.3382 -0.9398 0.0481
vn 0.2866 -0.9141 0.2869
vn 0.4641 -0.8206 0.3335
vn 0.2835 -0.7292 0.6228
vn 0.2356 -0.4990 0.8340
vn 0.4374 -0.6174 0.6539
vn 0.3436 -0.4250 0.8375
vn 0.5291 -0.4914 0.6918
vn 0.4105 -0.2702 0.8709
vn 0.5789 -0.7259 0.3715
vn 0.5475 -0.8009 0.2424
vn 0.5151 -0.8467 0.1331
vn 0.4733 -0.8795 0.0496
vn 0.4415 -0.8970 -0.0218
vn 0.3049 -0.9524 -0.0011
vn 0.4042 -0.9147 0.0012
vn 0.4985 -0.8617 0.0950
vn 0.5965 -0.7892 0.1466
vn 0.5825 -0.7773 0.2377
vn 0.6320 -0.7388 0.2339
vn 0.6524 -0.6510 0.3880
vn 0.6982 -0.6596 0.2782
vn 0.7876 -0.4522 0.4186
vn 0.6724 -0.4682 0.5733
vn 0.6110 -0.0457 0.7903
vn 0.4556 -0.3579 0.8151
vn 0.3223 0.1679 0.9316
vn 0.5754 -0.2441 0.7806
vn 0.3542 0.0305 0.9347
vn 0.4651 -0.7399 0.4861
vn 0.3682 -0.5309 0.7633
vn 0.2720 -0.4302 0.8608
vn 0.4321 -0.6297 0.6456
vn 0.4296 -0.5011 0.7512
vn 0.7688 -0.4789 0.4237
vn 0.8064 -0.2869 0.5171
vn 0.4444 -0.3501 0.8246
vn 0.7688 -0.0120 0.6394
vn 0.4167 -0.1238 0.9006
vn 0.2062 -0.2057 0.9567
vn 0.0805 -0.3390 0.9373
vn 0.6143 0.2969 0.7310
vn 0.3312 0.1223 0.9356
vn 0.1474 0.0573 0.9874
vn -0.0082 0.2518 0.9677
vn 0.1887 0.3138 0.9305
vn 0.8149 0.4084 0.4113
vn 0.6257 0.6079 0.4888
vn 0.8608 0.4931 0.1260
vn 0.7023 0.6785 0.2153
vn 0.9403 0.1143 0.3206
vn 0.9748 0.2220 0.0220
vn 0.9598 -0.1741 0.2200
vn 0.9930 -0.0893 -0.0777
vn 0.9409 -0.3178 -0.1170
vn 0.9024 -0.4087 0.1364
vn 0.4153 0.4978 0.7614
vn 0.8455 0.5061 -0.1704
vn 0.7542 0.6558 -0.0344
vn 0.9058 0.3096 -0.2892
vn 0.7959 0.3441 -0.4981
vn 0.8144 0.1404 -0.5630
vn 0.6613 0.1867 -0.7265
vn 0.6465 0.4030 -0.6478
vn 0.4909 0.4311 -0.7571
vn 0.4966 0.2122 -0.8417
vn 0.8001 -0.0756 -0.5951
vn 0.6393 -0.0180 -0.7688
vn 0.8999 -0.1862 -0.3943
vn 0.9309 0.0356 -0.3635
vn 0.7597 0.5225 -0.3871
vn 0.8104 -0.4213 -0.4071
vn 0.8306 -0.5372 -0.1467
vn 0.7862 -0.6145 0.0649
vn 0.6871 -0.6552 0.3141
vn 0.7231 -0.3399 -0.6013
vn 0.5825 -0.5716 -0.5779
vn 0.5868 -0.2904 -0.7559
vn 0.4736 -0.0005 -0.8807
vn 0.4242 -0.2657 -0.8657
vn 0.4838 -0.5491 -0.6815
vn 0.6482 -0.6493 -0.3978
vn 0.4078 -0.7619 -0.5032
vn 0.4510 -0.8005 -0.3947
vn 0.6640 -0.7269 -0.1756
vn 0.4849 -0.8407 -0.2410
vn 0.4731 -0.8801 -0.0408
vn 0.4517 -0.8856 -0.1080
vn 0.4744 -0.8362 -0.2752
vn 0.6353 -0.7720 0.0202
vn 0.4382 -0.8883 0.1378
vn 0.5514 -0.8115 0.1936
vn 0.4297 -0.8006 -0.4175
vn 0.4270 -0.8135 0.3947
vn 0.5165 -0.8199 0.2469
vn 0.6682 -0.7358 0.1103
vn 0.6424 -0.7593 0.1038
vn 0.4365 -0.8453 0.3080
vn 0.8372 -0.4485 0.3130
vn 0.6157 -0.5045 0.6053
vn 0.9580 -0.2809 -0.0574
vn 0.7695 -0.6125 -0.1807
vn 0.9207 -0.1995 -0.3354
vn 0.7211 -0.5670 -0.3981
vn 0.6234 -0.5190 -0.5848
vn 0.3826 -0.7865 -0.4849
vn 0.8296 -0.1418 -0.5401
vn 0.3410 -0.7439 -0.5748
vn 0.3418 -0.5238 -0.7803
vn 0.2456 -0.7291 -0.6388
vn 0.3175 -0.7896 -0.5251
vn 0.2299 -0.7665 -0.5997
vn 0.5099 -0.5253 -0.6812
vn 0.3770 -0.5247 -0.7633
vn 0.5252 -0.0433 -0.8499
vn 0.6737 -0.0750 -0.7352
vn 0.2235 -0.5185 -0.8253
vn 0.2674 -0.2690 -0.9253
vn 0.1503 -0.2613 -0.9535
vn 0.1279 -0.5191 -0.8451
vn 0.3082 -0.0095 -0.9513
vn 0.1634 -0.0133 -0.9865
vn 0.0617 -0.7177 -0.6936
vn 0.1573 -0.7136 -0.6827
vn 0.1287 -0.7636 -0.6327
vn 0.0430 -0.7599 -0.6486
vn 0.1695 0.2406 -0.9557
vn 0.3329 0.2275 -0.9151
vn 0.3333 0.4556 -0.8254
vn 0.1712 0.4743 -0.8636
vn 0.1764 0.6763 -0.7152
vn 0.3426 0.6492 -0.6790
vn 0.3454 0.8008 -0.4893
vn 0.1770 0.8362 -0.5191
vn 0.1668 0.9096 -0.3804
vn 0.1047 0.9308 -0.3502
vn 0.6723 0.6881 -0.2729
vn 0.6060 0.7877 0.1106
vn 0.5095 0.7975 0.3231
vn 0.3928 0.7369 0.5502
vn 0.1736 0.6067 0.7757
vn -0.3676 0.7194 0.5893
vn -0.6424 0.7427 0.1891
vn -0.4281 0.8612 0.2740
vn -0.3674 0.8876 0.2779
vn -0.0543 0.9397 0.3377
vn -0.5876 0.7771 0.2255
vn -0.4456 0.7071 0.5491
vn -0.3912 0.4201 0.8188
vn -0.1693 0.4239 0.8897
vn -0.2084 0.4301 0.8784
vn -0.0474 0.4531 0.8902
vn -0.3441 0.3393 0.8755
vn -0.0430 0.2549 0.9660
vn 0.1735 0.0234 0.9846
vn 0.2729 -0.2797 0.9205
vn -0.0360 -0.3004 0.9531
vn 0.8532 -0.3044 -0.4235
vn 0.6218 0.0671 -0.7803
vn 0.8664 -0.3900 -0.3118
vn 0.8636 -0.1086 -0.4923
vn 0.9545 -0.0230 -0.2974
vn 0.9702 -0.0415 -0.2389
vn 0.9317 0.1435 -0.3337
vn 0.9226 0.1409 -0.3592
vn 0.8649 0.2021 -0.4594
vn 0.8277 0.2527 -0.5011
vn 0.8276 0.1874 -0.5291
vn 0.8145 0.2323 -0.5316
vn 0.8326 0.2290 -0.5044
vn 0.7892 0.4046 -0.4620
vn 0.7395 0.6251 -0.2497
vn 0.6133 0.7353 -0.2882
vn 0.3644 0.9041 -0.2231
vn 0.3877 0.8977 -0.2092
vn 0.4078 0.8738 -0.2651
vn 0.7403 0.6278 -0.2406
vn 0.9895 0.1443 -0.0068
vn 0.9848 0.1394 -0.1041
vn 0.9783 0.0979 -0.1828
vn 0.8228 0.3771 0.4252
vn 0.8947 -0.4259 -0.1348
vn 0.4212 0.8767 0.2323
vn 0.2755 0.8378 0.4714
vn 0.7464 -0.3828 0.5444
vn 0.4103 -0.9077 0.0875
vn -0.4406 -0.8656 0.2378
vn 0.1974 -0.8057 0.5585
vn -0.8716 -0.1981 0.4484
vn -0.9533 -0.2358 -0.1889
vn -0.8781 0.2786 0.3890
vn -0.8785 0.1986 -0.4344
vn -0.3636 0.9071 0.2118
vn 0.0504 0.9987 -0.0114
vn 0.5491 -0.2155 -0.8075
vn 0.2538 0.5340 0.8065
vn 0.4901 0.4827 0.7259
vn 0.3048 0.6012 0.7387
vn -0.6257 0.7310 -0.2725
vn 0.0253 0.8672 0.4973
vn 0.4139 0.7579 0.5043
vn 0.4089 0.7873 0.4614
vn 0.2022 -0.7733 0.6009
vn 0.0932 0.8755 0.4741
vn -0.8115 -0.0384 0.5831
vn 0.2194 -0.8294 0.5137
vn -0.1544 0.6860 0.7110
vn -0.6937 -0.2608 -0.6714
vn -0.6059 -0.1883 -0.7729
vn -0.1612 0.5498 0.8196
vn -0.0307 -0.0262 0.9992
vn -0.0600 -0.0687 0.9958
vn 0.5918 -0.0045 0.8061
vn 0.6921 0.2318 0.6836
vn 0.2599 -0.4662 -0.8457
vn 0.3637 -0.4958 -0.7886
vn 0.5012 -0.6483 -0.5732
vn 0.2658 -0.9322 -0.2457
vn -0.5283 -0.8295 -0.1810
vn -0.8998 -0.2406 -0.3639
vn 0.2259 -0.5022 -0.8347
vn 0.3674 -0.0247 -0.9297
vn 0.0958 -0.4832 -0.8703
vn 0.1658 0.0040 -0.9862
vn 0.1778 0.2062 -0.9622
vn 0.3523 0.1874 -0.9169
vn 0.5071 0.1629 -0.8464
vn 0.7035 0.1064 -0.7027
vn 0.8669 0.0229 -0.4980
vn 0.9578 -0.0642 -0.2801
vn 0.9826 -0.1858 0.0047
vn 0.8860 -0.3187 0.3367
vn 0.6218 -0.4445 0.6449
vn 0.2265 -0.5174 0.8252
vn 0.6895 -0.5926 0.4165
vn 0.6479 -0.7193 0.2505
vn -0.5811 0.5930 0.5574
vn -0.5225 0.2937 0.8005
vn -0.0000 0.5103 0.8600
vn -0.0000 0.7872 0.6167
vn -0.5376 0.7691 0.3456
vn 0.0000 0.9235 0.3836
vn -0.3386 0.9388 -0.0626
vn -0.8195 0.3498 -0.4539
vn -0.7598 0.5690 0.3145
vn -0.0000 0.9985 0.0554
vn -0.0000 0.9578 -0.2874
vn -0.1384 0.9039 -0.4046
vn -0.6840 -0.5801 -0.4422
vn -0.7020 -0.5662 -0.4319
vn -0.9605 -0.2132 0.1790
vn -0.6670 -0.7149 -0.2100
vn -0.6429 -0.0810 -0.7617
vn -0.6597 -0.7195 0.2171
vn -0.7962 -0.3455 0.4967
vn -0.5509 -0.4474 0.7045
vn -0.4770 -0.7370 0.4789
vn 0.3386 0.9388 -0.0626
vn -0.2315 0.6268 -0.7440
vn 0.1384 0.9039 -0.4047
vn 0.8195 0.3498 -0.4539
vn 0.5376 0.7691 0.3456
vn 0.7598 0.5690 0.3145
vn 0.5811 0.5930 0.5574
vn 0.0042 0.3267 0.9451
vn -0.3439 0.1785 0.9219
vn -0.2122 0.0628 0.9752
vn -0.2805 -0.4671 0.8385
vn 0.5225 0.2937 0.8005
vn 0.6840 -0.5801 -0.4422
vn 0.7020 -0.5662 -0.4319
vn 0.9605 -0.2132 0.1790
vn 0.6670 -0.7149 -0.2100
vn 0.6429 -0.0810 -0.7617
vn 0.3408 0.1781 0.9231
vn 0.5509 -0.4474 0.7045
vn 0.7962 -0.3455 0.4967
vn 0.6597 -0.7195 0.2171
vn 0.4770 -0.7370 0.4789
vn 0.2847 -0.4703 0.8353
vn 0.2576 -0.7221 0.6421
vn 0.0023 0.0424 0.9991
vn 0.1898 0.1467 0.9708
vn -0.0043 -0.4726 0.8813
vn -0.2576 -0.7221 0.6421
vn 0.0000 -0.7134 0.7007
vn 0.1837 0.3837 -0.9050
vn 0.2315 0.6268 -0.7440
vn -0.0000 0.6994 -0.7147
vn 0.0000 0.4481 -0.8940
vn -0.1837 0.3837 -0.9050
vn -0.3226 -0.6487 -0.6893
vn -0.5923 -0.7644 -0.2548
vn -0.6287 -0.6769 -0.3829
vn -0.3394 -0.5420 -0.7688
vn 0.0000 -0.6062 -0.7953
vn -0.0000 -0.4856 -0.8742
vn -0.3846 -0.3521 -0.8533
vn 0.0061 -0.2668 -0.9637
vn 0.0000 -0.9729 0.2312
vn -0.0000 -0.9676 0.2526
vn 0.4813 -0.8750 0.0521
vn 0.5008 -0.8626 0.0715
vn 0.6218 -0.7560 -0.2045
vn -0.6455 -0.7633 -0.0278
vn -0.6324 -0.7739 -0.0341
vn -0.5174 -0.8557 0.0119
vn -0.6980 -0.6976 -0.1615
vn -0.6552 -0.4824 -0.5814
vn -0.7046 -0.5454 -0.4539
vn -0.7227 -0.2287 -0.6523
vn -0.9039 -0.3800 -0.1963
vn -0.3311 -0.9429 0.0359
vn -0.4251 -0.9047 -0.0274
vn -0.4045 -0.8926 0.1992
vn -0.4810 -0.8589 0.1761
vn -0.4688 -0.7033 0.5343
vn -0.5550 -0.7055 0.4407
vn -0.0000 -0.9508 -0.3097
vn -0.7653 -0.6378 0.0863
vn -0.6652 -0.7465 -0.0125
vn -0.9365 -0.3506 0.0035
vn -0.8680 -0.4241 0.2583
vn -0.8935 -0.3747 -0.2475
vn -0.6920 -0.7215 0.0248
vn -0.9468 -0.2676 -0.1791
vn -0.8303 -0.5294 0.1743
vn -0.7269 -0.6811 0.0877
vn -0.7062 -0.5748 0.4133
vn -0.5420 -0.7211 0.4316
vn -0.7209 -0.6896 -0.0684
vn -0.7662 -0.6335 0.1080
vn -0.3953 -0.8820 0.2565
vn -0.7433 -0.6686 0.0209
vn -0.3059 -0.9483 -0.0848
vn -0.6934 -0.7196 -0.0378
vn -0.9019 -0.4292 -0.0494
vn -0.5302 -0.8307 -0.1698
vn -0.8447 -0.5349 0.0165
vn -0.6574 -0.7524 -0.0409
vn -0.3124 -0.9177 -0.2454
vn -0.3959 -0.8455 -0.3584
vn -0.5711 -0.6789 -0.4615
vn -0.6659 -0.7452 0.0349
vn -0.6930 -0.6333 0.3445
vn -0.8103 -0.5208 0.2687
vn -0.9742 -0.0975 0.2034
vn -0.8680 -0.3077 0.3897
vn -0.9944 -0.1043 -0.0186
vn -0.9325 -0.1235 -0.3393
vn -0.9586 -0.2267 0.1720
vn -0.8415 -0.3694 0.3941
vn -0.6769 -0.2771 0.6819
vn -0.7238 -0.5303 0.4414
vn -0.6298 -0.6218 0.4656
vn -0.4939 -0.3121 0.8116
vn -0.4621 -0.6450 0.6086
vn -0.6744 -0.3036 0.6731
vn -0.4912 -0.3445 0.8000
vn -0.9659 -0.2422 -0.0918
vn -0.9348 -0.1116 -0.3372
vn -0.2724 -0.3736 0.8867
vn -0.2744 -0.4012 0.8739
vn -0.0014 -0.4140 0.9103
vn -0.0013 -0.6453 0.7639
vn -0.2414 -0.6431 0.7268
vn -0.0019 -0.4506 0.8927
vn -0.2225 -0.8815 0.4165
vn -0.0027 -0.8885 0.4588
vn -0.3792 -0.8831 0.2763
vn -0.4925 -0.8533 0.1714
vn -0.2149 -0.9287 0.3024
vn -0.0007 -0.9462 0.3236
vn -0.3756 -0.9078 0.1866
vn -0.4748 -0.8697 0.1348
vn -0.6513 -0.7418 -0.1600
vn -0.6224 -0.7813 -0.0464
vn -0.6543 -0.5929 -0.4694
vn -0.7754 -0.4902 -0.3981
vn -0.9582 -0.2450 -0.1481
vn -0.8483 -0.5082 0.1488
vn -0.5686 -0.6702 0.4770
vn -0.4667 -0.6870 0.5570
vn -0.2478 -0.7561 0.6057
vn 0.0019 -0.7964 0.6048
vn -0.2448 -0.7844 0.5699
vn -0.2082 -0.9501 0.2323
vn 0.0020 -0.8165 0.5773
vn -0.0000 -0.9715 0.2372
vn -0.0000 -0.9994 0.0339
vn -0.1572 -0.9863 0.0497
vn -0.0000 -1.0000 -0.0005
vn -0.1213 -0.9923 0.0265
vn 0.0000 -0.5228 -0.8525
vn 0.0000 -0.4981 -0.8671
vn 0.2923 -0.4842 -0.8247
vn 0.2763 -0.5243 -0.8054
vn 0.5601 -0.6264 -0.5422
vn 0.5479 -0.6313 -0.5488
vn 0.6443 -0.7375 -0.2025
vn -0.9263 -0.1231 -0.3562
vn -0.7657 -0.0717 -0.6392
vn -0.7658 -0.0720 -0.6390
vn -0.3862 0.0310 -0.9219
vn -0.3832 -0.1087 -0.9172
vn 0.0046 -0.0404 -0.9992
vn 0.0009 0.0920 -0.9958
vn -0.3825 0.0319 -0.9234
vn 0.0016 0.0915 -0.9958
vn -0.7744 -0.6069 -0.1788
vn -0.8078 -0.5892 0.0179
vn -0.7526 -0.5976 0.2766
vn -0.6099 -0.6175 0.4967
vn -0.4476 -0.6414 0.6231
vn -0.3881 0.1368 -0.9114
vn -0.7730 0.0131 -0.6342
vn -0.3835 0.3111 -0.8696
vn -0.7822 0.2021 -0.5894
vn -0.9270 -0.0556 -0.3710
vn -0.9430 0.1239 -0.3089
vn -0.7762 0.3249 -0.5403
vn -0.8960 0.3954 -0.2024
vn -0.3750 0.3938 -0.8393
vn 0.0003 0.3351 -0.9422
vn -0.0008 0.3921 -0.9199
vn 0.0010 0.1838 -0.9830
vn -0.9623 -0.2404 -0.1273
vn -0.9978 0.0667 -0.0045
vn -0.9512 -0.2616 0.1636
vn -0.9706 -0.0105 0.2403
vn -0.8391 -0.3524 0.4143
vn -0.8641 -0.0956 0.4942
vn -0.6696 -0.3842 0.6356
vn -0.6871 -0.1791 0.7041
vn -0.8188 0.1850 0.5434
vn -0.6610 0.0926 0.7446
vn -0.9171 0.2609 0.3016
vn -0.4922 -0.4192 0.7629
vn -0.5008 -0.2209 0.8369
vn -0.4786 0.0500 0.8766
vn -0.9367 0.3441 0.0652
vn -0.4794 0.0417 0.8766
vn -0.6631 0.0801 0.7442
vn -0.8209 0.1816 0.5414
vn -0.9205 0.2507 0.2997
vn -0.9375 0.3422 0.0632
vn -0.9049 0.3763 -0.1990
vn -0.4601 -0.6054 0.6494
vn -0.2522 0.0072 0.9677
vn -0.2535 -0.0049 0.9673
vn -0.0000 -0.0035 1.0000
vn -0.0000 -0.2445 0.9697
vn -0.2635 -0.2419 0.9339
vn -0.0006 -0.4585 0.8887
vn -0.2730 -0.4432 0.8538
vn -0.0001 -0.0110 0.9999
vn -0.0005 -0.6424 0.7663
vn -0.2598 -0.6187 0.7414
vn -0.2536 -0.6502 0.7162
vn -0.0003 -0.6751 0.7377
vn -0.6197 -0.5835 0.5249
vn -0.7775 -0.5585 0.2890
vn -0.8687 -0.4908 0.0670
vn -0.8399 -0.5182 -0.1613
vn -0.9200 -0.1060 -0.3773
vn -0.2517 0.1341 0.9585
vn -0.2621 -0.0355 0.9644
vn 0.0000 -0.0517 0.9987
vn -0.0013 0.1315 0.9913
vn -0.0015 0.3546 0.9350
vn -0.2228 0.3541 0.9083
vn 0.0004 -0.2982 0.9545
vn -0.2671 -0.2760 0.9233
vn -0.2211 0.3603 0.9063
vn 0.0007 0.3650 0.9310
vn -0.2647 -0.2951 0.9181
vn 0.0003 -0.3142 0.9494
vn -0.4531 0.4241 0.7841
vn -0.4543 0.4111 0.7903
vn -0.6134 0.4885 0.6205
vn -0.6752 0.3208 0.6642
vn -0.5092 0.1795 0.8417
vn -0.4975 0.0218 0.8672
vn -0.6708 0.0939 0.7357
vn -0.7112 0.6151 0.3404
vn -0.7640 0.3927 0.5119
vn -0.8246 0.2007 0.5289
vn -0.8216 0.4736 0.3173
vn -0.9064 0.3011 0.2963
vn -0.9100 0.4107 0.0569
vn -0.8578 0.4922 0.1482
vn -0.7141 0.6250 0.3153
vn -0.6931 0.7177 -0.0673
vn -0.8190 0.5519 -0.1569
vn -0.8237 0.5442 0.1593
vn -0.5844 0.8114 -0.0135
vn -0.6886 0.6673 0.2837
vn -0.4241 0.8809 0.2103
vn -0.7594 0.5695 0.3146
vn -0.4105 0.7464 0.5237
vn -0.8345 0.4853 0.2610
vn -0.5163 0.4527 0.7270
vn -0.6891 0.1821 0.7014
vn -0.8249 0.4304 0.3666
vn -0.8128 0.5267 0.2491
vn -0.9001 -0.0055 0.4356
vn -0.8298 0.4948 0.2582
vn -0.5373 0.8054 0.2502
vn -0.6612 0.7404 0.1207
vn -0.9689 -0.1470 0.1990
vn -0.8154 0.4516 0.3622
vn -0.9936 0.0900 0.0677
vn -0.8829 0.4047 0.2382
vn -0.9429 0.2878 -0.1678
vn -0.5365 0.7222 0.4366
vn -0.5888 0.5906 0.5518
vn -0.5051 0.7119 0.4879
vn -0.4210 0.5829 0.6950
vn -0.4338 0.6652 0.6077
vn -0.7528 -0.6106 0.2460
vn -0.5849 -0.6384 0.5004
vn -0.7547 -0.6055 0.2527
vn -0.6146 -0.6426 0.4574
vn -0.7158 0.4139 0.5625
vn -0.4990 0.3681 0.7846
vn -0.8630 -0.5051 -0.0128
vn -0.8581 -0.5123 0.0354
vn -0.6609 -0.4768 0.5796
vn -0.8444 -0.4192 0.3335
vn -0.8961 -0.0441 0.4417
vn -0.6784 -0.0811 0.7302
vn -0.9934 0.0788 0.0837
vn -0.9571 -0.2896 0.0017
vn -0.8666 -0.1453 -0.4774
vn -0.8654 0.2099 -0.4550
vn -0.3533 0.6860 -0.6360
vn -0.3843 0.5128 -0.7677
vn -0.7421 0.4581 0.4893
vn -0.5319 0.4415 0.7226
vn -0.8403 0.5169 0.1631
vn -0.7123 0.6036 -0.3582
vn -0.1859 0.9284 0.3217
vn -0.1348 0.8981 0.4186
vn -0.2806 0.9339 0.2215
vn -0.2629 0.9648 -0.0029
vn -0.1693 0.9664 -0.1933
vn -0.3863 0.5507 -0.7399
vn 0.4067 0.9135 -0.0055
vn 0.2853 0.9566 -0.0597
vn 0.0000 0.9508 0.3098
vn 0.4623 0.8720 0.1608
vn 0.3930 0.8109 0.4336
vn 0.2352 0.7629 0.6022
vn 0.0000 0.5195 -0.8545
vn 0.0119 0.3772 -0.9261
vn 0.0000 0.7961 0.6051
vn 0.0000 0.9330 0.3598
vn 0.0281 0.3502 -0.9362
vn 0.0159 0.6093 -0.7928
vn -0.0000 0.7609 -0.6489
vn -0.3471 0.7927 -0.5012
vn -0.8445 -0.3061 -0.4394
vn -0.7322 -0.2681 -0.6261
vn -0.0000 0.7281 -0.6855
vn -0.3435 0.7504 -0.5648
vn -0.4380 0.8839 -0.1638
vn -0.3514 0.5985 -0.7199
vn -0.7729 0.5172 -0.3677
vn -0.6733 0.7131 -0.1952
vn -0.0047 0.6065 -0.7951
vn -0.7781 0.4022 -0.4825
vn -0.8788 0.4709 -0.0767
vn -0.9009 0.3960 -0.1775
vn -0.3830 0.4619 -0.8000
vn -0.8099 0.5845 0.0499
vn -0.4410 0.8929 0.0909
vn -0.1315 0.9623 0.2379
vn -0.0051 0.4488 -0.8936
vn -0.7362 0.5601 0.3800
vn -0.9474 0.0893 -0.3074
vn -0.9979 0.0532 -0.0382
vn -0.9736 -0.0494 0.2227
vn -0.8717 -0.1152 0.4763
vn -0.6955 -0.2123 0.6864
vn -0.5038 -0.2441 0.8286
vn -0.6932 -0.2310 0.6827
vn -0.5013 -0.2614 0.8248
vn -0.8685 -0.1348 0.4770
vn -0.9736 -0.0665 0.2182
vn -0.9989 0.0267 -0.0386
vn -0.9492 0.0723 -0.3064
vn -0.7813 0.3140 -0.5394
vn -0.3785 0.3940 -0.8376
vn -0.0020 0.3929 -0.9196
vn -0.0000 0.5836 0.8120
vn -0.2112 0.6327 0.7450
vn -0.2165 0.5241 0.8237
vn 0.0000 0.4707 0.8823
vn -0.3587 -0.7022 0.6150
vn -0.2767 -0.6078 0.7443
vn -0.0051 -0.6902 0.7236
vn -0.0008 -0.6904 0.7234
vn -0.0022 0.3103 0.9506
vn -0.2239 0.3241 0.9191
vn -0.3681 -0.5145 0.7745
vn 0.0023 -0.5127 0.8585
vn -0.3735 -0.0942 0.9228
vn 0.0015 -0.0919 0.9958
vn -0.2759 0.4444 0.8523
vn 0.0023 0.4464 0.8948
vn -0.0560 0.8976 0.4372
vn 0.0020 0.8892 0.4576
vn 0.1658 0.9786 -0.1221
vn -0.0037 0.9931 -0.1174
vn -0.2613 0.0432 0.9643
vn -0.0004 0.0653 0.9979
vn 0.0018 0.0707 0.9975
vn -0.2618 0.0422 0.9642
vn -0.5846 0.0481 0.8099
vn -0.7899 0.1586 0.5924
vn -0.9426 0.2740 0.1908
vn -0.9422 0.2725 -0.1951
vn -0.7703 0.1936 0.6076
vn -0.5663 0.0522 0.8225
vn -0.9650 0.2307 0.1247
vn -0.9450 0.2761 -0.1753
vn -0.9960 0.0721 0.0534
vn -0.9742 -0.0048 0.2256
vn -0.8226 0.4800 0.3050
vn -0.8931 0.0172 0.4496
vn -0.7114 0.1979 0.6744
vn -0.5434 0.4673 0.6974
vn -0.4465 0.7323 0.5141
vn -0.4687 0.8523 0.2321
vn -0.5967 0.8025 0.0058
vn -0.7115 0.6960 -0.0968
vn -0.9269 0.3566 -0.1168
vn -0.9481 0.3052 -0.0895
vn -0.9887 0.1242 -0.0839
vn -0.8309 0.5434 -0.1196
vn -0.9973 0.0611 0.0418
vn -0.9746 -0.0136 0.2234
vn -0.8886 -0.0044 0.4587
vn -0.7016 0.1848 0.6882
vn -0.5298 0.4626 0.7108
vn -0.4218 0.7402 0.5236
vn -0.4546 0.8612 0.2274
vn -0.5877 0.8090 -0.0073
vn -0.7114 0.6951 -0.1040
vn -0.8372 0.5370 -0.1040
vn -0.9820 0.1845 -0.0406
vn -0.9342 0.3289 -0.1383
vn 0.1455 -0.9881 0.0494
vn 0.0990 -0.9950 0.0109
vn 0.2041 -0.9495 0.2383
vn 0.2463 -0.7819 0.5727
vn -0.2924 -0.4842 -0.8247
vn -0.2763 -0.5243 -0.8054
vn -0.5601 -0.6264 -0.5422
vn 0.5199 -0.8542 0.0053
vn -0.5479 -0.6313 -0.5488
vn -0.6443 -0.7375 -0.2025
vn -0.6218 -0.7560 -0.2045
vn -0.5008 -0.8626 0.0715
vn -0.4813 -0.8750 0.0521
vn 0.5923 -0.7644 -0.2548
vn 0.3226 -0.6487 -0.6893
vn 0.6287 -0.6769 -0.3829
vn 0.3394 -0.5420 -0.7688
vn 0.6552 -0.4824 -0.5814
vn 0.3795 -0.3453 -0.8583
vn 0.6324 -0.7739 -0.0341
vn 0.3421 -0.9391 0.0322
vn 0.4251 -0.9047 -0.0274
vn 0.4103 -0.8887 0.2049
vn 0.4810 -0.8589 0.1761
vn 0.7653 -0.6378 0.0863
vn 0.6455 -0.7633 -0.0278
vn 0.6980 -0.6976 -0.1615
vn 0.7269 -0.6811 0.0877
vn 0.7046 -0.5454 -0.4539
vn 0.7209 -0.6896 -0.0684
vn 0.9039 -0.3800 -0.1963
vn 0.7708 -0.6265 0.1158
vn 0.5420 -0.7211 0.4316
vn 0.3953 -0.8820 0.2565
vn 0.6652 -0.7465 -0.0125
vn 0.9365 -0.3506 0.0035
vn 0.8680 -0.4241 0.2583
vn 0.7062 -0.5748 0.4133
vn 0.7434 -0.6686 0.0209
vn 0.3059 -0.9483 -0.0848
vn 0.8935 -0.3747 -0.2475
vn 0.6920 -0.7215 0.0248
vn 0.6934 -0.7196 -0.0378
vn 0.3124 -0.9177 -0.2454
vn 0.9090 -0.4075 -0.0874
vn 0.5302 -0.8307 -0.1698
vn 0.6574 -0.7524 -0.0409
vn 0.3959 -0.8455 -0.3584
vn 0.5711 -0.6789 -0.4615
vn 0.6659 -0.7452 0.0349
vn 0.6543 -0.5929 -0.4694
vn 0.6233 -0.7806 -0.0463
vn 0.6541 -0.6493 0.3880
vn 0.8103 -0.5207 0.2687
vn 0.8449 -0.5346 0.0163
vn 0.9642 -0.2098 0.1623
vn 0.8628 -0.3132 0.3968
vn 0.9560 -0.2479 0.1567
vn 0.8314 -0.3811 0.4044
vn 0.6798 -0.3066 0.6663
vn 0.6812 -0.2748 0.6786
vn 0.6965 -0.5749 0.4293
vn 0.6403 -0.6272 0.4435
vn 0.4923 -0.8529 0.1735
vn 0.4970 -0.3103 0.8104
vn 0.4645 -0.6469 0.6047
vn 0.4915 -0.3430 0.8005
vn 0.9579 -0.2718 -0.0929
vn 0.9711 -0.2272 -0.0732
vn 0.9344 -0.1125 -0.3381
vn 0.9327 -0.1348 -0.3345
vn 0.7227 -0.2287 -0.6523
vn 0.3792 -0.1124 -0.9185
vn 0.3862 0.0324 -0.9218
vn 0.7651 -0.0715 -0.6400
vn 0.3824 0.0316 -0.9234
vn 0.7643 -0.0709 -0.6409
vn 0.9336 -0.1138 -0.3398
vn 0.8093 -0.5571 -0.1860
vn 0.8512 -0.5222 0.0520
vn 0.7517 -0.5963 0.2816
vn 0.6101 -0.6175 0.4965
vn 0.4476 -0.6414 0.6231
vn 0.3879 0.1361 -0.9116
vn 0.7715 0.0118 -0.6361
vn 0.3832 0.3109 -0.8698
vn 0.7822 0.2046 -0.5885
vn 0.7777 0.3230 -0.5394
vn 0.3753 0.3928 -0.8396
vn 0.9429 0.1261 -0.3081
vn 0.9272 -0.0571 -0.3701
vn 0.9625 -0.2401 -0.1266
vn 0.9980 0.0633 -0.0095
vn 0.8958 0.3946 -0.2045
vn 0.9355 0.3477 0.0623
vn 0.9228 -0.1187 -0.3666
vn 0.8333 -0.5234 -0.1781
vn 0.8690 -0.4898 0.0704
vn 0.9514 -0.2609 0.1633
vn 0.7775 -0.5585 0.2890
vn 0.8391 -0.3524 0.4143
vn 0.9701 -0.0153 0.2424
vn 0.8654 -0.0971 0.4915
vn 0.9149 0.2629 0.3062
vn 0.8196 0.1882 0.5411
vn 0.6698 -0.3841 0.6355
vn 0.6851 -0.1819 0.7053
vn 0.4910 -0.4177 0.7645
vn 0.5006 -0.2233 0.8364
vn 0.6582 0.0945 0.7469
vn 0.4801 0.0510 0.8757
vn 0.9205 0.2501 0.3002
vn 0.9376 0.3420 0.0624
vn 0.9048 0.3764 -0.1989
vn 0.8213 0.1814 0.5410
vn 0.6626 0.0795 0.7447
vn 0.4802 0.0420 0.8762
vn 0.6199 -0.5835 0.5246
vn 0.4600 -0.6056 0.6493
vn 0.2599 -0.6193 0.7409
vn 0.2539 -0.6498 0.7165
vn 0.2749 -0.4412 0.8543
vn 0.2637 -0.2444 0.9331
vn 0.2505 0.0077 0.9681
vn 0.2529 -0.0049 0.9675
vn 0.2693 -0.3726 0.8881
vn 0.2389 -0.6446 0.7262
vn 0.2749 -0.3998 0.8744
vn 0.3830 -0.8815 0.2761
vn 0.2222 -0.8815 0.4168
vn 0.3788 -0.9074 0.1817
vn 0.4739 -0.8703 0.1341
vn 0.6505 -0.7419 -0.1625
vn 0.7754 -0.4902 -0.3981
vn 0.2119 -0.9302 0.2998
vn 0.9582 -0.2450 -0.1481
vn 0.9468 -0.2676 -0.1791
vn 0.8288 -0.5288 0.1828
vn 0.5614 -0.7020 0.4383
vn 0.4621 -0.7050 0.5380
vn 0.8451 -0.5129 0.1509
vn 0.5754 -0.6688 0.4708
vn 0.4597 -0.6890 0.5604
vn 0.2495 -0.7580 0.6026
vn 0.7785 0.4025 -0.4815
vn 0.3867 0.4598 -0.7994
vn 0.3556 0.6016 -0.7153
vn 0.7729 0.5172 -0.3677
vn 0.3435 0.7504 -0.5648
vn 0.6733 0.7131 -0.1952
vn 0.8788 0.4709 -0.0767
vn 0.8997 0.3982 -0.1790
vn 0.8099 0.5845 0.0499
vn 0.8345 0.4853 0.2610
vn 0.8249 0.4304 0.3666
vn 0.8578 0.4922 0.1482
vn 0.7594 0.5695 0.3146
vn 0.6890 0.1817 0.7016
vn 0.5162 0.4542 0.7261
vn 0.6886 0.6673 0.2837
vn 0.8216 0.4736 0.3173
vn 0.7665 0.4013 0.5014
vn 0.7141 0.6249 0.3153
vn 0.4243 0.8810 0.2091
vn 0.4111 0.7453 0.5249
vn 0.8223 0.5165 0.2388
vn 0.9010 -0.0047 0.4339
vn 0.8319 0.4787 0.2808
vn 0.9683 -0.1469 0.2019
vn 0.8094 0.4581 0.3674
vn 0.9938 0.0895 0.0664
vn 0.8829 0.4047 0.2382
vn 0.9412 0.2952 -0.1641
vn 0.9450 0.2673 -0.1884
vn 0.9430 0.2706 0.1935
vn 0.5830 0.8124 -0.0129
vn 0.6945 0.7164 -0.0671
vn 0.7158 0.6123 0.3358
vn 0.7930 0.1568 0.5887
vn 0.7158 0.4139 0.5625
vn 0.5895 0.5924 0.5491
vn 0.5160 0.7033 0.4890
vn 0.5312 0.7093 0.4634
vn 0.5280 0.8077 0.2622
vn 0.7239 0.5761 0.3796
vn 0.7515 -0.6117 0.2471
vn 0.8623 -0.5062 -0.0121
vn 0.7574 -0.6025 0.2516
vn 0.8662 -0.4990 -0.0285
vn 0.9561 -0.2930 0.0044
vn 0.8666 -0.1453 -0.4774
vn 0.9934 0.0788 0.0837
vn 0.8446 -0.4197 0.3325
vn 0.8930 -0.0437 0.4479
vn 0.8635 0.2130 -0.4571
vn 0.8403 0.5169 0.1631
vn 0.7386 0.4555 0.4970
vn 0.7108 0.6013 -0.3649
vn 0.2806 0.9339 0.2215
vn 0.1959 0.9254 0.3244
vn 0.2629 0.9648 -0.0029
vn -0.4623 0.8720 0.1608
vn -0.4064 0.9136 -0.0128
vn -0.3930 0.8109 0.4336
vn -0.2352 0.7629 0.6022
vn 0.1693 0.9664 -0.1933
vn 0.3807 0.5399 -0.7508
vn 0.3657 0.5117 -0.7775
vn 0.3412 0.6940 -0.6341
vn 0.3471 0.7927 -0.5012
vn 0.8447 -0.3070 -0.4384
vn 0.7322 -0.2681 -0.6261
vn 0.4345 0.8865 -0.1592
vn 0.4335 0.8955 0.1010
vn 0.6605 0.7418 0.1166
vn 0.2512 0.1347 0.9585
vn 0.2597 -0.0366 0.9650
vn 0.2230 0.3544 0.9081
vn 0.2657 -0.2771 0.9234
vn 0.2187 0.3610 0.9066
vn 0.2642 -0.2946 0.9184
vn 0.5013 -0.2614 0.8248
vn 0.5044 -0.2447 0.8280
vn 0.6957 -0.2122 0.6863
vn 0.6696 0.0908 0.7371
vn 0.8710 -0.1159 0.4774
vn 0.8263 0.1989 0.5270
vn 0.6655 0.3270 0.6710
vn 0.4996 0.0216 0.8660
vn 0.5150 0.1897 0.8359
vn 0.6110 0.4784 0.6307
vn 0.4681 0.4050 0.7854
vn 0.9063 0.3020 0.2955
vn 0.9092 0.4119 0.0604
vn 0.9980 0.0512 -0.0364
vn 0.9465 0.0881 -0.3104
vn 0.7821 0.3136 -0.5384
vn 0.3791 0.3935 -0.8375
vn 0.9739 -0.0494 0.2213
vn 0.9491 0.0721 -0.3065
vn 0.9989 0.0270 -0.0392
vn 0.9736 -0.0664 0.2185
vn 0.8686 -0.1347 0.4769
vn 0.6928 -0.2308 0.6832
vn 0.2137 0.5211 0.8263
vn 0.1989 0.6375 0.7443
vn 0.2833 -0.6178 0.7335
vn 0.3587 -0.7013 0.6161
vn 0.2258 0.3258 0.9181
vn 0.3659 -0.5144 0.7756
vn 0.3722 -0.0950 0.9233
vn 0.2731 0.4457 0.8525
vn 0.0564 0.8959 0.4407
vn -0.1636 0.9785 -0.1252
vn 0.2637 0.0400 0.9638
vn 0.2609 0.0437 0.9644
vn 0.5651 0.0532 0.8233
vn 0.5836 0.0471 0.8107
vn 0.7712 0.1962 0.6056
vn 0.4990 0.3681 0.7846
vn 0.9640 0.2325 0.1292
vn 0.9459 0.2730 -0.1751
vn 0.4257 0.5800 0.6945
vn 0.4369 0.6682 0.6023
vn 0.5851 -0.6382 0.5003
vn 0.6147 -0.6427 0.4573
vn 0.6629 -0.4750 0.5788
vn 0.6828 -0.0782 0.7264
vn 0.5394 0.4415 0.7170
vn 0.1413 0.8951 0.4229
vn -0.2962 0.9533 -0.0585
vn 0.9734 -0.0058 0.2289
vn 0.9959 0.0736 0.0530
vn 0.8226 0.4800 0.3050
vn 0.8937 0.0154 0.4485
vn 0.7118 0.1973 0.6741
vn 0.5426 0.4683 0.6973
vn 0.4467 0.7311 0.5157
vn 0.4693 0.8523 0.2310
vn 0.5960 0.8030 0.0070
vn 0.7130 0.6943 -0.0975
vn 0.9184 0.3709 -0.1376
vn 0.9564 0.2739 -0.1015
vn 0.9899 0.1204 -0.0747
vn 0.8272 0.5500 -0.1151
vn 0.6079 0.4941 0.6215
vn 0.4542 0.4251 0.7829
vn 0.8229 0.5463 0.1562
vn 0.8171 0.5549 -0.1565
vn -0.6128 0.4926 0.6179
vn -0.9539 0.2701 -0.1310
vn -0.8054 0.5779 -0.1315
vn 0.2170 0.0843 -0.9725
vn 0.2230 0.1852 -0.9571
vn 0.0446 -0.2251 -0.9733
vn 0.0847 -0.1234 -0.9887
vn -0.8640 -0.4688 -0.1838
vn -0.9772 -0.0676 0.2012
vn -0.9999 0.0066 0.0115
vn -0.8824 -0.0574 0.4671
vn -0.6774 0.1581 0.7184
vn -0.4996 0.4487 0.7410
vn -0.3683 0.7576 0.5388
vn -0.4069 0.8889 0.2105
vn -0.5590 0.8271 -0.0589
vn -0.6820 0.7167 -0.1455
vn 0.1343 -0.9542 0.2672
vn 0.1466 -0.9509 0.2726
vn -0.0001 -0.9828 -0.1846
vn 0.4408 -0.6386 0.6308
vn 0.4362 -0.6392 0.6334
vn 0.7182 -0.1899 0.6694
vn 0.7222 -0.1921 0.6645
vn 0.8897 0.2767 0.3631
vn 0.8901 0.2810 0.3588
vn 0.8296 0.4933 -0.2615
vn 0.8276 0.5000 -0.2551
vn 0.5521 0.3715 -0.7464
vn 0.5489 0.3839 -0.7426
vn 0.1737 -0.0614 -0.9829
vn 0.2105 0.0359 -0.9769
vn 0.0079 -0.9832 -0.1826
vn -0.0581 -0.7495 -0.6595
vn -0.0600 -0.7526 -0.6558
vn -0.9448 0.2873 -0.1574
vn 0.0253 -0.3181 -0.9477
vn 0.0336 -0.3607 -0.9321
vn -0.9454 0.2965 -0.1353
vn 0.1996 0.0598 -0.9780
vn 0.2163 0.1031 -0.9709
vn -0.9566 0.2861 -0.0560
vn 0.9999 0.0102 0.0110
vn 0.9753 -0.0706 0.2095
vn 0.8846 -0.0619 0.4621
vn 0.6782 0.1582 0.7176
vn 0.4960 0.4530 0.7408
vn 0.3685 0.7532 0.5449
vn 0.0596 -0.7566 -0.6512
vn 0.0580 -0.7576 -0.6501
vn -0.0029 -0.9787 -0.2051
vn 0.0014 -0.9807 -0.1957
vn -0.1513 -0.9480 0.2800
vn -0.1439 -0.9471 0.2869
vn -0.4361 -0.6393 0.6334
vn -0.4389 -0.6411 0.6296
vn -0.7161 -0.2038 0.6675
vn -0.7152 -0.1963 0.6708
vn -0.8922 0.2914 0.3452
vn -0.8921 0.2892 0.3471
vn 0.4089 0.8891 0.2059
vn 0.5557 0.8297 -0.0537
vn -0.8299 0.4996 -0.2484
vn -0.8341 0.4924 -0.2488
vn -0.5358 0.3740 -0.7570
vn -0.5492 0.3699 -0.7493
vn 0.6891 0.7094 -0.1478
vn 0.8027 0.5810 -0.1347
vn -0.1354 -0.0377 -0.9901
vn -0.2311 0.0134 -0.9728
vn -0.0219 -0.1885 -0.9818
vn -0.1096 -0.1296 -0.9855
vn 0.9472 0.2819 -0.1525
vn 0.9370 0.3025 -0.1748
vn -0.2117 0.0776 -0.9743
vn -0.2199 0.1374 -0.9658
vn -0.0423 -0.3399 -0.9395
vn -0.0080 -0.3632 -0.9317
vn 0.9545 0.2670 -0.1328
vn -0.1947 0.0910 -0.9766
vn -0.2405 0.1758 -0.9546
vn 0.9736 -0.0136 0.2277
vn 0.9974 0.0606 0.0395
vn 0.8899 -0.0023 0.4562
vn 0.7021 0.1842 0.6878
vn 0.5296 0.4640 0.7101
vn 0.4221 0.7390 0.5251
vn 0.4546 0.8615 0.2260
vn 0.5863 0.8100 -0.0068
vn 0.7131 0.6933 -0.1042
vn 0.8269 0.5506 -0.1144
vn 0.9235 0.3639 -0.1218
vn 0.9665 0.2534 -0.0404
vn 0.9810 0.1834 -0.0626
vn 0.2061 0.4889 -0.8476
vn 0.1962 0.4869 -0.8512
vn 0.2037 0.3581 -0.9112
vn 0.1229 0.3782 -0.9175
vn 0.2972 0.5009 -0.8129
vn 0.2752 0.5202 -0.8085
vn 0.1205 0.2083 -0.9706
vn 0.1491 0.2123 -0.9658
vn 0.2015 0.0683 -0.9771
vn 0.2596 0.0818 -0.9622
vn 0.3243 0.0787 -0.9427
vn 0.3134 0.0726 -0.9468
vn 0.2590 0.5444 -0.7978
vn 0.2504 0.5672 -0.7846
vn 0.1400 0.6628 -0.7355
vn 0.1383 0.6449 -0.7517
vn 0.0000 0.5815 -0.8135
vn 0.0000 0.6126 -0.7904
vn 0.2693 0.0437 -0.9621
vn 0.3055 0.1001 -0.9469
vn 0.1955 -0.0375 -0.9800
vn 0.1836 -0.0505 -0.9817
vn -0.0000 0.0152 -0.9999
vn 0.0000 0.0929 -0.9957
vn 0.2174 0.3896 -0.8950
vn 0.3493 0.3875 -0.8532
vn 0.2874 -0.0706 -0.9552
vn 0.4811 -0.0049 -0.8766
vn 0.2963 -0.3900 -0.8718
vn 0.0000 -0.4018 -0.9157
vn -0.0000 -0.0593 -0.9982
vn 0.5362 -0.3284 -0.7776
vn 0.7282 -0.1525 -0.6682
vn 0.6243 0.0870 -0.7763
vn 0.8013 0.0050 -0.5983
vn 0.5957 0.2291 -0.7698
vn 0.5191 0.2656 -0.8124
vn 0.7989 0.1267 -0.5879
vn 0.7937 0.2302 -0.5630
vn 0.5167 0.2471 -0.8198
vn 0.7890 0.3270 -0.5201
vn 0.5981 0.2407 -0.7644
vn 0.6095 0.3855 -0.6928
vn 0.7113 0.5132 -0.4803
vn 0.5519 0.6780 -0.4855
vn 0.5013 0.4850 -0.7166
vn 0.3232 0.7830 -0.5315
vn 0.2967 0.4908 -0.8192
vn 0.0000 0.8317 -0.5552
vn 0.0000 0.5938 -0.8046
vn 0.3971 0.2603 -0.8801
vn 0.2369 0.1374 -0.9618
vn 0.4496 0.2050 -0.8694
vn 0.3189 0.1128 -0.9411
vn 0.1897 0.2220 -0.9564
vn 0.1519 0.3724 -0.9156
vn -0.0000 0.2535 -0.9673
vn 0.7761 0.6224 -0.1016
vn 0.9143 0.3751 -0.1527
vn 0.9622 0.1756 -0.2083
vn 0.9632 -0.0269 -0.2674
vn 0.9156 -0.2283 -0.3311
vn 0.7849 -0.4574 -0.4179
vn 0.5208 -0.6613 -0.5399
vn 0.2668 -0.7477 -0.6081
vn 0.0000 -0.7731 -0.6343
vn 0.8041 -0.5385 0.2520
vn 0.8895 -0.2733 0.3661
vn 0.1590 -0.5765 0.8015
vn 0.2403 -0.4069 0.8813
vn -0.6300 -0.2336 0.7406
vn -0.5864 -0.2644 0.7656
vn -0.9266 0.3479 0.1431
vn -0.8949 -0.0847 0.4382
vn 0.6243 -0.7683 0.1416
vn 0.3272 -0.9436 0.0506
vn -0.0113 -0.6967 0.7173
vn -0.1893 -0.6922 0.6965
vn -0.6610 -0.1157 0.7414
vn -0.5583 0.0856 0.8252
vn -0.7482 0.5839 0.3151
vn -0.4372 0.7616 0.4783
vn -0.5862 -0.2144 0.7813
vn 0.2408 -0.1609 0.9571
vn 0.8901 0.0196 0.4554
vn 0.8053 0.3045 0.5087
vn 0.1599 0.0251 0.9868
vn -0.6292 -0.2255 0.7438
vn -0.9289 -0.3645 -0.0657
vn -0.9920 -0.1108 -0.0613
vn 0.6288 0.5579 0.5417
vn 0.5377 0.8390 -0.0840
vn 0.3213 0.7472 0.5818
vn 0.0014 0.1635 0.9865
vn -0.1999 0.1797 0.9632
vn -0.6490 -0.3426 0.6793
vn -0.5626 -0.5283 0.6359
vn -0.7397 -0.6689 -0.0740
vn -0.4431 -0.8961 -0.0267
vn 0.1197 0.8044 0.5819
vn 0.2869 0.9528 -0.0989
vn -0.1976 0.0761 0.9773
vn -0.3305 -0.7237 0.6059
vn -0.1786 -0.9839 -0.0079
vn -0.0000 0.8200 0.5723
vn -0.0000 0.9937 -0.1118
vn 0.0000 0.0599 0.9982
vn 0.0000 -0.7879 0.6158
vn -0.0002 -1.0000 0.0003
vn -0.1234 -0.9693 -0.2128
vn -0.3502 -0.8858 -0.3046
vn -0.6273 -0.6536 -0.4235
vn -0.7738 -0.3380 -0.5356
vn -0.8050 -0.0070 -0.5932
vn -0.8086 0.3166 -0.4959
vn -0.8179 0.3179 -0.4796
vn -0.7868 0.5756 -0.2226
vn -0.6356 0.7711 0.0379
vn -0.3651 0.8925 0.2649
vn -0.1474 0.8236 0.5477
vn -0.2854 0.2854 0.9149
vn 0.0000 0.3171 0.9484
vn -0.1649 -0.6195 0.7675
vn 0.0000 -0.6077 0.7942
vn 0.1140 -0.9930 0.0297
vn -0.0000 -0.9999 0.0138
vn -0.0005 0.8181 0.5751
vn -0.1086 0.9144 0.3900
vn -0.0006 0.9099 0.4148
vn 0.1485 0.8236 0.5474
vn 0.1098 0.9144 0.3896
vn 0.4379 0.7608 0.4790
vn 0.2854 0.2854 0.9149
vn 0.1649 -0.6195 0.7675
vn -0.1140 -0.9930 0.0297
vn -0.2668 -0.7477 -0.6081
vn -0.5208 -0.6613 -0.5399
vn -0.3272 -0.9436 0.0506
vn -0.6243 -0.7683 0.1416
vn -0.7849 -0.4574 -0.4179
vn 0.0113 -0.6967 0.7173
vn 0.1893 -0.6922 0.6965
vn 0.6610 -0.1157 0.7414
vn 0.5583 0.0856 0.8252
vn 0.7524 0.5778 0.3162
vn -0.8041 -0.5385 0.2520
vn -0.9156 -0.2283 -0.3311
vn -0.9632 -0.0269 -0.2674
vn -0.8895 -0.2733 0.3661
vn -0.1590 -0.5765 0.8015
vn -0.2403 -0.4069 0.8813
vn 0.6300 -0.2336 0.7406
vn 0.5864 -0.2644 0.7656
vn 0.9294 0.3366 0.1514
vn 0.9919 0.1260 0.0125
vn -0.8901 0.0196 0.4554
vn -0.9622 0.1756 -0.2083
vn -0.2408 -0.1609 0.9571
vn 0.5862 -0.2144 0.7813
vn 0.8946 -0.1774 0.4100
vn -0.8053 0.3045 0.5087
vn -0.9143 0.3751 -0.1527
vn -0.1599 0.0251 0.9868
vn 0.6292 -0.2255 0.7438
vn 0.9261 -0.3690 -0.0786
vn -0.7761 0.6224 -0.1016
vn -0.6288 0.5579 0.5417
vn -0.5377 0.8390 -0.0840
vn -0.3213 0.7472 0.5818
vn -0.0014 0.1635 0.9865
vn 0.1999 0.1797 0.9632
vn 0.6490 -0.3426 0.6793
vn 0.5626 -0.5283 0.6359
vn 0.7349 -0.6737 -0.0775
vn 0.4435 -0.8958 -0.0281
vn -0.1197 0.8044 0.5819
vn -0.2869 0.9528 -0.0989
vn 0.1976 0.0761 0.9773
vn 0.3305 -0.7237 0.6059
vn 0.1771 -0.9842 -0.0088
vn 0.3526 -0.8853 -0.3032
vn 0.6255 -0.6621 -0.4128
vn 0.7839 -0.3500 -0.5128
vn 0.8168 0.0093 -0.5768
vn 0.8080 0.0191 -0.5888
vn 0.8056 0.3409 -0.4846
vn 0.7766 0.5788 -0.2489
vn 0.6360 0.7713 0.0236
vn 0.3648 0.8932 0.2627
vn 0.2979 0.4399 -0.8472
vn 0.4361 0.3599 -0.8248
vn -0.0000 0.3349 -0.9423
vn -0.2061 0.4889 -0.8476
vn -0.1229 0.3782 -0.9175
vn -0.2037 0.3581 -0.9112
vn -0.1962 0.4869 -0.8512
vn -0.2972 0.5009 -0.8129
vn -0.2752 0.5202 -0.8085
vn -0.1205 0.2083 -0.9706
vn -0.1491 0.2123 -0.9658
vn -0.2015 0.0683 -0.9771
vn -0.2596 0.0818 -0.9622
vn -0.3243 0.0787 -0.9427
vn -0.3134 0.0726 -0.9468
vn -0.2590 0.5444 -0.7978
vn -0.2504 0.5672 -0.7846
vn -0.1400 0.6628 -0.7355
vn -0.1383 0.6449 -0.7517
vn -0.2693 0.0437 -0.9621
vn -0.3055 0.1001 -0.9469
vn -0.1955 -0.0375 -0.9800
vn -0.1836 -0.0505 -0.9817
vn -0.2174 0.3896 -0.8950
vn -0.3493 0.3875 -0.8532
vn -0.2874 -0.0706 -0.9552
vn -0.4811 -0.0049 -0.8766
vn -0.2963 -0.3900 -0.8718
vn -0.5362 -0.3284 -0.7776
vn -0.7282 -0.1525 -0.6682
vn -0.6243 0.0870 -0.7763
vn -0.8013 0.0050 -0.5983
vn -0.5957 0.2291 -0.7698
vn -0.5191 0.2656 -0.8124
vn -0.7989 0.1267 -0.5879
vn -0.7937 0.2302 -0.5630
vn -0.5167 0.2471 -0.8198
vn -0.7890 0.3270 -0.5201
vn -0.5981 0.2407 -0.7644
vn -0.6095 0.3855 -0.6928
vn -0.7113 0.5132 -0.4803
vn -0.5519 0.6780 -0.4855
vn -0.5013 0.4850 -0.7166
vn -0.3232 0.7830 -0.5315
vn -0.2967 0.4908 -0.8192
vn -0.3971 0.2603 -0.8801
vn -0.2369 0.1374 -0.9618
vn -0.4496 0.2050 -0.8694
vn -0.3189 0.1128 -0.9411
vn -0.1897 0.2220 -0.9564
vn -0.1519 0.3724 -0.9156
vn -0.2979 0.4399 -0.8472
vn -0.4361 0.3599 -0.8248
vn -0.0002 -0.9825 -0.1863
vn 0.1226 -0.9699 -0.2102
vn -0.5557 0.2706 -0.7861
vn -0.4777 0.2688 -0.8364
vn -0.0621 0.3766 -0.9243
vn -0.2144 0.4929 -0.8433
vn -0.9005 -0.1783 -0.3966
vn -0.9397 0.0030 -0.3420
vn -0.3349 0.4285 -0.8392
vn -0.5703 0.1212 -0.8124
vn -0.2638 0.4993 -0.8253
vn -0.4165 0.0666 -0.9067
vn -0.7710 -0.4099 -0.4873
vn -0.4833 -0.6213 -0.6168
vn -0.0000 0.0913 -0.9958
vn 0.0000 0.6298 -0.7768
vn -0.0000 -0.6922 -0.7217
vn 0.2638 0.4993 -0.8253
vn 0.4165 0.0666 -0.9067
vn 0.5703 0.1212 -0.8124
vn 0.3349 0.4285 -0.8392
vn 0.7710 -0.4099 -0.4873
vn 0.4833 -0.6213 -0.6168
vn 0.5557 0.2706 -0.7861
vn 0.2144 0.4929 -0.8433
vn 0.0621 0.3766 -0.9243
vn 0.4777 0.2688 -0.8364
vn 0.9005 -0.1783 -0.3966
vn 0.9397 0.0030 -0.3420
vn 0.4777 0.2448 -0.8437
vn 0.0621 0.2047 -0.9769
vn 0.9397 0.1888 -0.2852
vn 0.5557 0.2153 -0.8030
vn 0.2144 0.0630 -0.9747
vn 0.9005 0.3696 -0.2291
vn 0.3349 0.1140 -0.9353
vn 0.5703 0.3538 -0.7413
vn 0.2638 0.0476 -0.9634
vn 0.4165 0.4518 -0.7889
vn 0.7710 0.6123 -0.1748
vn 0.4833 0.8600 -0.1639
vn 0.0000 0.4812 -0.8766
vn 0.0000 -0.0878 -0.9961
vn -0.2638 0.0476 -0.9634
vn -0.4165 0.4518 -0.7889
vn -0.5703 0.3538 -0.7413
vn -0.3349 0.1140 -0.9353
vn -0.7710 0.6123 -0.1748
vn -0.4833 0.8600 -0.1639
vn 0.0000 0.9774 -0.2112
vn -0.5557 0.2153 -0.8030
vn -0.2144 0.0630 -0.9747
vn -0.0621 0.2047 -0.9769
vn -0.4777 0.2448 -0.8437
vn -0.9397 0.1888 -0.2852
vn -0.9005 0.3696 -0.2291
vn -0.8040 -0.5378 0.2538
vn -0.8888 -0.2725 0.3684
vn -0.1588 -0.5726 0.8043
vn -0.2392 -0.4036 0.8831
vn 0.6268 -0.2312 0.7441
vn 0.5838 -0.2618 0.7685
vn 0.7524 -0.1256 0.6467
vn 0.7538 -0.1795 0.6321
vn 0.0000 -0.3366 0.9416
vn 0.6882 0.0214 0.7252
vn 0.4660 0.2173 0.8577
vn -0.0000 0.2102 0.9777
vn 0.4985 0.1190 0.8587
vn 0.6464 -0.0983 0.7566
vn 0.1617 -0.6846 0.7107
vn -0.0016 -0.6860 0.7276
vn -0.3098 -0.9497 0.0457
vn -0.6279 -0.7656 0.1400
vn 0.0000 -0.9998 -0.0187
vn 0.0000 -0.6405 0.7679
vn 0.0000 0.3053 0.9523
vn 0.3098 -0.9497 0.0457
vn 0.6279 -0.7656 0.1400
vn 0.0016 -0.6860 0.7276
vn -0.1617 -0.6846 0.7107
vn -0.6464 -0.0983 0.7566
vn -0.4985 0.1190 0.8587
vn -0.6882 0.0214 0.7252
vn -0.4660 0.2173 0.8577
vn -0.7524 -0.1256 0.6467
vn -0.7538 -0.1795 0.6321
vn -0.5838 -0.2618 0.7685
vn -0.6268 -0.2312 0.7441
vn 0.2392 -0.4036 0.8831
vn 0.1588 -0.5726 0.8043
vn 0.8888 -0.2725 0.3684
vn 0.8040 -0.5378 0.2538
vn 0.8888 0.0199 0.4578
vn 0.2392 -0.1592 0.9578
vn -0.5838 -0.2127 0.7836
vn -0.7538 -0.2047 0.6244
vn 0.0000 -0.2475 0.9689
vn 0.7538 -0.2047 0.6244
vn 0.5838 -0.2127 0.7836
vn -0.2392 -0.1592 0.9578
vn -0.8888 0.0199 0.4578
vn -0.8040 0.3039 0.5112
vn -0.1588 0.0250 0.9870
vn 0.6268 -0.2245 0.7462
vn 0.7524 -0.2575 0.6063
vn 0.6882 -0.4232 0.5893
vn 0.4660 -0.6598 0.5895
vn 0.0000 -0.7210 0.6930
vn 0.4985 -0.5788 0.6453
vn 0.6464 -0.3416 0.6823
vn 0.1617 0.1702 0.9721
vn -0.0016 0.1618 0.9868
vn -0.3098 0.7618 0.5689
vn -0.6279 0.5564 0.5442
vn 0.0000 0.8394 0.5436
vn 0.0000 0.1016 0.9948
vn -0.0000 -0.7856 0.6187
vn 0.3098 0.7618 0.5689
vn 0.6279 0.5564 0.5442
vn 0.0016 0.1618 0.9868
vn -0.1617 0.1702 0.9721
vn -0.6464 -0.3416 0.6823
vn -0.4985 -0.5788 0.6453
vn -0.6882 -0.4232 0.5893
vn -0.4660 -0.6598 0.5895
vn -0.7524 -0.2575 0.6063
vn -0.6268 -0.2245 0.7462
vn 0.1588 0.0250 0.9870
vn 0.8040 0.3039 0.5112
vn -0.6370 -0.2066 -0.7426
vn -0.3776 -0.7652 -0.5213
vn -0.8307 -0.5087 -0.2259
vn -0.9441 0.1265 -0.3044
vn -0.9214 0.2859 -0.2631
vn -0.4545 -0.5876 -0.6695
vn -0.4908 -0.7475 -0.4476
vn -0.4682 -0.8807 0.0710
vn -0.4743 -0.8787 0.0534
vn -0.7511 0.3686 -0.5477
vn -0.9450 0.3071 -0.1123
vn -0.8804 0.4718 0.0484
vn -0.6697 0.2171 -0.7102
vn -0.4855 -0.1934 -0.8526
vn -0.5176 -0.1036 -0.8493
vn -0.5456 -0.5693 -0.6150
vn -0.7438 -0.6167 -0.2577
vn -0.6490 -0.7451 -0.1539
vn -0.9250 -0.3795 -0.0168
vn -0.8419 -0.4938 0.2175
vn -0.9938 -0.0588 0.0944
vn -0.9699 -0.0352 0.2410
vn -0.8910 -0.1113 -0.4402
vn -0.4206 -0.8214 -0.3852
vn -0.0000 -0.8928 -0.4504
vn 0.0000 -0.9997 -0.0249
vn -0.6593 -0.4530 -0.6001
vn -0.4925 -0.1002 -0.8645
vn -0.0000 -0.0658 -0.9978
vn -0.0000 -0.0248 -0.9997
vn -0.0000 -0.5504 -0.8349
vn -0.4987 -0.1594 -0.8520
vn 0.0000 -0.2904 -0.9569
vn -0.7038 0.2077 -0.6793
vn -0.3798 0.0034 -0.9250
vn -0.0000 -0.0463 -0.9989
vn -0.5506 0.2441 -0.7983
vn -0.0000 0.2924 -0.9563
vn -0.9483 -0.3135 -0.0495
vn -0.8643 0.1471 -0.4810
vn -0.6447 -0.4477 -0.6196
vn -0.6349 -0.4562 -0.6235
vn -0.7880 -0.1800 0.5887
vn -0.9483 0.2875 0.1343
vn -0.6447 0.7176 -0.2634
vn -0.6349 0.7269 -0.2618
vn 0.3776 -0.7652 -0.5213
vn 0.6370 -0.2066 -0.7426
vn 0.8307 -0.5087 -0.2259
vn 0.9441 0.1265 -0.3044
vn 0.9214 0.2859 -0.2631
vn 0.4545 -0.5876 -0.6695
vn 0.4908 -0.7475 -0.4476
vn 0.4743 -0.8787 0.0534
vn 0.4682 -0.8807 0.0710
vn 0.7511 0.3686 -0.5477
vn 0.6697 0.2171 -0.7102
vn 0.8804 0.4717 0.0484
vn 0.9450 0.3071 -0.1123
vn 0.4855 -0.1934 -0.8526
vn 0.5176 -0.1036 -0.8493
vn 0.5456 -0.5693 -0.6150
vn 0.7438 -0.6167 -0.2577
vn 0.6490 -0.7451 -0.1540
vn 0.9250 -0.3795 -0.0168
vn 0.8419 -0.4938 0.2175
vn 0.9938 -0.0588 0.0944
vn 0.9699 -0.0352 0.2410
vn 0.8910 -0.1113 -0.4402
vn 0.4206 -0.8214 -0.3852
vn 0.6593 -0.4530 -0.6001
vn 0.4925 -0.1002 -0.8645
vn 0.4987 -0.1594 -0.8520
vn 0.7038 0.2077 -0.6793
vn 0.3798 0.0034 -0.9250
vn 0.5506 0.2441 -0.7983
vn 0.9483 -0.3135 -0.0495
vn 0.6349 -0.4562 -0.6235
vn 0.6447 -0.4477 -0.6196
vn 0.8643 0.1471 -0.4810
vn 0.9483 0.2875 0.1343
vn 0.6447 0.7176 -0.2634
vn 0.7880 -0.1800 0.5887
vn 0.6349 0.7269 -0.2618
vn -0.3776 0.9259 -0.0043
vn -0.6370 0.5866 -0.5001
vn -0.8307 0.5481 0.0972
vn -0.9441 0.0654 -0.3231
vn -0.9214 -0.0899 -0.3780
vn -0.4545 0.8615 -0.2265
vn -0.4908 0.8700 0.0470
vn -0.4743 0.6986 0.5357
vn -0.4682 0.6904 0.5514
vn -0.7511 0.0007 -0.6602
vn -0.8804 -0.4182 -0.2237
vn -0.9450 -0.1918 -0.2648
vn -0.4855 0.6371 -0.5986
vn -0.5176 0.5608 -0.6462
vn -0.5456 0.8159 -0.1915
vn -0.7438 0.6554 0.1313
vn -0.6490 0.7038 0.2890
vn -0.9250 0.3240 0.1983
vn -0.8419 0.2878 0.4565
vn -0.9938 -0.0041 0.1112
vn -0.9699 -0.1056 0.2195
vn -0.8910 0.3384 -0.3027
vn -0.4206 0.8964 0.1399
vn 0.0000 0.8427 0.5384
vn -0.0000 0.9920 0.1259
vn -0.6593 0.7111 -0.2442
vn -0.4925 0.5665 -0.6607
vn -0.0000 0.6125 -0.7905
vn -0.0000 0.5796 -0.8149
vn 0.0000 0.9232 -0.3844
vn -0.4987 0.6086 -0.6172
vn -0.0000 0.7758 -0.6309
vn -0.3798 0.5145 -0.7688
vn 0.0000 0.5969 -0.8023
vn 0.6370 0.5866 -0.5001
vn 0.3776 0.9259 -0.0043
vn 0.8307 0.5481 0.0972
vn 0.9441 0.0654 -0.3231
vn 0.9214 -0.0899 -0.3780
vn 0.4545 0.8615 -0.2265
vn 0.4908 0.8700 0.0470
vn 0.4682 0.6904 0.5514
vn 0.4743 0.6986 0.5357
vn 0.7511 0.0007 -0.6602
vn 0.9450 -0.1918 -0.2648
vn 0.8804 -0.4182 -0.2237
vn 0.4855 0.6371 -0.5986
vn 0.5176 0.5608 -0.6462
vn 0.5456 0.8159 -0.1915
vn 0.7438 0.6554 0.1313
vn 0.6490 0.7038 0.2890
vn 0.9250 0.3240 0.1983
vn 0.8419 0.2878 0.4565
vn 0.9938 -0.0041 0.1112
vn 0.9699 -0.1056 0.2195
vn 0.8910 0.3384 -0.3027
vn 0.4206 0.8964 0.1399
vn 0.6593 0.7111 -0.2442
vn 0.4925 0.5665 -0.6607
vn 0.4987 0.6086 -0.6172
vn 0.3798 0.5145 -0.7688
vn -0.3338 -0.5059 0.7954
vn -0.3342 -0.5224 0.7844
vn -0.3526 -0.5205 0.7777
vn -0.3559 -0.5045 0.7866
vn -0.3062 -0.4867 0.8182
vn -0.3326 -0.4832 0.8099
vn -0.2858 -0.4716 0.8342
vn -0.3183 -0.4861 0.8139
vn -0.3221 -0.4989 0.8045
vn -0.2485 -0.4688 0.8476
vn -0.2797 -0.4637 0.8407
vn -0.1495 -0.4551 0.8778
vn -0.1831 -0.4502 0.8740
vn -0.1240 -0.4437 0.8876
vn -0.2232 -0.4570 0.8610
vn -0.2054 -0.4342 0.8771
vn -0.2779 -0.4428 0.8525
vn -0.1025 -0.4226 0.9005
vn -0.0848 -0.3962 0.9142
vn -0.1958 -0.4038 0.8936
vn -0.2852 -0.4027 0.8698
vn -0.3202 -0.4469 0.8353
vn -0.3411 -0.4410 0.8302
vn -0.3571 -0.3844 0.8513
vn -0.4319 -0.3416 0.8347
vn -0.0205 -0.4485 0.8935
vn -0.0503 -0.4458 0.8937
vn 0.1127 -0.4484 0.8867
vn 0.0853 -0.4477 0.8901
vn 0.1306 -0.4324 0.8922
vn 0.0007 -0.4355 0.9002
vn 0.2399 -0.4507 0.8598
vn 0.2080 -0.4496 0.8686
vn 0.3430 -0.4416 0.8291
vn 0.3000 -0.4473 0.8426
vn 0.3789 -0.4229 0.8231
vn 0.2609 -0.4317 0.8635
vn 0.2840 -0.3988 0.8720
vn 0.1495 -0.4049 0.9021
vn 0.4143 -0.3870 0.8237
vn 0.4536 -0.3398 0.8239
vn 0.3098 -0.3594 0.8803
vn 0.1708 -0.3722 0.9123
vn 0.0204 -0.4123 0.9108
vn 0.0399 -0.3847 0.9222
vn -0.0722 -0.3532 0.9328
vn -0.1934 -0.3599 0.9127
vn -0.1935 -0.3114 0.9304
vn -0.0622 -0.3062 0.9499
vn -0.3107 -0.3076 0.8994
vn -0.2984 -0.3574 0.8850
vn -0.1972 -0.2549 0.9466
vn -0.0554 -0.2505 0.9665
vn -0.2029 -0.1901 0.9606
vn -0.0511 -0.1854 0.9813
vn -0.3388 -0.1872 0.9221
vn -0.3245 -0.2504 0.9122
vn -0.4417 -0.2369 0.8653
vn -0.4184 -0.2905 0.8605
vn -0.4630 -0.1773 0.8684
vn -0.5788 -0.1589 0.7998
vn -0.5499 -0.2144 0.8072
vn -0.6527 -0.1853 0.7346
vn -0.6264 -0.2188 0.7482
vn -0.6956 -0.1871 0.6936
vn -0.6702 -0.2057 0.7131
vn -0.7076 -0.1697 0.6859
vn -0.6827 -0.1867 0.7064
vn -0.7056 -0.1526 0.6920
vn -0.7308 -0.1373 0.6687
vn -0.6462 -0.2228 0.7299
vn -0.7363 -0.1532 0.6590
vn -0.7590 -0.1239 0.6392
vn -0.6005 -0.2402 0.7627
vn -0.5693 -0.2609 0.7797
vn -0.4847 -0.2961 0.8230
vn -0.5205 -0.2589 0.8137
vn -0.7217 -0.1568 0.6742
vn -0.6799 -0.1349 0.7208
vn -0.7478 -0.1112 0.6545
vn -0.7629 -0.1264 0.6340
vn -0.7835 -0.1016 0.6130
vn -0.7872 -0.0865 0.6106
vn -0.8015 -0.0674 0.5942
vn -0.3926 -0.3391 0.8549
vn -0.8135 -0.0484 0.5795
vn -0.8037 -0.0618 0.5917
vn -0.8256 -0.0300 0.5634
vn -0.8157 -0.0386 0.5772
vn -0.8332 -0.0167 0.5527
vn -0.8229 -0.0210 0.5677
vn -0.8370 -0.0074 0.5471
vn -0.8264 -0.0076 0.5630
vn -0.7794 -0.0494 0.6246
vn -0.7877 -0.0259 0.6155
vn -0.7918 -0.0068 0.6107
vn -0.7661 -0.0790 0.6378
vn -0.6996 -0.0953 0.7082
vn -0.7138 -0.0594 0.6978
vn -0.6001 -0.1099 0.7923
vn -0.6138 -0.0678 0.7866
vn -0.7229 -0.0299 0.6904
vn -0.7275 -0.0049 0.6861
vn -0.6223 -0.0324 0.7821
vn -0.6266 -0.0016 0.7793
vn -0.4970 -0.0323 0.8672
vn -0.4997 0.0034 0.8662
vn -0.4905 -0.0730 0.8684
vn -0.3572 -0.0741 0.9311
vn -0.3608 -0.0292 0.9322
vn -0.3614 0.0103 0.9323
vn -0.4794 -0.1205 0.8693
vn -0.3500 -0.1261 0.9282
vn -0.2076 -0.1260 0.9701
vn -0.2101 -0.0710 0.9751
vn -0.0484 -0.1204 0.9915
vn -0.0462 -0.0641 0.9969
vn -0.2105 -0.0232 0.9773
vn -0.2091 0.0191 0.9777
vn -0.0439 -0.0148 0.9989
vn -0.0410 0.0291 0.9987
vn 0.1241 -0.0059 0.9923
vn 0.1271 0.0387 0.9911
vn 0.2796 0.0013 0.9601
vn 0.2763 -0.0462 0.9600
vn 0.4251 -0.0397 0.9043
vn 0.4197 -0.0878 0.9034
vn 0.5662 -0.0802 0.8203
vn 0.5577 -0.1268 0.8203
vn 0.4088 -0.1406 0.9017
vn 0.5425 -0.1761 0.8214
vn 0.3908 -0.1959 0.8994
vn 0.2588 -0.1571 0.9531
vn 0.2413 -0.2174 0.9458
vn 0.1065 -0.1733 0.9791
vn 0.0937 -0.2369 0.9670
vn 0.0774 -0.2923 0.9532
vn 0.2192 -0.2723 0.9369
vn 0.0589 -0.3399 0.9386
vn 0.1948 -0.3223 0.9264
vn 0.3387 -0.3022 0.8910
vn 0.3667 -0.2497 0.8962
vn 0.4911 -0.2806 0.8247
vn 0.5202 -0.2271 0.8233
vn 0.6499 -0.2072 0.7312
vn 0.6681 -0.1612 0.7264
vn 0.7367 -0.1913 0.6486
vn 0.7514 -0.1519 0.6421
vn 0.7945 -0.1771 0.5808
vn 0.7738 -0.2041 0.5996
vn 0.8244 -0.1771 0.5377
vn 0.8108 -0.1641 0.5618
vn 0.7355 -0.2307 0.6370
vn 0.8342 -0.1658 0.5260
vn 0.7126 -0.2326 0.6619
vn 0.6748 -0.2783 0.6835
vn 0.8062 -0.1460 0.5733
vn 0.8418 -0.1425 0.5207
vn 0.8131 -0.1117 0.5714
vn 0.8474 -0.1112 0.5192
vn 0.7601 -0.1133 0.6399
vn 0.6795 -0.1178 0.7242
vn 0.6229 -0.2569 0.7389
vn 0.5853 -0.3121 0.7484
vn 0.6856 -0.0765 0.7240
vn 0.5698 -0.0365 0.8210
vn 0.4270 0.0055 0.9042
vn 0.5701 0.0062 0.8216
vn 0.4271 0.0497 0.9028
vn 0.5683 0.0496 0.8213
vn 0.2815 0.0459 0.9585
vn 0.6872 0.0038 0.7265
vn 0.6847 0.0464 0.7273
vn 0.6877 -0.0365 0.7250
vn 0.7665 -0.0380 0.6412
vn 0.7661 0.0008 0.6428
vn 0.7640 0.0428 0.6438
vn 0.7647 -0.0755 0.6399
vn 0.8171 -0.0758 0.5715
vn 0.8189 -0.0396 0.5725
vn 0.8513 -0.0760 0.5191
vn 0.8537 -0.0402 0.5192
vn 0.8191 -0.0014 0.5736
vn 0.8179 0.0404 0.5740
vn 0.8547 -0.0022 0.5191
vn 0.8545 0.0400 0.5179
vn 0.7606 0.0856 0.6435
vn 0.6811 0.0890 0.7268
vn 0.5657 0.0924 0.8195
vn 0.5622 0.1311 0.8165
vn 0.4252 0.1315 0.8955
vn 0.4266 0.0925 0.8997
vn 0.2839 0.1288 0.9502
vn 0.2832 0.0887 0.9550
vn 0.4226 0.1661 0.8909
vn 0.5583 0.1650 0.8131
vn 0.4184 0.1955 0.8870
vn 0.5541 0.1935 0.8097
vn 0.2791 0.1983 0.9396
vn 0.2829 0.1656 0.9447
vn 0.1335 0.1627 0.9776
vn 0.1329 0.1229 0.9835
vn 0.1309 0.2001 0.9710
vn -0.0318 0.1987 0.9795
vn -0.0316 0.1567 0.9871
vn -0.1968 0.1921 0.9615
vn -0.1991 0.1469 0.9689
vn -0.0339 0.1140 0.9929
vn -0.2026 0.1027 0.9739
vn -0.0374 0.0713 0.9968
vn -0.2062 0.0600 0.9767
vn -0.3568 0.0904 0.9298
vn -0.3598 0.0490 0.9317
vn -0.3484 0.1807 0.9198
vn -0.3527 0.1344 0.9260
vn -0.4929 0.1193 0.8619
vn -0.4972 0.0773 0.8642
vn -0.4872 0.1647 0.8576
vn -0.6145 0.1438 0.7757
vn -0.6212 0.1015 0.7771
vn -0.7149 0.1188 0.6890
vn -0.7222 0.0816 0.6868
vn -0.7782 0.0928 0.6211
vn -0.7858 0.0617 0.6155
vn -0.8118 0.0672 0.5800
vn -0.8194 0.0426 0.5716
vn -0.8249 0.0472 0.5633
vn -0.8317 0.0282 0.5545
vn -0.8244 0.0223 0.5656
vn -0.8360 0.0130 0.5486
vn -0.7905 0.0350 0.6114
vn -0.8267 0.0057 0.5626
vn -0.8378 0.0013 0.5460
vn -0.7926 0.0123 0.6097
vn -0.7286 0.0201 0.6846
vn -0.7268 0.0488 0.6851
vn -0.6275 0.0290 0.7781
vn -0.6256 0.0633 0.7776
vn -0.4996 0.0387 0.8654
vn 0.9860 -0.1665 -0.0098
vn 0.9840 -0.1730 0.0420
vn 0.9826 -0.1795 0.0477
vn 0.9848 -0.1736 -0.0055
vn 0.9869 -0.1535 -0.0496
vn 0.9860 -0.1611 -0.0435
vn 0.9896 -0.1379 -0.0399
vn 0.9888 -0.1495 0.0018
vn 0.9863 -0.1556 0.0539
vn 0.9879 -0.1320 -0.0809
vn 0.9874 -0.1406 -0.0728
vn 0.9895 -0.1027 -0.1021
vn 0.9892 -0.1124 -0.0942
vn 0.9912 -0.0915 -0.0955
vn 0.9902 -0.1183 -0.0736
vn 0.9934 -0.0984 -0.0592
vn 0.9933 -0.1135 -0.0239
vn 0.9937 -0.0776 -0.0811
vn 0.9956 -0.0652 -0.0666
vn 0.9963 -0.0742 -0.0441
vn 0.9965 -0.0828 -0.0077
vn 0.9923 -0.1226 0.0178
vn 0.9894 -0.1280 0.0682
vn 0.9955 -0.0886 0.0332
vn 0.9924 -0.0925 0.0808
vn 0.9910 -0.0689 -0.1150
vn 0.9909 -0.0789 -0.1094
vn 0.9922 -0.0316 -0.1206
vn 0.9922 -0.0410 -0.1178
vn 0.9934 -0.0243 -0.1121
vn 0.9923 -0.0603 -0.1078
vn 0.9927 0.0099 -0.1206
vn 0.9927 0.0018 -0.1204
vn 0.9913 0.0593 -0.1175
vn 0.9915 0.0527 -0.1189
vn 0.9923 0.0643 -0.1063
vn 0.9938 0.0161 -0.1100
vn 0.9957 0.0221 -0.0902
vn 0.9954 -0.0166 -0.0939
vn 0.9939 0.0688 -0.0864
vn 0.9957 0.0721 -0.0576
vn 0.9978 0.0270 -0.0603
vn 0.9979 -0.0105 -0.0638
vn 0.9944 -0.0502 -0.0929
vn 0.9969 -0.0428 -0.0661
vn 0.9875 0.1099 -0.1131
vn 0.9876 0.1062 -0.1154
vn 0.9817 0.1539 -0.1122
vn 0.9815 0.1529 -0.1154
vn 0.9828 0.1541 -0.1021
vn 0.9883 0.1130 -0.1024
vn 0.9743 0.1918 -0.1184
vn 0.9734 0.1933 -0.1227
vn 0.9649 0.2269 -0.1319
vn 0.9636 0.2306 -0.1351
vn 0.9678 0.2207 -0.1212
vn 0.9760 0.1888 -0.1083
vn 0.9783 0.1861 -0.0915
vn 0.9844 0.1541 -0.0853
vn 0.9711 0.2151 -0.1030
vn 0.9745 0.2108 -0.0771
vn 0.9806 0.1841 -0.0679
vn 0.9862 0.1539 -0.0615
vn 0.9897 0.1157 -0.0841
vn 0.9914 0.1173 -0.0581
vn 0.9641 0.2382 -0.1178
vn 0.9685 0.2330 -0.0876
vn 0.9594 0.2457 -0.1387
vn 0.9483 0.2754 -0.1576
vn 0.9549 0.2655 -0.1329
vn 0.9609 0.2593 -0.0974
vn 0.9426 0.2868 -0.1713
vn 0.9553 0.2544 -0.1506
vn 0.9537 0.2600 -0.1514
vn 0.9404 0.2937 -0.1716
vn 0.9259 0.3274 -0.1885
vn 0.9343 0.3128 -0.1708
vn 0.9231 0.3348 -0.1892
vn 0.9014 0.3865 -0.1953
vn 0.9049 0.3798 -0.1920
vn 0.9176 0.3598 -0.1690
vn 0.9439 0.2981 -0.1422
vn 0.9513 0.2897 -0.1051
vn 0.9323 0.3353 -0.1357
vn 0.9425 0.3158 -0.1091
vn 0.9228 0.3685 -0.1129
vn 0.9407 0.3286 -0.0849
vn 0.9181 0.3889 -0.0761
vn 0.8954 0.4311 -0.1112
vn 0.8964 0.4369 -0.0747
vn 0.9180 0.3947 -0.0400
vn 0.9012 0.4313 -0.0428
vn 0.9198 0.3921 -0.0104
vn 0.9218 0.3874 0.0140
vn 0.9383 0.3436 0.0403
vn 0.9369 0.3415 0.0751
vn 0.9226 0.3825 0.0506
vn 0.9330 0.3401 0.1174
vn 0.9206 0.3786 0.0956
vn 0.9259 0.3397 0.1654
vn 0.9149 0.3762 0.1465
vn 0.9096 0.4150 0.0188
vn 0.9101 0.4089 0.0669
vn 0.9065 0.4045 0.1214
vn 0.9386 0.3447 0.0148
vn 0.9061 0.4227 -0.0194
vn 0.9520 0.3009 0.0562
vn 0.9533 0.3006 0.0291
vn 0.9621 0.2651 0.0647
vn 0.9590 0.2654 0.0993
vn 0.9665 0.2339 0.1057
vn 0.9613 0.2339 0.1453
vn 0.9670 0.2049 0.1514
vn 0.9596 0.2042 0.1937
vn 0.9537 0.2343 0.1885
vn 0.9722 0.2058 0.1119
vn 0.9539 0.2658 0.1391
vn 0.9461 0.2667 0.1835
vn 0.9697 0.2339 0.0704
vn 0.9755 0.2065 0.0759
vn 0.9715 0.2335 0.0397
vn 0.9774 0.2069 0.0436
vn 0.9638 0.2642 0.0359
vn 0.9447 0.3008 0.1310
vn 0.9369 0.3016 0.1769
vn 0.9494 0.3007 0.0904
vn 0.9826 0.1792 0.0497
vn 0.9806 0.1776 0.0832
vn 0.9873 0.1476 0.0586
vn 0.9850 0.1451 0.0929
vn 0.9914 0.1111 0.0695
vn 0.9887 0.1079 0.1045
vn 0.9944 0.0683 0.0804
vn 0.9911 0.0649 0.1166
vn 0.9813 0.1424 0.1296
vn 0.9844 0.1044 0.1415
vn 0.9861 0.0612 0.1542
vn 0.9771 0.1759 0.1197
vn 0.9718 0.1741 0.1590
vn 0.9757 0.1397 0.1686
vn 0.9644 0.1725 0.2005
vn 0.9682 0.1371 0.2094
vn 0.9784 0.1009 0.1802
vn 0.9796 0.0573 0.1928
vn 0.9706 0.0975 0.2202
vn 0.9713 0.0534 0.2319
vn 0.9860 0.0176 0.1656
vn 0.9917 0.0214 0.1265
vn 0.9958 0.0245 0.0878
vn 0.9957 -0.0156 0.0908
vn 0.9909 -0.0186 0.1333
vn 0.9946 -0.0539 0.0889
vn 0.9891 -0.0569 0.1359
vn 0.9865 -0.0955 0.1330
vn 0.9844 -0.0222 0.1747
vn 0.9817 -0.0602 0.1808
vn 0.9783 -0.0983 0.1826
vn 0.9788 0.0136 0.2044
vn 0.9764 -0.0261 0.2145
vn 0.9700 0.0097 0.2427
vn 0.9672 -0.0301 0.2523
vn 0.9728 -0.0639 0.2225
vn 0.9684 -0.1015 0.2277
vn 0.9631 -0.0677 0.2604
vn 0.9581 -0.1050 0.2667
vn 0.9745 -0.1334 0.1802
vn 0.9835 -0.1312 0.1249
vn 0.9807 -0.1588 0.1139
vn 0.9789 -0.1760 0.1039
vn 0.9770 -0.1817 0.1120
vn 0.9714 -0.1603 0.1750
vn 0.9694 -0.1771 0.1700
vn 0.9664 -0.1830 0.1804
vn 0.9637 -0.1358 0.2300
vn 0.9595 -0.1619 0.2306
vn 0.9524 -0.1389 0.2713
vn 0.9473 -0.1643 0.2751
vn 0.9564 -0.1781 0.2314
vn 0.9522 -0.1845 0.2434
vn 0.9431 -0.1799 0.2796
vn 0.9383 -0.1867 0.2912
vn 0.9267 -0.1808 0.3295
vn 0.9225 -0.1858 0.3382
vn 0.9299 -0.1662 0.3281
vn 0.9021 -0.1650 0.3987
vn 0.9024 -0.1777 0.3925
vn 0.9013 -0.1790 0.3946
vn 0.9350 -0.1417 0.3252
vn 0.9408 -0.1084 0.3210
vn 0.9461 -0.0715 0.3160
vn 0.9502 -0.0340 0.3097
vn 0.9201 -0.0373 0.3900
vn 0.9162 -0.0741 0.3937
vn 0.9114 -0.1103 0.3965
vn 0.9533 0.0057 0.3021
vn 0.9548 0.0494 0.2932
vn 0.9545 0.0939 0.2830
vn 0.9525 0.1344 0.2734
vn 0.9225 0.1310 0.3632
vn 0.9242 0.0898 0.3711
vn 0.9243 0.0452 0.3789
vn 0.9489 0.1710 0.2653
vn 0.9440 0.2040 0.2592
vn 0.9379 0.2355 0.2546
vn 0.9145 0.2033 0.3498
vn 0.9086 0.2362 0.3444
vn 0.8776 0.2014 0.4350
vn 0.8723 0.2354 0.4285
vn 0.8426 0.1987 0.5005
vn 0.8383 0.2334 0.4927
vn 0.8002 0.2301 0.5539
vn 0.8039 0.1958 0.5617
vn 0.8466 0.1631 0.5066
vn 0.8077 0.1616 0.5670
vn 0.7483 0.1936 0.6345
vn 0.7521 0.1615 0.6390
vn 0.6683 0.1927 0.7185
vn 0.6722 0.1628 0.7223
vn 0.6767 0.1281 0.7251
vn 0.7564 0.1253 0.6420
vn 0.8153 0.0836 0.5730
vn 0.8117 0.1241 0.5707
vn 0.8529 0.0836 0.5152
vn 0.8502 0.1248 0.5115
vn 0.8853 0.1273 0.4473
vn 0.8820 0.1657 0.4412
vn 0.9192 0.1688 0.3559
vn 0.8873 0.0859 0.4532
vn 0.8878 0.0417 0.4583
vn 0.9228 0.0018 0.3852
vn 0.8870 -0.0010 0.4617
vn 0.8850 -0.0394 0.4639
vn 0.8819 -0.0755 0.4653
vn 0.8776 -0.1108 0.4663
vn 0.9059 -0.1424 0.3989
vn 0.8724 -0.1417 0.4677
vn 0.8684 -0.1627 0.4684
vn 0.8670 -0.1747 0.4667
vn 0.8680 -0.1671 0.4676
vn 0.7505 -0.1553 0.6423
vn 0.6788 -0.2475 0.6914
vn 0.6731 -0.1402 0.7261
vn 0.6041 -0.2460 0.7580
vn 0.5622 -0.0944 0.8216
vn 0.4927 -0.2119 0.8440
vn 0.4246 -0.0327 0.9048
vn 0.4460 -0.2580 0.8571
vn 0.5632 -0.3486 0.7492
vn 0.4866 -0.3504 0.8003
vn 0.4339 -0.3813 0.8163
vn 0.6237 -0.3219 0.7123
vn 0.5395 -0.3642 0.7591
vn 0.4903 -0.4002 0.7742
vn 0.4351 -0.4158 0.7986
vn 0.3854 -0.4369 0.8128
vn 0.2700 -0.0984 0.9578
vn 0.1150 -0.1102 0.9872
vn 0.1204 -0.0550 0.9912
vn 0.1303 0.0813 0.9881
vn -0.7794 0.1886 0.5975
vn -0.7700 0.2480 0.5878
vn -0.7825 0.2345 0.5768
vn -0.7934 0.1679 0.5851
vn -0.7904 0.1393 0.5965
vn -0.8046 0.1150 0.5825
vn -0.7567 0.1684 0.6318
vn -0.7455 0.2116 0.6320
vn -0.7363 0.2593 0.6250
vn -0.8017 0.0989 0.5894
vn -0.8155 0.0749 0.5739
vn -0.7681 0.1287 0.6272
vn -0.7053 0.1585 0.6910
vn -0.6943 0.1980 0.6919
vn -0.6060 0.1867 0.7732
vn -0.5965 0.2266 0.7700
vn -0.6836 0.2367 0.6904
vn -0.6744 0.2757 0.6850
vn -0.5868 0.2630 0.7658
vn -0.5786 0.2964 0.7599
vn -0.4657 0.2869 0.8371
vn -0.4573 0.3188 0.8302
vn -0.4735 0.2504 0.8444
vn -0.3406 0.2675 0.9013
vn -0.3361 0.3052 0.8910
vn -0.3301 0.3392 0.8809
vn -0.4807 0.2097 0.8515
vn -0.3445 0.2260 0.9112
vn -0.1962 0.2361 0.9517
vn -0.1967 0.2777 0.9403
vn -0.0353 0.2398 0.9702
vn -0.0408 0.2808 0.9589
vn -0.1968 0.3171 0.9278
vn -0.1951 0.3541 0.9146
vn -0.0466 0.3216 0.9457
vn -0.0506 0.3624 0.9307
vn 0.1049 0.3189 0.9420
vn 0.0962 0.3638 0.9265
vn 0.2502 0.3132 0.9161
vn 0.2615 0.2694 0.9268
vn 0.4030 0.2632 0.8766
vn 0.4118 0.2256 0.8829
vn 0.5492 0.2230 0.8054
vn 0.5427 0.2606 0.7984
vn 0.2717 0.2310 0.9342
vn 0.3926 0.3084 0.8665
vn 0.5343 0.3064 0.7878
vn 0.3815 0.3607 0.8511
vn 0.5228 0.3590 0.7732
vn 0.2395 0.3623 0.9008
vn 0.1243 0.2370 0.9635
vn 0.1150 0.2766 0.9541
vn 0.6526 0.3061 0.6931
vn 0.6415 0.3555 0.6798
vn 0.7333 0.3064 0.6070
vn 0.7404 0.2641 0.6180
vn 0.7952 0.2672 0.5443
vn 0.8325 0.2694 0.4842
vn 0.7450 0.2264 0.6275
vn 0.7878 0.3067 0.5341
vn 0.8245 0.3065 0.4756
vn 0.7774 0.3466 0.5250
vn 0.8147 0.3435 0.4673
vn 0.7223 0.3510 0.5958
vn 0.6599 0.2615 0.7044
vn 0.6647 0.2236 0.7129
vn 0.7611 0.3944 0.5150
vn 0.7059 0.4022 0.5831
vn 0.6259 0.4090 0.6640
vn 0.6863 0.4567 0.5660
vn 0.6090 0.4615 0.6451
vn 0.6631 0.5177 0.5406
vn 0.7086 0.5140 0.4835
vn 0.6544 0.6088 0.4484
vn 0.6545 0.6011 0.4585
vn 0.5796 0.7254 0.3714
vn 0.5951 0.7152 0.3666
vn 0.6321 0.5928 0.4991
vn 0.5916 0.6810 0.4316
vn 0.5701 0.5808 0.5811
vn 0.5421 0.6577 0.5230
vn 0.4634 0.5779 0.6717
vn 0.4394 0.6512 0.6188
vn 0.5353 0.7712 0.3444
vn 0.4922 0.7485 0.4444
vn 0.3966 0.7398 0.5436
vn 0.5251 0.8095 0.2628
vn 0.5324 0.8011 0.2733
vn 0.4537 0.8691 0.1970
vn 0.4469 0.8540 0.2662
vn 0.4557 0.8718 0.1794
vn 0.3458 0.9260 0.1517
vn 0.3370 0.9262 0.1688
vn 0.2210 0.9577 0.1841
vn 0.2113 0.9490 0.2341
vn 0.1135 0.9607 0.2533
vn 0.1120 0.9393 0.3243
vn 0.0315 0.9409 0.3372
vn 0.0367 0.9031 0.4278
vn -0.0477 0.9013 0.4307
vn -0.0488 0.9391 0.3402
vn -0.1305 0.8951 0.4264
vn -0.1268 0.9336 0.3350
vn -0.2092 0.8861 0.4136
vn -0.2062 0.9262 0.3156
vn -0.2925 0.8736 0.3890
vn -0.2944 0.9111 0.2886
vn -0.3633 0.8592 0.3602
vn -0.4000 0.8724 0.2808
vn -0.4991 0.8094 0.3095
vn -0.4178 0.8027 0.4257
vn -0.5838 0.7106 0.3927
vn -0.6331 0.7302 0.2570
vn -0.6884 0.6317 0.3565
vn -0.6984 0.6677 0.2575
vn -0.7327 0.5763 0.3621
vn -0.7363 0.5949 0.3224
vn -0.6989 0.6815 0.2170
vn -0.7142 0.5351 0.4512
vn -0.6397 0.7517 0.1602
vn -0.6424 0.7560 0.1259
vn -0.6322 0.6030 0.4865
vn -0.6525 0.5066 0.5636
vn -0.5199 0.5968 0.6111
vn -0.5418 0.5045 0.6723
vn -0.4805 0.7032 0.5241
vn -0.5535 0.8269 0.1000
vn -0.5626 0.8234 0.0741
vn -0.5414 0.8199 0.1863
vn -0.4324 0.8843 0.1759
vn -0.4506 0.8869 0.1016
vn -0.4627 0.8832 0.0763
vn -0.3096 0.9289 0.2034
vn -0.2115 0.9471 0.2413
vn -0.1270 0.9556 0.2659
vn -0.0498 0.9611 0.2718
vn -0.1299 0.9661 0.2233
vn -0.2216 0.9554 0.1954
vn -0.0506 0.9720 0.2297
vn -0.0506 0.9753 0.2152
vn -0.1319 0.9693 0.2073
vn -0.2286 0.9576 0.1754
vn -0.3268 0.9337 0.1462
vn -0.3383 0.9332 0.1208
vn 0.0294 0.9627 0.2689
vn 0.0296 0.9735 0.2270
vn 0.1190 0.9704 0.2102
vn 0.2293 0.9581 0.1714
vn 0.1244 0.9722 0.1983
vn 0.0312 0.9764 0.2135
vn -0.4248 0.4473 0.7871
vn -0.4090 0.5240 0.7471
vn -0.5545 0.4282 0.7136
vn -0.4370 0.3933 0.8089
vn -0.5628 0.3723 0.7380
vn -0.3112 0.4169 0.8540
vn -0.2990 0.4715 0.8296
vn -0.2852 0.5485 0.7860
vn -0.4478 0.3520 0.8220
vn -0.5710 0.3293 0.7520
vn -0.3217 0.3743 0.8697
vn -0.1904 0.3926 0.8998
vn -0.1834 0.4372 0.8804
vn -0.0515 0.4047 0.9130
vn -0.0499 0.4515 0.8909
vn -0.1750 0.4927 0.8524
vn -0.1668 0.5685 0.8056
vn -0.0473 0.5076 0.8603
vn -0.0456 0.5814 0.8123
vn -0.6677 0.3136 0.6752
vn -0.7302 0.3092 0.6092
vn -0.7632 0.3138 0.5648
vn -0.7748 0.3102 0.5509
vn -0.7269 0.3719 0.5772
vn -0.7578 0.3931 0.5208
vn -0.7690 0.4004 0.4983
vn -0.6633 0.3636 0.6541
vn -0.6599 0.4264 0.6187
vn -0.7237 0.4470 0.5258
vn -0.7498 0.4821 0.4532
vn -0.7582 0.4979 0.4210
vn -0.3869 0.6132 0.6887
vn -0.2685 0.6374 0.7222
vn -0.2474 0.7330 0.6337
vn -0.3563 0.7126 0.6044
vn -0.1584 0.6572 0.7369
vn -0.0453 0.6689 0.7420
vn -0.0457 0.7604 0.6478
vn -0.1486 0.7508 0.6436
vn -0.1385 0.8339 0.5342
vn -0.2247 0.8205 0.5257
vn -0.0467 0.8417 0.5380
vn -0.3174 0.8051 0.5011
vn 0.0705 0.6732 0.7361
vn 0.0792 0.5875 0.8053
vn 0.0843 0.5161 0.8524
vn 0.2165 0.5198 0.8264
vn 0.2239 0.4640 0.8571
vn 0.3606 0.4659 0.8080
vn 0.3709 0.4144 0.8311
vn 0.5090 0.4137 0.7548
vn 0.4951 0.4653 0.7337
vn 0.2309 0.4131 0.8809
vn 0.3493 0.5199 0.7796
vn 0.4804 0.5183 0.7075
vn 0.3339 0.5818 0.7416
vn 0.2053 0.5868 0.7833
vn 0.0871 0.4597 0.8838
vn 0.0905 0.4105 0.9073
vn 0.5909 0.5169 0.6193
vn 0.1190 0.9002 0.4188
vn 0.2014 0.9291 0.3101
vn 0.2056 0.8914 0.4039
vn 0.2989 0.9007 0.3152
vn 0.2701 0.8803 0.3901
vn 0.3242 0.9177 0.2295
vn 0.4079 0.8373 0.3641
vn 0.3303 0.8271 0.4547
vn 0.2772 0.7445 0.6074
vn 0.3110 0.6581 0.6858
vn 0.1877 0.6684 0.7197
vn 0.1640 0.7558 0.6340
vn 0.0589 0.7629 0.6438
vn 0.2352 0.8288 0.5077
vn 0.1380 0.8379 0.5282
vn 0.0464 0.8435 0.5351
vn 0.8945 0.4439 -0.0531
vn 0.9006 0.4344 -0.0149
vn 0.8871 0.4555 -0.0745
vn 0.8826 0.4614 -0.0907
vn 0.8928 0.4454 -0.0666
vn 0.9001 0.4349 -0.0277
vn 0.9035 0.4270 0.0354
vn 0.9020 0.4215 0.0936
vn 0.9037 0.4275 0.0248
vn 0.9023 0.4225 0.0859
vn 0.8799 0.4632 -0.1060
vn 0.8727 0.4729 -0.1215
vn 0.8778 0.4579 -0.1406
vn 0.8709 0.4673 -0.1521
vn 0.8860 0.4298 -0.1738
vn 0.8806 0.4377 -0.1814
vn 0.9025 0.4048 -0.1472
vn 0.8934 0.4028 0.1988
vn 0.8896 0.4200 0.1797
vn 0.8851 0.4246 0.1908
vn 0.7434 0.4893 0.4561
vn 0.7393 0.4489 0.5019
vn 0.7789 0.4348 0.4520
vn 0.8005 0.3859 0.4587
vn 0.8363 0.3792 0.3959
vn 0.8477 0.3426 0.4050
vn 0.8728 0.3762 0.3110
vn 0.8823 0.3421 0.3234
vn 0.8631 0.4055 0.3012
vn 0.8197 0.4169 0.3927
vn 0.9007 0.3756 0.2184
vn 0.9104 0.3409 0.2343
vn 0.8522 0.4272 0.3020
vn 0.8273 0.4436 0.3448
vn 0.7963 0.4470 0.4074
vn 0.7278 0.5029 0.4662
vn 0.9209 0.3038 0.2443
vn 0.9302 0.2688 0.2501
vn 0.9011 0.2705 0.3389
vn 0.8656 0.2706 0.4214
vn 0.8922 0.3058 0.3325
vn 0.8573 0.3063 0.4137
vn 0.9387 0.3444 -0.0118
vn 0.9393 0.3400 -0.0468
vn 0.9550 0.2951 -0.0288
vn 0.9547 0.2903 -0.0658
vn 0.9654 0.2597 -0.0226
vn 0.9644 0.2580 -0.0581
vn 0.9727 0.2311 -0.0204
vn 0.9726 0.2324 0.0105
vn 0.9783 0.2068 0.0132
vn 0.9782 0.2070 -0.0171
vn 0.9650 0.2623 0.0085
vn 0.9715 0.2309 -0.0532
vn 0.9770 0.2082 -0.0472
vn 0.9543 0.2988 0.0033
vn 0.9824 0.1826 -0.0403
vn 0.9876 0.1531 -0.0336
vn 0.9927 0.1174 -0.0276
vn 0.9970 0.0733 -0.0237
vn 0.9884 0.1517 -0.0042
vn 0.9932 0.1162 0.0039
vn 0.9973 0.0729 0.0106
vn 0.9833 0.1815 -0.0115
vn 0.9834 0.1804 0.0185
vn 0.9883 0.1499 0.0265
vn 0.9928 0.1140 0.0362
vn 0.9964 0.0711 0.0453
vn 0.9995 0.0288 0.0125
vn 0.9993 0.0291 -0.0243
vn 0.9996 -0.0091 -0.0262
vn 0.9986 -0.0434 -0.0307
vn 0.9999 -0.0105 0.0116
vn 0.9989 -0.0474 0.0059
vn 0.9984 0.0271 0.0498
vn 0.9987 -0.0128 0.0499
vn 0.9977 -0.0508 0.0449
vn 0.3338 -0.5059 0.7954
vn 0.3559 -0.5045 0.7866
vn 0.3526 -0.5205 0.7777
vn 0.3342 -0.5225 0.7844
vn 0.3183 -0.4861 0.8139
vn 0.3221 -0.4989 0.8045
vn 0.2858 -0.4716 0.8342
vn 0.3062 -0.4867 0.8182
vn 0.3326 -0.4832 0.8099
vn 0.3202 -0.4469 0.8353
vn 0.3411 -0.4410 0.8302
vn 0.3571 -0.3843 0.8513
vn 0.4319 -0.3416 0.8347
vn 0.2852 -0.4027 0.8698
vn 0.2779 -0.4428 0.8525
vn 0.2054 -0.4342 0.8771
vn 0.2232 -0.4570 0.8610
vn 0.1958 -0.4038 0.8936
vn 0.0848 -0.3962 0.9142
vn 0.1025 -0.4226 0.9005
vn 0.1240 -0.4437 0.8876
vn 0.2485 -0.4688 0.8476
vn 0.2797 -0.4637 0.8407
vn 0.1495 -0.4551 0.8778
vn 0.1831 -0.4502 0.8740
vn 0.0205 -0.4485 0.8935
vn 0.0503 -0.4457 0.8937
vn -0.0007 -0.4355 0.9002
vn -0.1306 -0.4324 0.8922
vn -0.1127 -0.4484 0.8867
vn -0.0853 -0.4477 0.8901
vn -0.0204 -0.4123 0.9108
vn -0.0399 -0.3847 0.9222
vn -0.1708 -0.3722 0.9123
vn -0.1495 -0.4049 0.9020
vn -0.2840 -0.3988 0.8720
vn -0.2609 -0.4317 0.8635
vn -0.3098 -0.3594 0.8803
vn -0.4536 -0.3398 0.8239
vn -0.4143 -0.3870 0.8237
vn -0.3789 -0.4229 0.8231
vn -0.2399 -0.4507 0.8598
vn -0.2080 -0.4496 0.8686
vn -0.3430 -0.4416 0.8291
vn -0.3000 -0.4473 0.8426
vn -0.3854 -0.4369 0.8128
vn -0.4351 -0.4158 0.7986
vn -0.4339 -0.3813 0.8163
vn -0.4865 -0.3504 0.8003
vn -0.4459 -0.2580 0.8571
vn -0.4927 -0.2119 0.8440
vn -0.4246 -0.0327 0.9048
vn -0.5622 -0.0944 0.8216
vn -0.5632 -0.3486 0.7492
vn -0.6041 -0.2460 0.7580
vn -0.6731 -0.1402 0.7261
vn -0.4903 -0.4002 0.7742
vn -0.5395 -0.3642 0.7591
vn -0.6237 -0.3219 0.7123
vn -0.5853 -0.3121 0.7484
vn -0.6748 -0.2783 0.6835
vn -0.6788 -0.2475 0.6914
vn -0.7505 -0.1553 0.6423
vn -0.7356 -0.2307 0.6370
vn -0.8108 -0.1641 0.5618
vn -0.7738 -0.2041 0.5996
vn -0.8244 -0.1771 0.5377
vn -0.7126 -0.2326 0.6619
vn -0.7367 -0.1913 0.6486
vn -0.7945 -0.1771 0.5808
vn -0.8342 -0.1658 0.5260
vn -0.6229 -0.2569 0.7389
vn -0.4911 -0.2806 0.8247
vn -0.3387 -0.3022 0.8910
vn -0.3668 -0.2497 0.8962
vn -0.2192 -0.2723 0.9369
vn -0.2413 -0.2174 0.9458
vn -0.0937 -0.2369 0.9670
vn -0.1065 -0.1733 0.9791
vn 0.0511 -0.1854 0.9813
vn 0.0484 -0.1204 0.9915
vn -0.1150 -0.1102 0.9872
vn -0.2588 -0.1571 0.9531
vn -0.2700 -0.0984 0.9578
vn -0.4088 -0.1406 0.9017
vn -0.4197 -0.0878 0.9034
vn -0.5577 -0.1268 0.8203
vn -0.5662 -0.0802 0.8203
vn -0.2763 -0.0462 0.9600
vn -0.4251 -0.0397 0.9043
vn -0.5698 -0.0365 0.8210
vn 0.0462 -0.0641 0.9969
vn -0.1204 -0.0550 0.9912
vn -0.1241 -0.0059 0.9923
vn -0.2796 0.0013 0.9601
vn 0.0439 -0.0148 0.9989
vn 0.0410 0.0291 0.9987
vn -0.1271 0.0387 0.9911
vn -0.2815 0.0459 0.9585
vn -0.4270 0.0055 0.9042
vn -0.5701 0.0062 0.8216
vn -0.4271 0.0497 0.9028
vn -0.5683 0.0496 0.8213
vn -0.4266 0.0925 0.8997
vn -0.5657 0.0924 0.8195
vn -0.2832 0.0887 0.9550
vn -0.2839 0.1288 0.9502
vn -0.4252 0.1315 0.8955
vn -0.5622 0.1311 0.8165
vn -0.1303 0.0813 0.9881
vn 0.0374 0.0713 0.9968
vn 0.0339 0.1140 0.9929
vn -0.1329 0.1229 0.9835
vn -0.1335 0.1627 0.9776
vn -0.2829 0.1656 0.9447
vn 0.0316 0.1567 0.9871
vn 0.0318 0.1987 0.9795
vn -0.1309 0.2001 0.9710
vn -0.2791 0.1983 0.9396
vn -0.4226 0.1661 0.8909
vn -0.5583 0.1650 0.8131
vn -0.4184 0.1955 0.8870
vn -0.5541 0.1935 0.8097
vn 0.2026 0.1027 0.9739
vn 0.2062 0.0600 0.9767
vn 0.2091 0.0191 0.9777
vn 0.3598 0.0490 0.9317
vn 0.3614 0.0103 0.9323
vn 0.3568 0.0904 0.9298
vn 0.4996 0.0387 0.8654
vn 0.4997 0.0034 0.8662
vn 0.6275 0.0290 0.7781
vn 0.6266 -0.0016 0.7793
vn 0.6256 0.0633 0.7776
vn 0.4972 0.0773 0.8642
vn 0.4929 0.1193 0.8619
vn 0.3527 0.1344 0.9260
vn 0.6212 0.1015 0.7771
vn 0.6145 0.1438 0.7757
vn 0.4872 0.1647 0.8576
vn 0.3484 0.1807 0.9198
vn 0.1991 0.1469 0.9689
vn 0.1968 0.1921 0.9615
vn 0.7149 0.1188 0.6890
vn 0.7053 0.1585 0.6910
vn 0.6060 0.1867 0.7732
vn 0.6943 0.1980 0.6919
vn 0.7567 0.1684 0.6318
vn 0.7455 0.2116 0.6320
vn 0.7794 0.1886 0.5975
vn 0.7700 0.2480 0.5878
vn 0.7825 0.2345 0.5768
vn 0.7632 0.3138 0.5648
vn 0.7748 0.3102 0.5509
vn 0.7578 0.3931 0.5208
vn 0.7690 0.4004 0.4983
vn 0.7269 0.3719 0.5772
vn 0.7303 0.3092 0.6092
vn 0.7363 0.2593 0.6250
vn 0.7498 0.4821 0.4532
vn 0.7582 0.4980 0.4210
vn 0.7327 0.5763 0.3621
vn 0.7363 0.5949 0.3223
vn 0.7142 0.5351 0.4512
vn 0.7237 0.4470 0.5258
vn 0.6598 0.4264 0.6187
vn 0.6633 0.3636 0.6541
vn 0.6525 0.5066 0.5636
vn 0.5418 0.5045 0.6723
vn 0.5545 0.4282 0.7136
vn 0.5628 0.3723 0.7380
vn 0.6677 0.3136 0.6752
vn 0.6744 0.2757 0.6850
vn 0.5710 0.3293 0.7520
vn 0.5786 0.2964 0.7598
vn 0.6984 0.6677 0.2575
vn 0.6989 0.6815 0.2170
vn 0.6397 0.7517 0.1602
vn 0.6424 0.7560 0.1259
vn 0.6331 0.7302 0.2570
vn 0.6884 0.6317 0.3564
vn 0.5535 0.8269 0.0999
vn 0.5626 0.8234 0.0740
vn 0.4506 0.8869 0.1017
vn 0.4627 0.8832 0.0763
vn 0.4324 0.8843 0.1759
vn 0.5414 0.8199 0.1863
vn 0.4991 0.8094 0.3095
vn 0.5838 0.7106 0.3927
vn 0.4000 0.8724 0.2808
vn 0.3633 0.8592 0.3602
vn 0.4178 0.8027 0.4257
vn 0.4805 0.7032 0.5241
vn 0.6322 0.6030 0.4865
vn 0.5199 0.5968 0.6112
vn 0.2944 0.9111 0.2885
vn 0.2925 0.8736 0.3890
vn 0.3096 0.9289 0.2034
vn 0.2115 0.9471 0.2413
vn 0.2062 0.9262 0.3156
vn 0.2092 0.8861 0.4136
vn 0.2216 0.9554 0.1953
vn 0.3268 0.9337 0.1462
vn 0.3383 0.9332 0.1208
vn 0.2286 0.9576 0.1753
vn 0.1299 0.9661 0.2233
vn 0.1270 0.9556 0.2659
vn 0.1319 0.9693 0.2073
vn 0.0506 0.9753 0.2152
vn 0.0506 0.9720 0.2296
vn 0.0498 0.9611 0.2718
vn 0.1268 0.9336 0.3350
vn 0.1305 0.8951 0.4264
vn 0.0488 0.9391 0.3402
vn 0.0477 0.9012 0.4307
vn -0.0315 0.9409 0.3372
vn -0.0367 0.9031 0.4278
vn -0.0294 0.9627 0.2689
vn -0.1135 0.9607 0.2534
vn -0.1120 0.9393 0.3243
vn -0.1190 0.9002 0.4188
vn -0.0296 0.9735 0.2269
vn -0.0312 0.9764 0.2135
vn -0.1244 0.9722 0.1983
vn -0.1190 0.9704 0.2103
vn -0.2210 0.9577 0.1841
vn -0.2113 0.9490 0.2341
vn -0.2293 0.9581 0.1714
vn -0.3458 0.9260 0.1517
vn -0.3370 0.9262 0.1688
vn -0.3242 0.9177 0.2295
vn -0.2014 0.9291 0.3101
vn -0.2056 0.8914 0.4039
vn -0.2989 0.9007 0.3152
vn -0.2701 0.8803 0.3901
vn -0.3303 0.8271 0.4547
vn -0.4079 0.8373 0.3641
vn -0.3966 0.7397 0.5436
vn -0.4922 0.7485 0.4444
vn -0.4394 0.6512 0.6188
vn -0.5421 0.6577 0.5231
vn -0.4639 0.5783 0.6711
vn -0.5695 0.5810 0.5814
vn -0.5353 0.7712 0.3444
vn -0.5916 0.6810 0.4316
vn -0.6321 0.5933 0.4984
vn -0.4469 0.8541 0.2662
vn -0.4537 0.8691 0.1970
vn -0.5324 0.8011 0.2733
vn -0.4557 0.8718 0.1794
vn -0.5251 0.8095 0.2628
vn -0.5951 0.7152 0.3666
vn -0.6582 0.6063 0.4463
vn -0.5796 0.7254 0.3714
vn -0.6542 0.5983 0.4626
vn -0.6639 0.5164 0.5409
vn -0.7110 0.5150 0.4789
vn -0.7400 0.4908 0.4599
vn -0.7771 0.4352 0.4546
vn -0.7401 0.4493 0.5004
vn -0.6867 0.4560 0.5661
vn -0.5906 0.5158 0.6206
vn -0.4818 0.5180 0.7068
vn -0.3491 0.5197 0.7798
vn -0.3338 0.5825 0.7411
vn -0.3604 0.4660 0.8081
vn -0.4969 0.4653 0.7325
vn -0.2236 0.4642 0.8571
vn -0.2160 0.5196 0.8267
vn -0.2049 0.5872 0.7831
vn -0.3707 0.4147 0.8310
vn -0.5109 0.4140 0.7534
vn -0.3816 0.3597 0.8514
vn -0.5237 0.3592 0.7725
vn -0.2395 0.3613 0.9012
vn -0.2307 0.4137 0.8807
vn -0.0899 0.4112 0.9071
vn -0.0865 0.4600 0.8837
vn -0.0960 0.3631 0.9268
vn 0.0509 0.3621 0.9308
vn 0.0518 0.4051 0.9128
vn 0.0496 0.4517 0.8908
vn -0.0835 0.5161 0.8525
vn -0.0788 0.5873 0.8056
vn 0.0466 0.5077 0.8603
vn 0.0452 0.5812 0.8125
vn 0.1668 0.5685 0.8056
vn 0.1751 0.4927 0.8524
vn 0.2852 0.5485 0.7860
vn 0.2990 0.4715 0.8296
vn 0.4090 0.5240 0.7471
vn 0.4248 0.4473 0.7871
vn 0.3112 0.4169 0.8540
vn 0.4370 0.3933 0.8089
vn 0.1834 0.4372 0.8804
vn 0.1904 0.3926 0.8998
vn 0.3217 0.3743 0.8697
vn 0.1951 0.3541 0.9146
vn 0.3301 0.3392 0.8809
vn 0.4478 0.3520 0.8220
vn 0.4573 0.3188 0.8302
vn 0.4657 0.2869 0.8371
vn 0.5868 0.2630 0.7658
vn 0.6836 0.2367 0.6904
vn 0.5965 0.2266 0.7700
vn 0.3361 0.3052 0.8910
vn 0.3406 0.2675 0.9013
vn 0.4735 0.2504 0.8444
vn 0.1967 0.2777 0.9403
vn 0.1968 0.3171 0.9278
vn 0.0466 0.3216 0.9457
vn 0.0408 0.2808 0.9589
vn 0.1962 0.2361 0.9517
vn 0.3445 0.2260 0.9112
vn 0.0353 0.2398 0.9702
vn 0.4807 0.2097 0.8515
vn -0.1243 0.2370 0.9635
vn -0.2717 0.2310 0.9342
vn -0.4118 0.2256 0.8829
vn -0.5492 0.2230 0.8054
vn -0.2615 0.2694 0.9268
vn -0.4030 0.2632 0.8766
vn -0.5427 0.2606 0.7985
vn -0.1150 0.2766 0.9541
vn -0.1049 0.3189 0.9420
vn -0.2502 0.3132 0.9161
vn -0.3926 0.3084 0.8665
vn -0.5342 0.3064 0.7878
vn -0.6647 0.2236 0.7129
vn -0.6683 0.1927 0.7185
vn -0.7483 0.1936 0.6345
vn -0.7521 0.1615 0.6390
vn -0.6722 0.1628 0.7223
vn -0.7564 0.1253 0.6420
vn -0.6767 0.1281 0.7251
vn -0.8077 0.1616 0.5670
vn -0.8038 0.1959 0.5617
vn -0.8467 0.1632 0.5064
vn -0.8427 0.1986 0.5004
vn -0.8503 0.1248 0.5113
vn -0.8117 0.1241 0.5707
vn -0.8153 0.0836 0.5730
vn -0.7606 0.0856 0.6435
vn -0.8530 0.0837 0.5151
vn -0.8546 0.0400 0.5178
vn -0.8179 0.0405 0.5740
vn -0.8548 -0.0022 0.5190
vn -0.8191 -0.0014 0.5736
vn -0.7640 0.0428 0.6438
vn -0.7661 0.0008 0.6428
vn -0.6847 0.0464 0.7273
vn -0.6872 0.0038 0.7265
vn -0.7665 -0.0380 0.6412
vn -0.6878 -0.0365 0.7250
vn -0.8538 -0.0403 0.5191
vn -0.8189 -0.0396 0.5725
vn -0.8171 -0.0758 0.5715
vn -0.7647 -0.0755 0.6399
vn -0.8515 -0.0761 0.5188
vn -0.8475 -0.1109 0.5190
vn -0.8131 -0.1117 0.5714
vn -0.8418 -0.1425 0.5207
vn -0.8062 -0.1460 0.5733
vn -0.7514 -0.1519 0.6421
vn -0.6681 -0.1612 0.7264
vn -0.6499 -0.2072 0.7312
vn -0.5202 -0.2271 0.8233
vn -0.3908 -0.1959 0.8994
vn -0.5425 -0.1761 0.8214
vn -0.6795 -0.1178 0.7242
vn -0.7601 -0.1133 0.6399
vn -0.6856 -0.0765 0.7240
vn 0.7076 -0.1697 0.6859
vn 0.6827 -0.1867 0.7064
vn 0.7056 -0.1526 0.6920
vn 0.7308 -0.1373 0.6687
vn 0.7363 -0.1532 0.6590
vn 0.7590 -0.1239 0.6392
vn 0.6956 -0.1871 0.6936
vn 0.6702 -0.2057 0.7131
vn 0.6463 -0.2228 0.7299
vn 0.7629 -0.1264 0.6340
vn 0.7835 -0.1016 0.6130
vn 0.7872 -0.0865 0.6106
vn 0.8015 -0.0674 0.5943
vn 0.7478 -0.1112 0.6545
vn 0.7217 -0.1568 0.6742
vn 0.6527 -0.1853 0.7346
vn 0.6264 -0.2188 0.7482
vn 0.6799 -0.1349 0.7208
vn 0.5788 -0.1589 0.7998
vn 0.5499 -0.2144 0.8072
vn 0.5205 -0.2589 0.8137
vn 0.6005 -0.2402 0.7627
vn 0.5693 -0.2609 0.7797
vn 0.4847 -0.2961 0.8230
vn 0.3926 -0.3391 0.8549
vn 0.2984 -0.3574 0.8850
vn 0.1934 -0.3599 0.9127
vn 0.0722 -0.3532 0.9328
vn 0.3107 -0.3076 0.8994
vn 0.1935 -0.3114 0.9304
vn 0.0622 -0.3062 0.9499
vn 0.4184 -0.2905 0.8605
vn 0.4417 -0.2369 0.8653
vn 0.3245 -0.2504 0.9121
vn 0.4630 -0.1773 0.8684
vn 0.3388 -0.1872 0.9221
vn 0.1972 -0.2549 0.9466
vn 0.0554 -0.2505 0.9665
vn 0.2029 -0.1901 0.9606
vn 0.2076 -0.1260 0.9701
vn 0.2101 -0.0710 0.9751
vn 0.3572 -0.0741 0.9311
vn 0.3608 -0.0292 0.9322
vn 0.4970 -0.0323 0.8672
vn 0.6223 -0.0324 0.7821
vn 0.4905 -0.0730 0.8684
vn 0.6138 -0.0678 0.7866
vn 0.2105 -0.0232 0.9773
vn 0.4794 -0.1205 0.8693
vn 0.6001 -0.1099 0.7923
vn 0.3500 -0.1261 0.9282
vn 0.7138 -0.0594 0.6978
vn 0.7229 -0.0299 0.6904
vn 0.7275 -0.0049 0.6861
vn 0.7918 -0.0068 0.6107
vn 0.7926 0.0123 0.6097
vn 0.7286 0.0201 0.6846
vn 0.7905 0.0350 0.6114
vn 0.7268 0.0488 0.6851
vn 0.7858 0.0617 0.6155
vn 0.8194 0.0426 0.5716
vn 0.8118 0.0672 0.5800
vn 0.8249 0.0472 0.5633
vn 0.8155 0.0749 0.5739
vn 0.8017 0.0989 0.5894
vn 0.8046 0.1150 0.5825
vn 0.7904 0.1393 0.5965
vn 0.7934 0.1679 0.5851
vn 0.7681 0.1287 0.6272
vn 0.7782 0.0928 0.6211
vn 0.8317 0.0282 0.5545
vn 0.8244 0.0223 0.5656
vn 0.8360 0.0130 0.5486
vn 0.7222 0.0816 0.6868
vn 0.8267 0.0057 0.5626
vn 0.8378 0.0013 0.5460
vn 0.8264 -0.0076 0.5630
vn 0.8370 -0.0074 0.5471
vn 0.8229 -0.0210 0.5677
vn 0.8332 -0.0167 0.5527
vn 0.7877 -0.0259 0.6155
vn 0.7794 -0.0494 0.6246
vn 0.8157 -0.0386 0.5772
vn 0.8256 -0.0300 0.5634
vn 0.6996 -0.0953 0.7082
vn 0.7661 -0.0790 0.6378
vn 0.8037 -0.0618 0.5917
vn 0.8135 -0.0484 0.5795
vn -0.9726 0.2324 0.0105
vn -0.9783 0.2068 0.0132
vn -0.9775 0.2065 0.0439
vn -0.9715 0.2335 0.0397
vn -0.9650 0.2623 0.0085
vn -0.9638 0.2642 0.0359
vn -0.9654 0.2597 -0.0226
vn -0.9727 0.2311 -0.0204
vn -0.9782 0.2070 -0.0171
vn -0.9543 0.2988 0.0033
vn -0.9533 0.3006 0.0291
vn -0.9384 0.3455 -0.0118
vn -0.9383 0.3455 0.0137
vn -0.9394 0.3399 -0.0455
vn -0.9550 0.2951 -0.0288
vn -0.9547 0.2903 -0.0658
vn -0.9644 0.2580 -0.0580
vn -0.9413 0.3274 -0.0823
vn -0.9434 0.3130 -0.1093
vn -0.9513 0.2897 -0.1051
vn -0.9609 0.2593 -0.0974
vn -0.9715 0.2309 -0.0532
vn -0.9770 0.2082 -0.0472
vn -0.9685 0.2330 -0.0876
vn -0.9745 0.2108 -0.0771
vn -0.9174 0.3959 -0.0395
vn -0.9196 0.3927 -0.0131
vn -0.8960 0.4378 -0.0738
vn -0.9010 0.4314 -0.0468
vn -0.8949 0.4328 -0.1092
vn -0.9178 0.3900 -0.0741
vn -0.9227 0.3692 -0.1109
vn -0.9019 0.4066 -0.1456
vn -0.9182 0.3572 -0.1710
vn -0.9057 0.3772 -0.1933
vn -0.8854 0.4319 -0.1719
vn -0.9012 0.3853 -0.1984
vn -0.8790 0.4408 -0.1815
vn -0.9328 0.3329 -0.1380
vn -0.9439 0.2981 -0.1422
vn -0.9549 0.2654 -0.1329
vn -0.9641 0.2382 -0.1178
vn -0.9711 0.2151 -0.1030
vn -0.9483 0.2753 -0.1576
vn -0.9594 0.2457 -0.1387
vn -0.9678 0.2207 -0.1212
vn -0.9343 0.3128 -0.1708
vn -0.9259 0.3274 -0.1885
vn -0.9426 0.2868 -0.1713
vn -0.9231 0.3348 -0.1892
vn -0.9404 0.2937 -0.1716
vn -0.9553 0.2544 -0.1505
vn -0.9649 0.2269 -0.1319
vn -0.9537 0.2600 -0.1514
vn -0.9636 0.2306 -0.1350
vn -0.9760 0.1888 -0.1083
vn -0.9783 0.1861 -0.0915
vn -0.9828 0.1541 -0.1021
vn -0.9844 0.1541 -0.0853
vn -0.9883 0.1130 -0.1024
vn -0.9875 0.1099 -0.1131
vn -0.9913 0.0593 -0.1175
vn -0.9915 0.0527 -0.1189
vn -0.9876 0.1062 -0.1154
vn -0.9923 0.0643 -0.1063
vn -0.9817 0.1539 -0.1122
vn -0.9815 0.1529 -0.1154
vn -0.9897 0.1157 -0.0841
vn -0.9939 0.0688 -0.0864
vn -0.9914 0.1173 -0.0581
vn -0.9957 0.0721 -0.0576
vn -0.9927 0.1174 -0.0276
vn -0.9970 0.0733 -0.0237
vn -0.9978 0.0270 -0.0603
vn -0.9993 0.0291 -0.0243
vn -0.9979 -0.0105 -0.0638
vn -0.9996 -0.0091 -0.0262
vn -0.9969 -0.0428 -0.0661
vn -0.9986 -0.0434 -0.0308
vn -0.9956 -0.0652 -0.0666
vn -0.9963 -0.0742 -0.0441
vn -0.9934 -0.0984 -0.0592
vn -0.9933 -0.1135 -0.0239
vn -0.9896 -0.1379 -0.0399
vn -0.9888 -0.1495 0.0018
vn -0.9860 -0.1665 -0.0098
vn -0.9840 -0.1730 0.0420
vn -0.9826 -0.1795 0.0477
vn -0.9848 -0.1736 -0.0055
vn -0.9863 -0.1556 0.0539
vn -0.9869 -0.1535 -0.0496
vn -0.9860 -0.1611 -0.0435
vn -0.9923 -0.1226 0.0178
vn -0.9894 -0.1280 0.0682
vn -0.9955 -0.0886 0.0332
vn -0.9924 -0.0921 0.0812
vn -0.9965 -0.0828 -0.0077
vn -0.9902 -0.1183 -0.0736
vn -0.9937 -0.0776 -0.0811
vn -0.9912 -0.0915 -0.0955
vn -0.9879 -0.1320 -0.0808
vn -0.9874 -0.1406 -0.0728
vn -0.9895 -0.1027 -0.1021
vn -0.9892 -0.1124 -0.0942
vn -0.9977 -0.0508 0.0449
vn -0.9989 -0.0474 0.0059
vn -0.9999 -0.0105 0.0116
vn -0.9987 -0.0128 0.0499
vn -0.9957 -0.0155 0.0916
vn -0.9945 -0.0537 0.0895
vn -0.9984 0.0271 0.0498
vn -0.9995 0.0288 0.0125
vn -0.9958 0.0246 0.0887
vn -0.9943 0.0683 0.0814
vn -0.9964 0.0711 0.0453
vn -0.9973 0.0729 0.0106
vn -0.9932 0.1162 0.0039
vn -0.9884 0.1517 -0.0042
vn -0.9876 0.1531 -0.0336
vn -0.9862 0.1539 -0.0615
vn -0.9928 0.1140 0.0362
vn -0.9913 0.1110 0.0706
vn -0.9873 0.1475 0.0595
vn -0.9883 0.1499 0.0265
vn -0.9834 0.1804 0.0185
vn -0.9833 0.1815 -0.0115
vn -0.9826 0.1790 0.0504
vn -0.9824 0.1826 -0.0403
vn -0.9806 0.1841 -0.0679
vn -0.9806 0.1773 0.0833
vn -0.9756 0.2059 0.0760
vn -0.9697 0.2339 0.0704
vn -0.9723 0.2051 0.1120
vn -0.9665 0.2339 0.1057
vn -0.9671 0.2043 0.1514
vn -0.9613 0.2339 0.1453
vn -0.9597 0.2037 0.1937
vn -0.9537 0.2343 0.1885
vn -0.9441 0.2036 0.2592
vn -0.9489 0.1707 0.2653
vn -0.9645 0.1722 0.2004
vn -0.9525 0.1341 0.2734
vn -0.9682 0.1368 0.2093
vn -0.9225 0.1308 0.3631
vn -0.9192 0.1685 0.3559
vn -0.9146 0.2030 0.3498
vn -0.9546 0.0937 0.2829
vn -0.9706 0.0973 0.2201
vn -0.9548 0.0494 0.2930
vn -0.9713 0.0534 0.2318
vn -0.9533 0.0056 0.3019
vn -0.9701 0.0096 0.2426
vn -0.9503 -0.0341 0.3095
vn -0.9672 -0.0302 0.2521
vn -0.9202 -0.0374 0.3897
vn -0.9229 0.0018 0.3849
vn -0.9244 0.0453 0.3787
vn -0.9461 -0.0716 0.3158
vn -0.9631 -0.0679 0.2603
vn -0.9409 -0.1071 0.3212
vn -0.9581 -0.1035 0.2670
vn -0.9524 -0.1389 0.2713
vn -0.9350 -0.1417 0.3252
vn -0.9473 -0.1643 0.2751
vn -0.9299 -0.1662 0.3281
vn -0.9431 -0.1799 0.2796
vn -0.9267 -0.1808 0.3295
vn -0.9383 -0.1867 0.2912
vn -0.9225 -0.1858 0.3382
vn -0.9024 -0.1777 0.3925
vn -0.9013 -0.1790 0.3946
vn -0.9021 -0.1650 0.3987
vn -0.8670 -0.1747 0.4667
vn -0.8680 -0.1671 0.4676
vn -0.8684 -0.1627 0.4684
vn -0.8724 -0.1417 0.4677
vn -0.9059 -0.1424 0.3989
vn -0.8777 -0.1101 0.4663
vn -0.9115 -0.1093 0.3965
vn -0.9163 -0.0743 0.3934
vn -0.8820 -0.0757 0.4651
vn -0.8852 -0.0396 0.4636
vn -0.8872 -0.0010 0.4614
vn -0.8880 0.0419 0.4579
vn -0.9243 0.0897 0.3710
vn -0.8874 0.0859 0.4529
vn -0.8854 0.1273 0.4471
vn -0.8820 0.1657 0.4411
vn -0.8777 0.2011 0.4351
vn -0.8723 0.2354 0.4285
vn -0.8383 0.2334 0.4927
vn -0.8002 0.2301 0.5539
vn -0.7449 0.2264 0.6275
vn -0.7404 0.2641 0.6180
vn -0.7952 0.2672 0.5443
vn -0.8325 0.2694 0.4842
vn -0.6599 0.2615 0.7044
vn -0.6526 0.3061 0.6931
vn -0.7333 0.3064 0.6070
vn -0.6414 0.3569 0.6792
vn -0.6262 0.4090 0.6638
vn -0.6090 0.4608 0.6455
vn -0.7060 0.4021 0.5830
vn -0.7611 0.3947 0.5147
vn -0.7993 0.3861 0.4605
vn -0.8141 0.3442 0.4677
vn -0.7769 0.3483 0.5245
vn -0.7220 0.3527 0.5952
vn -0.7878 0.3067 0.5341
vn -0.8245 0.3065 0.4756
vn -0.8573 0.3063 0.4137
vn -0.8656 0.2706 0.4214
vn -0.9011 0.2705 0.3389
vn -0.9086 0.2362 0.3444
vn -0.8477 0.3426 0.4050
vn -0.8823 0.3421 0.3234
vn -0.8922 0.3058 0.3325
vn -0.9209 0.3038 0.2443
vn -0.9302 0.2688 0.2501
vn -0.9104 0.3409 0.2343
vn -0.9259 0.3397 0.1654
vn -0.9369 0.3016 0.1769
vn -0.9461 0.2667 0.1836
vn -0.9379 0.2355 0.2546
vn -0.8363 0.3792 0.3959
vn -0.8197 0.4169 0.3927
vn -0.8631 0.4055 0.3012
vn -0.8728 0.3762 0.3110
vn -0.7964 0.4470 0.4074
vn -0.7278 0.5029 0.4663
vn -0.8273 0.4435 0.3448
vn -0.8522 0.4272 0.3020
vn -0.8896 0.4200 0.1797
vn -0.8934 0.4028 0.1988
vn -0.8851 0.4246 0.1908
vn -0.9007 0.3756 0.2184
vn -0.9065 0.4045 0.1214
vn -0.9149 0.3762 0.1465
vn -0.9206 0.3786 0.0956
vn -0.9330 0.3401 0.1174
vn -0.9101 0.4089 0.0669
vn -0.9096 0.4150 0.0188
vn -0.9226 0.3825 0.0506
vn -0.9369 0.3415 0.0751
vn -0.9218 0.3874 0.0140
vn -0.9383 0.3436 0.0403
vn -0.9061 0.4227 -0.0194
vn -0.9447 0.3008 0.1310
vn -0.9539 0.2658 0.1391
vn -0.9590 0.2654 0.0993
vn -0.9494 0.3007 0.0904
vn -0.9520 0.3009 0.0562
vn -0.9621 0.2651 0.0647
vn -0.8799 0.4636 -0.1045
vn -0.8870 0.4550 -0.0790
vn -0.8754 0.4695 -0.1153
vn -0.8839 0.4585 -0.0920
vn -0.8716 0.4672 -0.1483
vn -0.8775 0.4593 -0.1383
vn -0.8945 0.4439 -0.0531
vn -0.8928 0.4454 -0.0665
vn -0.9006 0.4345 -0.0149
vn -0.9035 0.4270 0.0354
vn -0.9020 0.4215 0.0936
vn -0.9023 0.4225 0.0859
vn -0.9037 0.4274 0.0248
vn -0.9001 0.4349 -0.0277
vn -0.0774 -0.2923 0.9532
vn -0.0589 -0.3399 0.9386
vn -0.1948 -0.3223 0.9264
vn -0.6811 0.0890 0.7268
vn -0.0705 0.6732 0.7361
vn 0.0453 0.6689 0.7420
vn -0.0589 0.7629 0.6438
vn 0.0457 0.7605 0.6478
vn -0.1640 0.7558 0.6340
vn -0.1878 0.6684 0.7197
vn -0.0463 0.8435 0.5351
vn 0.0467 0.8417 0.5380
vn -0.1380 0.8379 0.5282
vn -0.2352 0.8288 0.5077
vn -0.2772 0.7445 0.6074
vn -0.3110 0.6581 0.6858
vn 0.1385 0.8339 0.5342
vn 0.2247 0.8205 0.5257
vn 0.2474 0.7330 0.6337
vn 0.3563 0.7126 0.6044
vn 0.3869 0.6132 0.6887
vn 0.2685 0.6374 0.7222
vn 0.3174 0.8051 0.5011
vn 0.1486 0.7508 0.6436
vn 0.1584 0.6572 0.7369
vn -0.9851 0.1448 0.0929
vn -0.9813 0.1421 0.1297
vn -0.9772 0.1756 0.1198
vn -0.9887 0.1077 0.1045
vn -0.9910 0.0650 0.1167
vn -0.9861 0.0612 0.1542
vn -0.9844 0.1042 0.1415
vn -0.9785 0.1007 0.1802
vn -0.9758 0.1394 0.1686
vn -0.9796 0.0572 0.1927
vn -0.9719 0.1738 0.1590
vn -0.9917 0.0215 0.1267
vn -0.9909 -0.0185 0.1335
vn -0.9844 -0.0222 0.1748
vn -0.9860 0.0177 0.1656
vn -0.9891 -0.0567 0.1362
vn -0.9865 -0.0946 0.1335
vn -0.9783 -0.0971 0.1831
vn -0.9816 -0.0601 0.1810
vn -0.9728 -0.0639 0.2226
vn -0.9764 -0.0262 0.2145
vn -0.9685 -0.1000 0.2281
vn -0.9788 0.0136 0.2044
vn -0.9637 -0.1358 0.2300
vn -0.9595 -0.1619 0.2306
vn -0.9714 -0.1603 0.1750
vn -0.9694 -0.1771 0.1700
vn -0.9789 -0.1760 0.1039
vn -0.9770 -0.1817 0.1120
vn -0.9664 -0.1830 0.1804
vn -0.9807 -0.1588 0.1139
vn -0.9564 -0.1781 0.2314
vn -0.9522 -0.1845 0.2434
vn -0.9835 -0.1312 0.1249
vn -0.9745 -0.1334 0.1802
vn -0.9743 0.1918 -0.1184
vn -0.9734 0.1933 -0.1227
vn -0.9910 -0.0689 -0.1150
vn -0.9909 -0.0789 -0.1094
vn -0.9923 -0.0603 -0.1078
vn -0.9934 -0.0243 -0.1121
vn -0.9922 -0.0316 -0.1206
vn -0.9922 -0.0410 -0.1178
vn -0.9944 -0.0502 -0.0929
vn -0.9954 -0.0166 -0.0939
vn -0.9957 0.0221 -0.0902
vn -0.9938 0.0161 -0.1100
vn -0.9927 0.0099 -0.1206
vn -0.9927 0.0018 -0.1204
vn 0.0289 -0.5516 -0.8336
vn 0.0324 -0.8966 -0.4416
vn 0.0184 -0.8969 -0.4418
vn 0.0184 -0.5383 -0.8425
vn 0.0521 0.0066 -0.9986
vn 0.0417 -0.0080 -0.9991
vn 0.0661 0.5809 -0.8113
vn 0.0551 0.5720 -0.8184
vn 0.0411 0.9184 -0.3935
vn 0.0404 0.9156 -0.4001
vn 0.0162 0.9996 0.0229
vn 0.0184 0.9997 0.0154
vn 0.0237 -0.9997 0.0082
vn 0.0305 -0.9995 0.0113
vn 0.0623 -0.9050 -0.4208
vn 0.0691 -0.5637 -0.8231
vn 0.0670 -0.0016 -0.9978
vn 0.0617 0.5823 -0.8106
vn 0.0391 0.9188 -0.3927
vn 0.0222 0.9994 0.0256
vn 0.1211 -0.5723 -0.8110
vn 0.0879 -0.9126 -0.3994
vn 0.1093 0.0075 -0.9940
vn 0.0721 0.5955 -0.8001
vn 0.0323 0.9218 -0.3862
vn 0.0182 0.9994 0.0300
vn 0.0245 -0.9996 0.0162
vn 0.0297 -0.9992 0.0267
vn 0.0182 0.8884 0.4586
vn 0.0255 0.8881 0.4589
vn 0.0342 0.5476 0.8360
vn 0.0420 0.5410 0.8400
vn 0.0454 0.0244 0.9987
vn 0.0509 0.0062 0.9987
vn 0.0413 -0.5156 0.8558
vn 0.0411 -0.5316 0.8460
vn 0.0314 -0.8803 0.4734
vn 0.0265 -0.8872 0.4607
vn 0.0380 0.8837 0.4665
vn 0.0546 0.5366 0.8421
vn 0.0580 0.0100 0.9983
vn 0.0367 -0.5237 0.8511
vn 0.0170 -0.8841 0.4670
vn 0.0371 0.8835 0.4670
vn 0.0570 0.5338 0.8437
vn 0.0605 0.0059 0.9982
vn 0.0374 -0.5282 0.8483
vn 0.0174 -0.8836 0.4679
vn -0.6534 -0.7310 0.1965
vn -0.6781 -0.6589 0.3257
vn -0.9676 -0.1910 -0.1651
vn -0.9433 -0.2563 -0.2109
vn -0.9823 -0.1386 -0.1256
vn -0.6931 -0.5814 0.4262
vn -0.6227 -0.6085 0.4919
vn -0.9746 -0.2233 -0.0196
vn -0.7035 0.2530 -0.6641
vn -0.7010 0.2876 -0.6526
vn -0.0000 0.4887 -0.8724
vn 0.0000 0.4975 -0.8675
vn -0.0000 0.5201 -0.8541
vn -0.6896 0.3248 -0.6473
vn -0.7402 0.3082 -0.5976
vn -0.0000 0.5503 -0.8350
vn 0.0000 -0.8493 0.5279
vn -0.0000 -0.9293 0.3694
vn 0.0000 -0.7584 0.6518
vn 0.0000 -0.7343 0.6788
vn 0.0000 0.1557 -0.9878
vn -0.7721 -0.4418 -0.4568
vn 0.0000 -0.6025 -0.7981
vn 0.0000 -1.0000 -0.0002
vn 0.7035 0.2530 -0.6641
vn 0.7721 -0.4418 -0.4568
vn 0.6534 -0.7310 0.1965
vn 0.6781 -0.6589 0.3257
vn 0.9676 -0.1910 -0.1651
vn 0.9433 -0.2563 -0.2109
vn 0.7010 0.2876 -0.6526
vn 0.6896 0.3248 -0.6473
vn 0.9823 -0.1386 -0.1256
vn 0.9746 -0.2232 -0.0196
vn 0.6227 -0.6085 0.4919
vn 0.6931 -0.5814 0.4262
vn 0.7402 0.3082 -0.5976
vn 0.1058 -0.5010 0.8589
vn 0.5194 -0.4976 0.6947
vn 0.3392 -0.8239 0.4540
vn 0.0850 -0.8648 0.4949
vn 0.0484 0.2099 0.9765
vn 0.4806 0.2291 0.8465
vn -0.0455 0.8262 0.5615
vn 0.3227 0.8085 0.4921
vn -0.0517 0.9985 0.0203
vn 0.2572 0.9660 0.0257
vn -0.0323 0.8806 -0.4727
vn 0.3050 0.8488 -0.4319
vn 0.3399 0.4644 -0.8178
vn 0.0126 0.5021 -0.8647
vn 0.3526 0.1520 -0.9234
vn 0.0443 0.1613 -0.9859
vn 0.2764 -0.9604 0.0357
vn 0.4915 -0.8606 0.1335
vn 0.4097 0.0884 -0.9079
vn 0.4395 0.5632 -0.6997
vn 0.4276 0.9038 0.0170
vn 0.4442 0.8387 0.3150
vn 0.4582 0.6032 0.6528
vn 0.6604 0.4541 0.5980
vn 0.4232 0.4180 0.8039
vn 0.6411 0.4022 0.6536
vn 0.5729 0.3011 0.7623
vn 0.7123 -0.2433 0.6584
vn 0.6267 -0.6520 0.4267
vn 0.0496 0.6737 0.7374
vn 0.0472 0.3913 0.9191
vn 0.1840 0.2378 0.9537
vn 0.2245 0.6574 0.7194
vn 0.0681 0.6344 0.7700
vn 0.2375 0.9122 0.3339
vn 0.0457 0.9402 0.3375
vn 0.0049 0.9998 -0.0186
vn 0.1976 0.9803 0.0011
vn -0.3049 0.9514 -0.0428
vn 0.0246 0.9232 -0.3834
vn -0.2173 0.9249 -0.3120
vn -0.0453 0.6147 -0.7875
vn 0.0900 0.6219 -0.7779
vn 0.0502 0.0952 -0.9942
vn 0.1927 0.0915 -0.9770
vn 0.2286 0.6171 -0.7529
vn -0.0992 0.1656 -0.9812
vn -0.2132 0.9334 0.2888
vn -0.4554 0.8815 -0.1251
vn -0.1177 0.5482 -0.8281
vn -0.2648 0.9552 -0.1319
vn -0.3215 -0.3210 -0.8908
vn -0.1435 0.5681 -0.8104
vn -0.1218 0.1819 -0.9757
vn -0.1235 0.5640 -0.8165
vn -0.0976 0.1758 -0.9796
vn -0.1361 -0.9378 -0.3194
vn -0.1886 -0.9440 -0.2706
vn -0.1084 -0.9941 -0.0053
vn -0.0926 -0.9953 -0.0271
vn -0.1743 -0.9479 0.2665
vn -0.1361 -0.9426 0.3050
vn -0.1464 -0.0142 0.9891
vn -0.1782 0.0228 0.9837
vn -0.1096 -0.0027 0.9940
vn -0.1373 0.0105 0.9905
vn -0.1032 -0.0319 0.9941
vn -0.1756 0.9819 -0.0713
vn -0.3058 0.8610 0.4064
vn -0.3428 0.8817 0.3242
vn -0.1998 0.5474 -0.8127
vn -0.2494 0.9683 -0.0130
vn -0.2979 0.8429 0.4480
vn -0.1820 0.9757 -0.1217
vn -0.3425 0.4337 0.8335
vn -0.2786 -0.5525 0.7856
vn -0.1796 -0.0412 0.9829
vn -0.2015 -0.0348 0.9789
vn -0.3357 -0.5062 0.7944
vn -0.2986 -0.9544 0.0020
vn -0.1871 -0.9822 -0.0172
vn -0.1642 -0.9285 0.3331
vn -0.1918 -0.9086 -0.3710
vn -0.2541 -0.8855 -0.3890
vn -0.2875 0.5359 -0.7938
vn -0.2630 0.1571 -0.9519
vn -0.3320 0.1541 -0.9306
vn -0.1776 0.1681 -0.9696
vn -0.3534 0.5298 -0.7710
vn -0.3984 0.4240 0.8134
vn -0.4064 0.9136 0.0128
vn -0.3435 0.9391 0.0070
vn -0.5171 0.4493 0.7285
vn -0.8396 0.5432 0.0006
vn -0.5380 -0.4164 0.7330
vn -0.6911 0.1665 0.7033
vn -0.3665 -0.9304 -0.0017
vn -0.1610 -0.9230 -0.3495
vn -0.1317 -0.9910 -0.0234
vn -0.4831 0.4751 -0.7354
vn -0.5480 0.1516 -0.8226
vn -0.6954 0.1822 -0.6952
vn -0.3353 -0.8662 -0.3704
vn 0.0609 -0.6299 -0.7743
vn 0.3232 -0.6159 -0.7184
vn 0.3666 -0.1907 -0.9106
vn 0.0606 -0.1906 -0.9798
vn 0.0604 -0.9041 -0.4230
vn 0.1729 -0.9234 -0.3426
vn 0.2272 -0.8270 -0.5142
vn 0.0150 -0.9968 -0.0786
vn 0.3760 -0.3875 -0.8417
vn -0.2208 -0.9482 -0.2286
vn 0.0857 -0.9885 -0.1244
vn 0.0316 -0.9810 -0.1917
vn 0.2415 -0.9586 0.1511
vn 0.0285 -0.9804 0.1948
vn 0.0219 -0.9961 -0.0856
vn 0.0313 -0.9760 0.2157
vn 0.0221 -0.9945 -0.1021
vn 0.0587 -0.8968 -0.4384
vn 0.0614 -0.6233 -0.7796
vn -0.3593 -0.9286 0.0923
vn -0.5894 -0.8005 -0.1089
vn -0.4091 -0.8895 0.2037
vn -0.1557 -0.9046 -0.3968
vn -0.3570 -0.8955 -0.2656
vn -0.1215 -0.5109 -0.8510
vn 0.1198 -0.4534 -0.8832
vn -0.5586 -0.7993 -0.2216
vn -0.4639 -0.8688 0.1731
vn -0.3652 -0.5102 -0.7787
vn -0.4666 -0.8729 -0.1429
vn -0.7774 -0.6248 -0.0731
vn -0.9440 -0.2927 -0.1525
vn -0.2177 -0.9466 0.2376
vn -0.2271 0.0399 0.9731
vn -0.0119 -0.0019 -0.9999
vn 0.0024 -0.0045 -1.0000
vn 0.0032 -0.0045 -1.0000
vn -0.0211 -0.0025 -0.9998
vn -0.1533 0.4879 -0.8593
vn -0.0469 -0.0013 -0.9989
vn -0.0905 -0.9398 -0.3296
vn -0.0203 -0.9267 -0.3753
vn -0.0925 -0.9956 0.0159
vn -0.0227 -0.9253 -0.3786
vn -0.1095 -0.9937 0.0234
vn -0.0283 -0.9231 0.3835
vn -0.0808 -0.9339 0.3483
vn -0.1428 0.0209 0.9895
vn -0.1143 0.0336 0.9929
vn -0.0909 0.0247 0.9956
vn -0.1227 0.0137 0.9924
vn -0.2762 0.8695 0.4095
vn -0.2463 0.8992 0.3617
vn -0.1912 0.9787 -0.0747
vn -0.2082 0.4621 -0.8620
vn -0.2791 0.9597 -0.0326
vn -0.2949 0.8548 0.4270
vn -0.2354 0.9695 -0.0688
vn -0.2090 0.8693 -0.4480
vn -0.3422 0.8371 0.4268
vn -0.2427 -0.0048 0.9701
vn -0.2627 0.0020 0.9649
vn -0.1790 0.0085 0.9838
vn -0.1944 0.0128 0.9808
vn -0.3273 -0.0058 0.9449
vn -0.2530 -0.9182 0.3047
vn -0.3181 -0.9480 0.0015
vn -0.1984 -0.9280 0.3152
vn -0.2284 -0.9735 0.0092
vn -0.1427 -0.9328 0.3309
vn -0.1964 -0.9352 -0.2948
vn -0.2580 -0.9232 -0.2847
vn -0.2732 0.4602 -0.8447
vn -0.1901 -0.0109 -0.9817
vn -0.2575 -0.0045 -0.9663
vn -0.1110 -0.0011 -0.9938
vn -0.3629 0.4661 -0.8069
vn -0.4084 0.4782 0.7775
vn -0.4592 0.8883 -0.0100
vn -0.3816 0.9239 -0.0279
vn -0.5063 0.4540 0.7332
vn -0.8476 0.5305 -0.0106
vn -0.5114 0.1117 0.8521
vn -0.3132 -0.8819 0.3523
vn -0.6185 0.1590 0.7695
vn -0.3267 -0.9451 -0.0040
vn -0.1423 -0.9408 -0.3076
vn -0.1574 -0.9874 0.0145
vn -0.4858 0.4240 -0.7643
vn -0.4987 0.0713 -0.8638
vn -0.6097 0.1288 -0.7821
vn -0.3287 -0.8703 -0.3668
vn 0.1519 0.1642 0.9747
vn 0.0826 0.1714 0.9817
vn 0.1199 -0.4898 0.8635
vn 0.1286 -0.4601 0.8785
vn 0.0911 0.7929 0.6025
vn -0.0013 0.8097 0.5868
vn 0.0135 0.9999 0.0073
vn -0.0334 0.9994 0.0077
vn -0.0118 0.8216 0.5700
vn -0.0101 0.1878 0.9822
vn -0.0353 -0.4622 0.8861
vn 0.1101 -0.8085 0.5782
vn 0.0182 -0.8192 0.5733
vn 0.0902 -0.8306 0.5495
vn 0.0158 0.8719 -0.4894
vn -0.0261 0.9996 0.0086
vn 0.0007 0.8701 -0.4928
vn 0.0176 0.5046 -0.8631
vn 0.0055 0.5178 -0.8555
vn 0.0152 0.1707 -0.9852
vn 0.0100 0.1828 -0.9831
vn -0.0532 0.8615 -0.5050
vn -0.0700 0.9975 0.0080
vn -0.0238 0.4980 -0.8668
vn -0.0049 0.1664 -0.9860
vn 0.0128 0.4990 -0.8665
vn -0.0167 0.8757 -0.4825
vn 0.0364 0.1634 -0.9859
vn -0.0028 0.4490 -0.8935
vn -0.0069 0.1700 -0.9854
vn -0.0134 0.8471 -0.5313
vn -0.0103 0.9997 0.0240
vn -0.0968 0.7830 0.6144
vn -0.1124 0.1771 0.9777
vn -0.0086 0.8026 0.5965
vn -0.0066 0.1840 0.9829
vn -0.1184 -0.4476 0.8864
vn -0.0120 -0.4986 0.8667
vn -0.0599 -0.8328 0.5503
vn -0.0062 -0.8674 0.4977
vn 0.0345 0.9990 0.0293
vn 0.0557 0.7855 0.6163
vn 0.0101 -0.8709 0.4914
vn 0.0275 -0.5017 0.8646
vn 0.0546 0.1758 0.9829
vn 0.0294 -0.9688 0.2460
vn 0.0780 -0.9682 0.2376
vn 0.0490 -0.9703 0.2369
vn -0.0130 -0.9733 0.2293
vn 0.0128 -0.9776 0.2102
vn 0.0476 -0.9792 0.1972
vn 0.0929 0.2208 0.9709
vn 0.0763 0.8124 0.5781
vn 0.0576 -0.4204 0.9055
vn 0.0235 -0.8445 0.5350
vn 0.0679 -0.9763 0.2053
vn 0.0853 -0.8485 0.5223
vn 0.1046 -0.4990 0.8603
vn 0.0502 0.1907 0.9804
vn -0.0434 0.8207 0.5698
vn -0.0520 0.9985 0.0148
vn -0.0321 0.8777 -0.4782
vn 0.0129 0.4987 -0.8667
vn 0.0443 0.1619 -0.9858
vn 0.0602 -0.1821 -0.9814
vn 0.1996 0.9060 -0.3732
vn 0.4348 0.8364 -0.3337
vn 0.0074 -0.6198 -0.7847
vn 0.0354 -0.6170 -0.7862
vn 0.0157 -0.1720 -0.9850
vn 0.0168 -0.1613 -0.9868
vn 0.0186 -0.8943 -0.4471
vn 0.0396 -0.8911 -0.4521
vn 0.0001 -0.6210 -0.7838
vn 0.0155 -0.1624 -0.9866
vn -0.0022 -0.8947 -0.4468
vn 0.0504 -0.1737 -0.9835
vn 0.0577 -0.6169 -0.7849
vn 0.0582 -0.8880 -0.4562
vn -0.0011 -0.8873 -0.4613
vn -0.0195 -0.6198 -0.7845
vn 0.0091 -0.6295 -0.7770
vn 0.0289 -0.8931 -0.4489
vn -0.0144 -0.1928 -0.9811
vn 0.0224 -0.9926 -0.1193
vn 0.0570 -0.9902 -0.1277
vn -0.0056 -0.9919 -0.1266
vn 0.0389 -0.9925 -0.1156
vn 0.0158 -0.9914 -0.1297
vn 0.0586 -0.9901 -0.1279
vn 0.0444 -0.1916 -0.9805
vn 0.0827 -0.9879 -0.1311
vn 0.0508 -0.8850 -0.4628
vn 0.0533 -0.5917 -0.8044
vn 0.0847 -0.1224 -0.9889
vn 0.0423 0.1693 -0.9847
vn 0.0464 0.4475 -0.8931
vn 0.0401 0.8464 -0.5310
vn 0.0709 0.1891 -0.9794
vn 0.0748 0.4825 -0.8727
vn 0.0652 0.8750 -0.4798
vn 0.0503 0.9980 0.0387
vn -0.6390 -0.5337 -0.5539
vn -0.5303 -0.8457 -0.0601
vn -0.6202 -0.7471 -0.2393
vn -0.3419 -0.9396 0.0151
vn -0.2973 -0.9497 0.0979
vn -0.4296 -0.9027 -0.0240
vn -0.7216 -0.6884 0.0732
vn -0.7977 -0.4495 -0.4021
vn -0.6893 -0.7172 -0.1019
vn -0.4360 -0.8657 0.2458
vn -0.1894 -0.9770 0.0978
vn -0.2872 -0.3242 0.9013
vn -0.0742 -0.8938 0.4423
vn -0.1889 0.5402 0.8201
vn -0.0986 0.1777 0.9791
vn -0.1201 0.5335 0.8372
vn -0.2863 0.9363 0.2032
vn -0.1993 0.9636 0.1782
vn -0.0232 -0.9634 -0.2670
vn -0.0200 -0.0144 -0.9997
vn 0.0606 -0.0256 -0.9978
vn 0.0860 -0.0360 -0.9956
vn 0.1338 -0.0381 -0.9903
vn -0.4578 0.8865 0.0667
vn -0.3494 0.8910 -0.2899
vn -0.3665 -0.4676 0.8044
vn -0.3875 -0.8868 0.2519
vn -0.3587 -0.7349 0.5756
vn -0.2281 -0.7210 0.6543
vn -0.1825 0.1075 0.9773
vn -0.3466 0.9324 -0.1023
vn -0.1059 0.9420 0.3186
vn -0.3380 0.9347 -0.1098
vn 0.2793 0.4615 0.8420
vn 0.2093 0.4839 0.8497
vn 0.2966 -0.3061 0.9046
vn 0.3904 -0.2926 0.8729
vn 0.4202 0.4889 0.7645
vn 0.5485 -0.2629 0.7938
vn 0.1820 -0.8694 0.4593
vn 0.3760 -0.8056 0.4579
vn -0.1051 0.9434 0.3147
vn -0.1267 0.5826 0.8028
vn 0.0440 -0.8578 0.5122
vn -0.3629 0.9299 -0.0604
vn -0.0845 0.0269 0.9961
vn -0.1019 0.0328 0.9943
vn -0.0176 -0.9180 0.3963
vn -0.1048 -0.9945 -0.0060
vn 0.0959 -0.9904 0.0997
vn -0.1064 -0.9936 0.0383
vn -0.4056 -0.8845 -0.2306
vn -0.1243 -0.9862 -0.1091
vn -0.4806 -0.8277 -0.2897
vn -0.2075 -0.9731 0.1001
vn -0.7767 -0.3656 -0.5129
vn -0.8201 -0.4088 -0.4005
vn -0.7548 -0.5133 -0.4085
vn -0.6216 -0.6670 -0.4107
vn -0.3904 -0.8480 -0.3585
vn -0.7568 -0.3466 -0.5542
vn -0.7395 0.4747 -0.4772
vn -0.8369 -0.1472 -0.5271
vn -0.6392 -0.7596 -0.1206
vn -0.7829 0.0601 0.6192
vn -0.7842 0.0634 0.6172
vn -0.7743 0.0617 0.6298
vn -0.7729 0.0578 0.6319
vn -0.3000 0.9513 0.0711
vn -0.2794 0.9514 0.1291
vn -0.3972 0.9138 -0.0848
vn -0.1591 -0.9092 0.3846
vn -0.2464 -0.9570 0.1530
vn -0.4988 -0.8336 -0.2373
vn -0.3750 0.9208 -0.1068
vn -0.7573 0.4934 -0.4279
vn -0.1198 0.9331 0.3390
vn 0.1862 0.4814 0.8565
vn -0.0570 0.7455 0.6641
vn -0.7817 0.0560 0.6212
vn 0.0305 -0.4856 0.8737
vn -0.7710 0.0539 0.6345
vn 0.2502 -0.3251 0.9120
vn -0.0039 -0.8527 0.5224
vn -0.9023 0.3640 -0.2309
vn -0.9282 0.3495 -0.1280
vn -0.3911 -0.8870 0.2456
vn -0.2672 0.1255 0.9554
vn -0.1769 0.1442 0.9736
vn -0.2006 0.5211 0.8296
vn -0.2864 0.5135 0.8089
vn -0.1964 0.8220 0.5345
vn -0.1402 0.5308 0.8358
vn -0.1941 0.9772 0.0858
vn -0.2145 0.8358 -0.5054
vn -0.2390 0.4673 -0.8511
vn -0.3189 0.8451 -0.4292
vn -0.3591 0.9332 -0.0097
vn -0.4205 0.9073 -0.0046
vn -0.3698 0.4338 -0.8216
vn -0.3050 0.4495 -0.8396
vn -0.1604 -0.0053 -0.9870
vn -0.2527 -0.0142 -0.9674
vn -0.3444 0.5315 0.7739
vn -0.4393 0.4642 0.7691
vn -0.8347 0.5506 0.0046
vn -0.5956 0.1665 0.7858
vn -0.4822 0.1353 0.8656
vn -0.2927 -0.8548 0.4286
vn -0.3363 -0.9417 0.0044
vn -0.2951 -0.9547 0.0395
vn -0.1972 -0.9160 -0.3494
vn -0.1610 -0.9861 0.0420
vn -0.2688 -0.8894 -0.3698
vn -0.3213 -0.0226 -0.9467
vn -0.2393 -0.8572 0.4559
vn -0.3230 0.1104 0.9399
vn -0.3118 -0.8677 -0.3871
vn -0.5048 0.0860 -0.8589
vn -0.6067 0.1512 -0.7804
vn -0.4742 0.4492 -0.7572
vn -0.1706 -0.9400 -0.2953
vn -0.0964 -0.9924 0.0766
vn -0.1034 -0.8777 0.4679
vn -0.1784 -0.8640 0.4708
vn -0.0857 -0.8865 0.4547
vn -0.1202 0.1525 0.9810
vn -0.0303 -0.9980 0.0563
vn -0.0834 -0.9545 -0.2862
vn -0.1073 -0.0005 -0.9942
vn -0.0951 0.0025 -0.9955
vn -0.1058 -0.5010 0.8589
vn -0.0850 -0.8648 0.4949
vn -0.3391 -0.8239 0.4540
vn -0.5194 -0.4976 0.6947
vn -0.0484 0.2099 0.9765
vn -0.4806 0.2291 0.8465
vn 0.0455 0.8262 0.5615
vn -0.3227 0.8085 0.4921
vn 0.0517 0.9985 0.0203
vn -0.2572 0.9660 0.0257
vn 0.0323 0.8806 -0.4727
vn -0.3050 0.8488 -0.4319
vn -0.3399 0.4644 -0.8178
vn -0.0126 0.5021 -0.8647
vn -0.3526 0.1520 -0.9233
vn -0.0443 0.1613 -0.9859
vn -0.2764 -0.9604 0.0357
vn -0.4915 -0.8606 0.1335
vn -0.4097 0.0884 -0.9079
vn -0.4395 0.5632 -0.6997
vn -0.4276 0.9038 0.0170
vn -0.4442 0.8387 0.3150
vn -0.4582 0.6032 0.6528
vn -0.6604 0.4540 0.5980
vn -0.4232 0.4180 0.8039
vn -0.6411 0.4022 0.6536
vn -0.5729 0.3011 0.7623
vn -0.7123 -0.2433 0.6584
vn -0.6267 -0.6520 0.4267
vn -0.0496 0.6737 0.7374
vn -0.0472 0.3913 0.9191
vn -0.1840 0.2378 0.9537
vn -0.2245 0.6574 0.7193
vn -0.0681 0.6344 0.7700
vn -0.2375 0.9122 0.3339
vn -0.0457 0.9402 0.3375
vn -0.0049 0.9998 -0.0186
vn -0.1976 0.9803 0.0011
vn 0.3049 0.9514 -0.0428
vn -0.0246 0.9232 -0.3834
vn 0.2173 0.9249 -0.3120
vn 0.0453 0.6147 -0.7875
vn -0.0900 0.6219 -0.7779
vn -0.0502 0.0952 -0.9942
vn -0.1927 0.0915 -0.9770
vn -0.2286 0.6171 -0.7529
vn 0.0992 0.1656 -0.9812
vn 0.2132 0.9334 0.2888
vn 0.4554 0.8815 -0.1251
vn 0.1177 0.5482 -0.8281
vn 0.2648 0.9552 -0.1319
vn 0.3215 -0.3210 -0.8908
vn 0.1435 0.5681 -0.8103
vn 0.1218 0.1819 -0.9757
vn 0.1235 0.5640 -0.8165
vn 0.0976 0.1758 -0.9796
vn 0.1886 -0.9440 -0.2706
vn 0.1361 -0.9378 -0.3194
vn 0.1084 -0.9941 -0.0053
vn 0.0926 -0.9953 -0.0271
vn 0.1743 -0.9479 0.2665
vn 0.1361 -0.9426 0.3050
vn 0.1782 0.0228 0.9837
vn 0.1464 -0.0142 0.9891
vn 0.1096 -0.0027 0.9940
vn 0.1373 0.0105 0.9905
vn 0.1032 -0.0319 0.9941
vn 0.3058 0.8610 0.4064
vn 0.1756 0.9819 -0.0713
vn 0.3428 0.8817 0.3242
vn 0.1998 0.5474 -0.8127
vn 0.2494 0.9683 -0.0130
vn 0.2979 0.8429 0.4480
vn 0.1820 0.9757 -0.1217
vn 0.3425 0.4337 0.8335
vn 0.2786 -0.5525 0.7856
vn 0.1796 -0.0412 0.9829
vn 0.2015 -0.0348 0.9789
vn 0.3357 -0.5062 0.7944
vn 0.2986 -0.9544 0.0020
vn 0.1871 -0.9822 -0.0172
vn 0.1642 -0.9285 0.3331
vn 0.1918 -0.9086 -0.3710
vn 0.2541 -0.8855 -0.3890
vn 0.2630 0.1571 -0.9519
vn 0.2875 0.5359 -0.7938
vn 0.3320 0.1541 -0.9306
vn 0.1776 0.1681 -0.9696
vn 0.3534 0.5298 -0.7710
vn 0.3984 0.4240 0.8134
vn 0.4064 0.9136 0.0128
vn 0.3435 0.9391 0.0070
vn 0.5171 0.4493 0.7285
vn 0.8396 0.5432 0.0006
vn 0.5380 -0.4164 0.7330
vn 0.6911 0.1665 0.7033
vn 0.3665 -0.9304 -0.0017
vn 0.1317 -0.9910 -0.0234
vn 0.1610 -0.9230 -0.3495
vn 0.4831 0.4751 -0.7354
vn 0.5480 0.1516 -0.8226
vn 0.6954 0.1821 -0.6952
vn 0.3353 -0.8662 -0.3704
vn -0.0609 -0.6299 -0.7743
vn -0.0606 -0.1906 -0.9798
vn -0.3666 -0.1907 -0.9106
vn -0.3232 -0.6159 -0.7184
vn -0.0604 -0.9041 -0.4230
vn -0.1729 -0.9234 -0.3426
vn -0.2272 -0.8270 -0.5142
vn -0.0150 -0.9968 -0.0786
vn -0.3760 -0.3875 -0.8417
vn 0.2208 -0.9482 -0.2286
vn -0.0857 -0.9885 -0.1244
vn -0.0316 -0.9810 -0.1917
vn -0.2415 -0.9586 0.1511
vn -0.0285 -0.9804 0.1948
vn -0.0219 -0.9961 -0.0856
vn -0.0313 -0.9760 0.2157
vn -0.0221 -0.9945 -0.1021
vn -0.0587 -0.8968 -0.4384
vn -0.0614 -0.6233 -0.7796
vn 0.3593 -0.9286 0.0923
vn 0.5894 -0.8005 -0.1089
vn 0.4091 -0.8895 0.2037
vn 0.1557 -0.9046 -0.3968
vn 0.3570 -0.8955 -0.2656
vn 0.1215 -0.5109 -0.8510
vn -0.1198 -0.4534 -0.8832
vn 0.5586 -0.7993 -0.2216
vn 0.4639 -0.8688 0.1731
vn 0.3652 -0.5102 -0.7787
vn 0.4666 -0.8729 -0.1429
vn 0.7774 -0.6248 -0.0731
vn 0.9440 -0.2927 -0.1525
vn 0.2178 -0.9466 0.2376
vn 0.2271 0.0399 0.9731
vn -0.0024 -0.0045 -1.0000
vn 0.0119 -0.0019 -0.9999
vn -0.0032 -0.0045 -1.0000
vn 0.0211 -0.0025 -0.9998
vn 0.1533 0.4879 -0.8593
vn 0.0469 -0.0013 -0.9989
vn 0.0203 -0.9267 -0.3753
vn 0.0905 -0.9398 -0.3296
vn 0.0925 -0.9956 0.0159
vn 0.0227 -0.9253 -0.3786
vn 0.1095 -0.9937 0.0234
vn 0.0283 -0.9231 0.3835
vn 0.0808 -0.9339 0.3483
vn 0.1143 0.0336 0.9929
vn 0.1428 0.0209 0.9895
vn 0.0909 0.0247 0.9956
vn 0.1227 0.0137 0.9924
vn 0.2463 0.8992 0.3617
vn 0.2762 0.8695 0.4095
vn 0.1912 0.9787 -0.0747
vn 0.2082 0.4621 -0.8620
vn 0.2791 0.9597 -0.0326
vn 0.2949 0.8548 0.4270
vn 0.2354 0.9695 -0.0688
vn 0.2090 0.8693 -0.4480
vn 0.3422 0.8371 0.4268
vn 0.2627 0.0020 0.9649
vn 0.2427 -0.0048 0.9701
vn 0.1790 0.0085 0.9838
vn 0.1944 0.0128 0.9808
vn 0.3273 -0.0058 0.9449
vn 0.3181 -0.9480 0.0015
vn 0.2530 -0.9182 0.3047
vn 0.1984 -0.9280 0.3152
vn 0.2284 -0.9735 0.0092
vn 0.1427 -0.9328 0.3309
vn 0.1964 -0.9352 -0.2948
vn 0.2580 -0.9233 -0.2847
vn 0.1901 -0.0109 -0.9817
vn 0.2732 0.4602 -0.8447
vn 0.2575 -0.0045 -0.9663
vn 0.1110 -0.0011 -0.9938
vn 0.3629 0.4661 -0.8069
vn 0.4085 0.4782 0.7775
vn 0.4592 0.8883 -0.0100
vn 0.3816 0.9239 -0.0279
vn 0.5063 0.4540 0.7332
vn 0.8476 0.5305 -0.0106
vn 0.5114 0.1117 0.8521
vn 0.3132 -0.8819 0.3523
vn 0.6185 0.1590 0.7695
vn 0.3267 -0.9451 -0.0040
vn 0.1574 -0.9874 0.0145
vn 0.1423 -0.9408 -0.3076
vn 0.4858 0.4240 -0.7643
vn 0.4987 0.0713 -0.8638
vn 0.6097 0.1288 -0.7821
vn 0.3287 -0.8703 -0.3668
vn -0.1519 0.1642 0.9747
vn -0.1286 -0.4601 0.8785
vn -0.1199 -0.4898 0.8635
vn -0.0826 0.1714 0.9817
vn -0.0911 0.7929 0.6025
vn 0.0013 0.8097 0.5868
vn -0.0135 0.9999 0.0073
vn 0.0334 0.9994 0.0077
vn 0.0118 0.8216 0.5700
vn 0.0101 0.1878 0.9822
vn 0.0353 -0.4622 0.8861
vn -0.1101 -0.8085 0.5782
vn -0.0182 -0.8192 0.5733
vn -0.0902 -0.8306 0.5495
vn -0.0158 0.8719 -0.4894
vn 0.0261 0.9996 0.0086
vn -0.0007 0.8701 -0.4928
vn -0.0176 0.5046 -0.8631
vn -0.0055 0.5178 -0.8555
vn -0.0152 0.1707 -0.9852
vn -0.0100 0.1828 -0.9831
vn 0.0532 0.8615 -0.5050
vn 0.0700 0.9975 0.0080
vn 0.0238 0.4980 -0.8668
vn 0.0049 0.1664 -0.9860
vn -0.0128 0.4990 -0.8665
vn 0.0167 0.8757 -0.4825
vn -0.0364 0.1634 -0.9859
vn 0.0028 0.4490 -0.8935
vn 0.0069 0.1700 -0.9854
vn 0.0134 0.8471 -0.5313
vn 0.0103 0.9997 0.0240
vn 0.0968 0.7830 0.6144
vn 0.1124 0.1771 0.9777
vn 0.0086 0.8026 0.5965
vn 0.0066 0.1840 0.9829
vn 0.1184 -0.4476 0.8864
vn 0.0120 -0.4986 0.8667
vn 0.0599 -0.8328 0.5503
vn 0.0062 -0.8674 0.4977
vn -0.0345 0.9990 0.0293
vn -0.0557 0.7855 0.6163
vn -0.0101 -0.8709 0.4914
vn -0.0275 -0.5017 0.8646
vn -0.0546 0.1758 0.9829
vn -0.0294 -0.9688 0.2460
vn -0.0780 -0.9682 0.2376
vn -0.0490 -0.9703 0.2369
vn 0.0130 -0.9733 0.2293
vn -0.0128 -0.9776 0.2102
vn -0.0476 -0.9792 0.1972
vn -0.0929 0.2208 0.9709
vn -0.0763 0.8124 0.5781
vn -0.0576 -0.4204 0.9055
vn -0.0235 -0.8445 0.5350
vn -0.0679 -0.9763 0.2053
vn -0.0853 -0.8485 0.5223
vn -0.1046 -0.4990 0.8603
vn -0.0502 0.1907 0.9804
vn 0.0434 0.8207 0.5698
vn 0.0520 0.9985 0.0148
vn 0.0321 0.8777 -0.4782
vn -0.0129 0.4987 -0.8667
vn -0.0443 0.1619 -0.9858
vn -0.0602 -0.1821 -0.9814
vn -0.1996 0.9060 -0.3732
vn -0.4348 0.8364 -0.3337
vn -0.0074 -0.6198 -0.7847
vn -0.0168 -0.1613 -0.9868
vn -0.0157 -0.1720 -0.9850
vn -0.0354 -0.6170 -0.7862
vn -0.0186 -0.8943 -0.4471
vn -0.0396 -0.8911 -0.4521
vn -0.0001 -0.6210 -0.7838
vn -0.0155 -0.1624 -0.9866
vn 0.0022 -0.8947 -0.4468
vn -0.0504 -0.1737 -0.9835
vn -0.0577 -0.6169 -0.7849
vn -0.0582 -0.8880 -0.4562
vn 0.0011 -0.8873 -0.4613
vn 0.0195 -0.6198 -0.7845
vn -0.0091 -0.6295 -0.7770
vn -0.0289 -0.8931 -0.4489
vn 0.0144 -0.1928 -0.9811
vn -0.0224 -0.9926 -0.1193
vn -0.0570 -0.9902 -0.1277
vn 0.0056 -0.9919 -0.1266
vn -0.0389 -0.9925 -0.1156
vn -0.0158 -0.9914 -0.1297
vn -0.0586 -0.9901 -0.1279
vn -0.0444 -0.1916 -0.9805
vn -0.0827 -0.9879 -0.1311
vn -0.0508 -0.8850 -0.4628
vn -0.0533 -0.5917 -0.8044
vn -0.0847 -0.1224 -0.9889
vn -0.0423 0.1693 -0.9847
vn -0.0464 0.4475 -0.8931
vn -0.0401 0.8464 -0.5310
vn -0.0709 0.1891 -0.9794
vn -0.0748 0.4825 -0.8727
vn -0.0652 0.8750 -0.4798
vn -0.0503 0.9980 0.0387
vn 0.6390 -0.5337 -0.5539
vn 0.5303 -0.8457 -0.0601
vn 0.6202 -0.7470 -0.2393
vn 0.3419 -0.9396 0.0151
vn 0.2973 -0.9497 0.0979
vn 0.4296 -0.9027 -0.0240
vn 0.7216 -0.6884 0.0732
vn 0.7977 -0.4495 -0.4021
vn 0.6893 -0.7172 -0.1019
vn 0.4360 -0.8657 0.2458
vn 0.1894 -0.9770 0.0978
vn 0.2872 -0.3242 0.9013
vn 0.0742 -0.8938 0.4423
vn 0.1889 0.5402 0.8201
vn 0.0986 0.1777 0.9791
vn 0.1201 0.5335 0.8372
vn 0.2863 0.9363 0.2032
vn 0.1993 0.9636 0.1782
vn 0.0232 -0.9634 -0.2670
vn -0.0606 -0.0256 -0.9978
vn 0.0200 -0.0144 -0.9997
vn -0.0860 -0.0360 -0.9956
vn -0.1338 -0.0381 -0.9903
vn 0.3494 0.8910 -0.2899
vn 0.4578 0.8865 0.0667
vn 0.3665 -0.4676 0.8044
vn 0.3875 -0.8868 0.2519
vn 0.3587 -0.7349 0.5756
vn 0.2281 -0.7210 0.6543
vn 0.1825 0.1075 0.9773
vn 0.3466 0.9324 -0.1023
vn 0.1059 0.9420 0.3185
vn 0.3380 0.9347 -0.1098
vn -0.2793 0.4615 0.8420
vn -0.2093 0.4839 0.8497
vn -0.2966 -0.3061 0.9046
vn -0.3904 -0.2926 0.8729
vn -0.4202 0.4889 0.7645
vn -0.5485 -0.2629 0.7938
vn -0.1820 -0.8694 0.4593
vn -0.3760 -0.8056 0.4579
vn 0.1051 0.9434 0.3147
vn 0.1267 0.5826 0.8028
vn -0.0440 -0.8578 0.5122
vn 0.3629 0.9299 -0.0604
vn 0.0845 0.0269 0.9961
vn 0.1019 0.0328 0.9943
vn 0.0176 -0.9180 0.3963
vn 0.1048 -0.9945 -0.0060
vn -0.0958 -0.9904 0.0997
vn 0.1243 -0.9862 -0.1091
vn 0.4056 -0.8845 -0.2306
vn 0.1064 -0.9936 0.0383
vn 0.4806 -0.8277 -0.2897
vn 0.2075 -0.9731 0.1001
vn 0.7767 -0.3656 -0.5129
vn 0.8201 -0.4088 -0.4005
vn 0.7548 -0.5133 -0.4085
vn 0.6216 -0.6670 -0.4107
vn 0.3904 -0.8480 -0.3585
vn 0.7568 -0.3466 -0.5542
vn 0.7395 0.4747 -0.4772
vn 0.8369 -0.1472 -0.5271
vn 0.6392 -0.7596 -0.1206
vn 0.7843 0.0634 0.6172
vn 0.7829 0.0601 0.6192
vn 0.7743 0.0617 0.6298
vn 0.7729 0.0578 0.6319
vn 0.3000 0.9513 0.0711
vn 0.3972 0.9138 -0.0848
vn 0.2795 0.9514 0.1292
vn 0.1591 -0.9092 0.3846
vn 0.2464 -0.9570 0.1530
vn 0.4988 -0.8336 -0.2373
vn 0.3750 0.9208 -0.1068
vn 0.7573 0.4934 -0.4279
vn 0.1198 0.9331 0.3390
vn -0.1862 0.4814 0.8565
vn 0.0570 0.7455 0.6641
vn 0.7817 0.0560 0.6212
vn -0.0305 -0.4856 0.8737
vn 0.7710 0.0540 0.6345
vn -0.2502 -0.3251 0.9120
vn 0.0039 -0.8527 0.5224
vn 0.9023 0.3640 -0.2309
vn 0.9282 0.3495 -0.1280
vn 0.3911 -0.8870 0.2456
vn 0.2672 0.1255 0.9554
vn 0.2864 0.5135 0.8089
vn 0.2006 0.5211 0.8296
vn 0.1769 0.1442 0.9736
vn 0.1964 0.8220 0.5345
vn 0.1402 0.5308 0.8358
vn 0.1941 0.9772 0.0858
vn 0.2145 0.8358 -0.5054
vn 0.2390 0.4673 -0.8511
vn 0.3189 0.8451 -0.4292
vn 0.3591 0.9332 -0.0097
vn 0.4205 0.9073 -0.0046
vn 0.3698 0.4338 -0.8216
vn 0.3050 0.4495 -0.8396
vn 0.1604 -0.0053 -0.9870
vn 0.2527 -0.0142 -0.9674
vn 0.3444 0.5315 0.7739
vn 0.4393 0.4642 0.7691
vn 0.8347 0.5506 0.0046
vn 0.5956 0.1665 0.7858
vn 0.4822 0.1353 0.8656
vn 0.3363 -0.9417 0.0044
vn 0.2927 -0.8548 0.4286
vn 0.2951 -0.9547 0.0395
vn 0.1972 -0.9160 -0.3494
vn 0.2688 -0.8894 -0.3698
vn 0.3213 -0.0226 -0.9467
vn 0.1610 -0.9861 0.0420
vn 0.2393 -0.8572 0.4559
vn 0.3230 0.1104 0.9399
vn 0.3118 -0.8677 -0.3872
vn 0.5048 0.0860 -0.8589
vn 0.6067 0.1512 -0.7804
vn 0.4742 0.4492 -0.7572
vn 0.0964 -0.9924 0.0766
vn 0.1706 -0.9400 -0.2953
vn 0.1034 -0.8777 0.4679
vn 0.1784 -0.8640 0.4708
vn 0.0857 -0.8865 0.4547
vn 0.1202 0.1525 0.9810
vn 0.0303 -0.9980 0.0563
vn 0.0834 -0.9545 -0.2862
vn 0.0951 0.0025 -0.9955
vn 0.1073 -0.0005 -0.9942
vn -0.3040 0.0601 -0.9508
vn -0.2920 -0.0437 -0.9554
vn -0.8126 -0.0206 -0.5824
vn -0.8090 0.0744 -0.5831
vn 0.3196 0.0644 -0.9453
vn 0.3177 -0.0464 -0.9470
vn 0.8261 0.0771 -0.5582
vn 0.8323 -0.0224 -0.5538
vn 0.9979 0.0649 -0.0068
vn 0.9994 -0.0306 0.0143
vn -0.9993 -0.0315 0.0224
vn -0.9972 0.0750 -0.0002
vn -0.7896 -0.0874 0.6074
vn -0.8005 0.0161 0.5992
vn -0.2766 -0.1165 0.9539
vn -0.2827 -0.0445 0.9582
vn 0.2968 -0.1104 0.9485
vn 0.2918 -0.0482 0.9553
vn 0.8115 -0.0806 0.5788
vn 0.8157 0.0114 0.5784
vn 0.2909 -0.0251 0.9564
vn 0.8255 -0.0163 0.5642
vn 0.3039 0.0033 0.9527
vn 0.8584 -0.0338 0.5118
vn 0.9995 0.0174 -0.0257
vn 0.9924 0.1214 -0.0212
vn -0.2970 0.0071 0.9549
vn -0.2858 -0.0327 0.9577
vn -0.8443 0.0115 0.5357
vn -0.8142 0.0004 0.5806
vn -0.9975 0.0664 -0.0251
vn -0.9901 0.1387 -0.0191
vn 0.8412 0.0236 0.5402
vn 0.9969 -0.0737 -0.0267
vn 0.2960 0.0392 0.9544
vn -0.2968 0.0462 0.9538
vn -0.8289 0.0467 0.5575
vn -0.9994 -0.0098 -0.0318
vn -0.7844 0.1646 -0.5980
vn -0.8263 0.0607 -0.5600
vn -0.9980 0.0601 -0.0195
vn -0.8207 0.0184 -0.5711
vn -0.8015 -0.0322 -0.5971
vn -0.2916 -0.0438 -0.9555
vn -0.2641 -0.1659 -0.9501
vn 0.3079 -0.0472 -0.9502
vn 0.2731 -0.1778 -0.9454
vn -0.2833 0.0968 -0.9541
vn 0.2974 0.1110 -0.9483
vn 0.8027 -0.1248 -0.5832
vn 0.8259 0.0306 -0.5630
vn 0.8097 0.1709 -0.5614
vn 0.8214 -0.0015 -0.5703
vn 0.9999 0.0085 -0.0144
vn -0.2758 0.2838 -0.9184
vn 0.2845 0.2783 -0.9174
vn 0.9906 0.1368 0.0047
vn 0.8151 0.1451 -0.5609
vn 0.9858 0.1655 0.0275
vn 0.8449 0.1927 -0.4990
vn 0.3247 0.1588 -0.9324
vn 0.3572 0.2643 -0.8959
vn -0.2989 0.1765 -0.9378
vn -0.2582 0.2565 -0.9314
vn -0.8115 0.1907 -0.5523
vn -0.7824 0.2403 -0.5745
vn -0.9824 0.1863 -0.0154
vn -0.9727 0.2302 -0.0298
vn -0.7929 0.2156 0.5700
vn -0.8217 0.2580 0.5081
vn -0.2837 0.2037 0.9370
vn -0.3308 0.2842 0.8999
vn 0.3169 0.2014 0.9268
vn 0.2897 0.2749 0.9168
vn 0.8155 0.1761 0.5514
vn 0.7911 0.2108 0.5742
vn -0.8208 0.0910 0.5639
vn -0.2864 0.1001 0.9529
vn 0.3106 0.0823 0.9470
vn 0.8341 0.0603 0.5483
vn -0.9975 -0.0697 -0.0089
vn -0.8058 -0.1237 0.5790
vn -0.7818 -0.0620 -0.6205
vn -0.2664 -0.0951 -0.9591
vn 0.2953 -0.0805 -0.9520
vn 0.7977 -0.0473 -0.6012
vn 0.9972 -0.0747 -0.0076
vn -0.2928 -0.1627 0.9422
vn 0.3104 -0.1631 0.9365
vn 0.8311 -0.1271 0.5414
vn 0.0000 -1.0000 -0.0000
vn 0.0000 -1.0000 0.0014
vn -0.0000 -0.9984 -0.0573
vn -0.0000 -0.9862 -0.1657
vn -0.0000 -0.9763 -0.2165
vn -0.0000 -0.9873 -0.1591
vn -0.0000 -0.9980 -0.0625
vn 0.0000 -1.0000 0.0008
vn 0.0000 -1.0000 0.0025
vn -0.5282 -0.3351 -0.7802
vn -0.5712 -0.2709 -0.7748
vn -0.8397 -0.2933 -0.4571
vn -0.8210 -0.3509 -0.4504
vn -0.1977 -0.2896 -0.9365
vn -0.2247 -0.2548 -0.9405
vn -0.9511 -0.3012 -0.0689
vn -0.9296 -0.3637 -0.0593
vn -0.9526 -0.2887 0.0963
vn -0.9260 -0.3557 0.1265
vn -0.5505 0.0418 -0.8338
vn -0.8815 0.0802 -0.4653
vn -0.1841 0.0799 -0.9797
vn -0.9957 0.0746 -0.0555
vn -0.9855 0.0756 0.1518
vn -0.5090 0.3802 -0.7723
vn -0.7907 0.4768 -0.3839
vn -0.1505 0.3656 -0.9185
vn -0.8750 0.4816 -0.0490
vn -0.8745 0.4698 0.1208
vn -0.4636 0.5721 -0.6766
vn -0.7898 0.4358 -0.4316
vn -0.1102 0.5797 -0.8074
vn -0.9555 0.2844 -0.0788
vn -0.4661 0.5940 -0.6557
vn -0.7660 -0.4633 -0.4457
vn -0.8515 -0.5151 -0.0981
vn -0.0721 0.6984 -0.7120
vn -0.9829 0.0697 0.1706
vn -0.8822 0.4449 0.1540
vn -0.8728 0.3887 0.2950
vn -0.9579 0.2507 0.1401
vn -0.7379 -0.5015 0.4517
vn -0.8440 -0.5080 0.1722
vn -0.6657 -0.1611 0.7286
vn -0.4912 0.8696 -0.0498
vn -0.0862 0.9878 -0.1300
vn -0.0976 0.9220 0.3748
vn -0.1201 0.9421 -0.3132
vn -0.4366 0.8636 -0.2521
vn -0.8110 0.5830 -0.0480
vn -0.7796 0.5935 -0.2001
vn -0.9938 0.1110 -0.0019
vn -0.9740 0.1610 -0.1591
vn -0.9435 -0.3313 -0.0069
vn -0.9631 -0.2224 -0.1516
vn -0.9671 -0.2448 -0.0698
vn -0.9662 -0.1715 -0.1926
vn -0.9714 -0.2125 0.1057
vn -0.9811 -0.1608 0.1079
vn -0.9891 0.1164 0.0899
vn -0.8406 0.5402 0.0402
vn -0.7834 -0.2947 0.5472
vn -0.8107 -0.2289 0.5389
vn -0.5044 -0.2594 0.8236
vn -0.4757 -0.3395 0.8114
vn -0.1806 -0.2838 0.9417
vn -0.1599 -0.3482 0.9237
vn -0.5009 0.0417 0.8645
vn -0.1503 0.0533 0.9872
vn -0.8378 0.0782 0.5404
vn -0.4620 0.4060 0.7885
vn -0.1309 0.4335 0.8916
vn -0.7545 0.4920 0.4343
vn -0.3948 0.7661 0.5071
vn -0.0897 0.8004 0.5927
vn -0.5341 0.8436 0.0555
vn -0.1606 0.9829 0.0899
vn 0.0897 0.8004 0.5927
vn 0.1318 0.4328 0.8918
vn 0.1571 0.0480 0.9864
vn 0.1675 -0.3416 0.9248
vn 0.1809 -0.2836 0.9417
vn 0.5069 -0.2568 0.8229
vn 0.4688 -0.3371 0.8164
vn 0.8164 -0.2189 0.5343
vn 0.7869 -0.2999 0.5392
vn 0.4882 0.0331 0.8721
vn 0.8431 0.0731 0.5327
vn 0.4540 0.4108 0.7907
vn 0.7549 0.4977 0.4271
vn 0.3948 0.7661 0.5071
vn 0.9710 -0.2081 0.1179
vn 0.9792 -0.1615 0.1228
vn 0.9682 -0.2075 -0.1399
vn 0.9645 -0.1913 -0.1823
vn 0.9465 -0.3211 -0.0326
vn 0.9626 -0.2558 -0.0893
vn 0.9567 -0.2745 0.0969
vn 0.9251 -0.3531 0.1398
vn 0.9927 0.1204 0.0002
vn 0.9828 0.0648 0.1729
vn 0.8228 0.5671 -0.0371
vn 0.8798 0.4496 0.1544
vn 0.8882 0.3689 0.2738
vn 0.4920 0.8689 -0.0546
vn 0.6584 -0.1780 0.7313
vn 0.7125 -0.5434 0.4439
vn 0.9699 0.1784 -0.1656
vn 0.7843 0.5847 -0.2075
vn 0.9897 0.1131 0.0882
vn 0.8411 0.5396 0.0371
vn 0.5341 0.8436 0.0555
vn 0.1606 0.9829 0.0899
vn 0.4366 0.8636 -0.2521
vn 0.1201 0.9421 -0.3132
vn 0.0862 0.9878 -0.1300
vn 0.0976 0.9220 0.3748
vn 0.8204 -0.3486 -0.4533
vn 0.8387 -0.2976 -0.4561
vn 0.5682 -0.2734 -0.7761
vn 0.5278 -0.3327 -0.7815
vn 0.9289 -0.3666 -0.0530
vn 0.9522 -0.2988 -0.0637
vn 0.8750 0.0852 -0.4766
vn 0.5586 0.0499 -0.8280
vn 0.9960 0.0727 -0.0525
vn 0.7780 0.4810 -0.4042
vn 0.5254 0.3838 -0.7593
vn 0.8747 0.4821 -0.0506
vn 0.7834 0.4163 -0.4616
vn 0.4794 0.5636 -0.6727
vn 0.9593 0.2736 -0.0695
vn 0.4661 0.5940 -0.6557
vn 0.1102 0.5797 -0.8074
vn 0.0721 0.6984 -0.7120
vn 0.7780 -0.4318 -0.4563
vn 0.8639 -0.4935 -0.1007
vn 0.8425 -0.5109 0.1711
vn 0.9574 0.2507 0.1432
vn 0.1505 0.3656 -0.9185
vn 0.1841 0.0799 -0.9797
vn 0.1977 -0.2896 -0.9365
vn 0.2247 -0.2548 -0.9405
vn 0.8740 0.4697 0.1241
vn 0.9860 0.0712 0.1510
vn 0.9234 -0.3622 0.1269
vn 0.9551 -0.2803 0.0965
vn -0.4435 0.6043 -0.6618
vn 0.0015 0.9990 0.0439
vn -0.1485 0.6017 -0.7848
vn 0.1910 0.9380 0.2893
vn 0.0671 0.9356 0.3467
vn 0.3983 0.6807 0.6148
vn 0.6207 0.6912 0.3702
vn 0.8463 0.1013 0.5229
vn 0.5340 0.1099 0.8383
vn 0.7376 -0.4889 0.4658
vn 0.4515 -0.5157 0.7282
vn 0.1568 -0.5019 0.8506
vn 0.1391 -0.8345 0.5332
vn 0.1720 0.1184 0.9779
vn 0.1307 0.6773 0.7240
vn 0.3116 0.9363 0.1619
vn -0.6977 0.5963 -0.3971
vn -0.1568 -0.5019 0.8506
vn -0.1391 -0.8345 0.5332
vn -0.4495 -0.5249 0.7228
vn -0.7246 -0.5052 0.4687
vn -0.8658 -0.4643 0.1864
vn -0.8443 0.1090 0.5247
vn -0.5324 0.1175 0.8383
vn -0.9712 0.1043 0.2144
vn -0.6174 0.6898 0.3781
vn -0.4044 0.6783 0.6135
vn -0.6999 0.6974 0.1545
vn -0.3116 0.9361 0.1634
vn -0.1927 0.9377 0.2893
vn -0.3404 0.9377 0.0705
vn 0.4435 0.6043 -0.6618
vn 0.6977 0.5963 -0.3971
vn 0.8087 0.5675 -0.1547
vn -0.1720 0.1184 0.9779
vn -0.1307 0.6773 0.7240
vn -0.0671 0.9356 0.3467
vn 0.1485 0.6017 -0.7848
vn -0.7265 0.6843 -0.0634
vn -0.9911 0.1059 -0.0808
vn -0.6198 0.6739 -0.4021
vn -0.8318 0.1066 -0.5448
vn -0.8919 -0.4463 -0.0732
vn -0.7256 -0.4829 -0.4902
vn -0.4207 -0.4794 -0.7702
vn -0.2929 -0.7749 -0.5601
vn -0.1114 -0.4921 -0.8634
vn -0.0665 -0.7918 -0.6072
vn -0.4543 0.1158 -0.8833
vn -0.1311 0.1407 -0.9813
vn -0.3361 0.6866 -0.6447
vn -0.2808 0.9390 -0.1985
vn -0.3405 0.9395 -0.0371
vn -0.1694 0.9356 -0.3098
vn 0.6870 0.5639 0.4583
vn 0.4018 0.5396 0.7398
vn 0.8192 0.5684 0.0761
vn 0.1234 0.5241 0.8427
vn -0.1234 0.5241 0.8427
vn -0.0879 0.7132 -0.6954
vn -0.0494 0.9295 -0.3655
vn 0.0494 0.9295 -0.3655
vn 0.0879 0.7132 -0.6954
vn 0.3327 0.6864 -0.6467
vn 0.4543 0.1138 -0.8836
vn 0.6265 0.6671 -0.4030
vn 0.8323 0.1047 -0.5444
vn 0.4185 -0.4737 -0.7749
vn 0.7313 -0.4810 -0.4835
vn 0.2788 -0.7794 -0.5611
vn 0.8883 -0.4514 -0.0842
vn 0.8676 -0.4637 0.1797
vn 0.9734 0.1046 0.2036
vn 0.9906 0.1065 -0.0863
vn 0.7015 0.6969 0.1490
vn 0.7266 0.6838 -0.0664
vn 0.3407 0.9377 0.0689
vn 0.3461 0.9377 -0.0315
vn 0.3089 0.9316 -0.1914
vn -0.6921 0.5741 0.4375
vn -0.8210 0.5687 0.0514
vn -0.8092 0.5679 -0.1504
vn -0.3913 0.5390 0.7459
vn 0.1620 0.9360 -0.3127
vn 0.1311 0.1407 -0.9813
vn 0.1114 -0.4921 -0.8634
vn 0.0665 -0.7918 -0.6072
vn -0.1810 -0.0036 0.9835
vn -0.5142 0.0000 0.8577
vn -0.8217 0.0000 0.5700
vn -0.9916 0.0000 0.1292
vn -0.9822 0.0000 -0.1878
vn -0.9978 -0.0130 -0.0657
vn 0.1810 -0.0036 0.9835
vn 0.5142 0.0000 0.8577
vn 0.8217 0.0000 0.5700
vn 0.9916 0.0000 0.1292
vn 0.9822 -0.0000 -0.1878
vn 0.9972 -0.0020 -0.0742
vn 0.9969 -0.0072 0.0778
vn 0.9948 -0.0203 0.1002
vn 0.9941 -0.0217 0.1062
vn 0.9935 -0.0103 0.1131
vn 0.9940 -0.0105 0.1091
vn 0.9982 -0.0006 -0.0592
vn 0.9981 -0.0011 -0.0616
vn 0.8830 0.0000 -0.4694
vn 0.5986 0.0000 -0.8010
vn 0.2278 0.0000 -0.9737
vn -0.2278 0.0000 -0.9737
vn -0.5986 0.0000 -0.8010
vn -0.8830 0.0000 -0.4694
vn -0.9983 -0.0006 -0.0578
vn -0.9982 -0.0006 -0.0597
vn -0.9935 -0.0107 0.1130
vn -0.9940 -0.0100 0.1087
vn -0.9935 -0.0189 0.1123
vn -0.9967 -0.0214 0.0782
vn -0.9944 -0.0175 0.1046
vn -0.9551 -0.2814 0.0928
vn -0.0000 -1.0000 -0.0014
vn 0.0000 -0.3207 0.9472
vn 0.0000 -1.0000 -0.0009
vn -0.0000 -1.0000 -0.0023
vn -0.9274 -0.3467 0.1404
vn -0.9933 -0.0096 0.1153
vn -0.9984 0.0000 -0.0565
vn -0.8831 0.0000 -0.4692
vn -0.5987 0.0000 -0.8010
vn 0.5987 0.0000 -0.8010
vn 0.8831 0.0000 -0.4692
vn 0.9983 -0.0012 -0.0580
vn 0.9932 -0.0116 0.1156
vn 0.5282 -0.3351 -0.7802
vn 0.8210 -0.3509 -0.4504
vn 0.8397 -0.2933 -0.4571
vn 0.5712 -0.2709 -0.7748
vn 0.9511 -0.3012 -0.0689
vn 0.9296 -0.3637 -0.0593
vn 0.9526 -0.2887 0.0963
vn 0.9260 -0.3557 0.1265
vn 0.5505 0.0418 -0.8338
vn 0.8815 0.0802 -0.4653
vn 0.9957 0.0746 -0.0555
vn 0.9855 0.0756 0.1518
vn 0.5090 0.3802 -0.7723
vn 0.7907 0.4768 -0.3839
vn 0.8750 0.4816 -0.0490
vn 0.8745 0.4698 0.1208
vn 0.4636 0.5721 -0.6766
vn 0.7898 0.4358 -0.4316
vn 0.9555 0.2844 -0.0788
vn 0.7660 -0.4633 -0.4457
vn 0.8515 -0.5151 -0.0981
vn 0.9829 0.0697 0.1706
vn 0.8822 0.4449 0.1540
vn 0.8728 0.3887 0.2950
vn 0.9579 0.2507 0.1401
vn 0.7379 -0.5015 0.4517
vn 0.8440 -0.5080 0.1722
vn 0.6657 -0.1611 0.7286
vn 0.4912 0.8696 -0.0498
vn 0.8110 0.5830 -0.0480
vn 0.7796 0.5935 -0.2001
vn 0.9938 0.1110 -0.0019
vn 0.9740 0.1610 -0.1591
vn 0.9435 -0.3313 -0.0069
vn 0.9631 -0.2224 -0.1516
vn 0.9671 -0.2448 -0.0698
vn 0.9662 -0.1715 -0.1926
vn 0.9714 -0.2125 0.1057
vn 0.9811 -0.1608 0.1079
vn 0.9891 0.1164 0.0899
vn 0.8406 0.5402 0.0402
vn 0.7834 -0.2947 0.5472
vn 0.8107 -0.2289 0.5389
vn 0.5044 -0.2594 0.8236
vn 0.4757 -0.3395 0.8114
vn 0.1806 -0.2838 0.9417
vn 0.1599 -0.3482 0.9237
vn 0.5009 0.0417 0.8645
vn 0.1503 0.0533 0.9872
vn 0.8378 0.0782 0.5404
vn 0.4620 0.4060 0.7885
vn 0.1309 0.4335 0.8916
vn 0.7545 0.4920 0.4343
vn -0.1318 0.4328 0.8918
vn -0.1571 0.0480 0.9864
vn -0.1675 -0.3416 0.9248
vn -0.1809 -0.2836 0.9417
vn -0.5069 -0.2568 0.8229
vn -0.4688 -0.3371 0.8164
vn -0.8164 -0.2189 0.5343
vn -0.7869 -0.2999 0.5392
vn -0.4882 0.0331 0.8721
vn -0.8431 0.0731 0.5327
vn -0.4540 0.4108 0.7907
vn -0.7549 0.4977 0.4272
vn -0.9710 -0.2081 0.1179
vn -0.9792 -0.1615 0.1228
vn -0.9682 -0.2075 -0.1399
vn -0.9645 -0.1913 -0.1823
vn -0.9465 -0.3211 -0.0326
vn -0.9626 -0.2558 -0.0893
vn -0.9567 -0.2745 0.0969
vn -0.9251 -0.3531 0.1398
vn -0.9927 0.1204 0.0002
vn -0.9828 0.0648 0.1729
vn -0.8228 0.5671 -0.0371
vn -0.8798 0.4496 0.1544
vn -0.8882 0.3689 0.2738
vn -0.4920 0.8689 -0.0546
vn -0.6584 -0.1780 0.7313
vn -0.7125 -0.5434 0.4439
vn -0.9699 0.1784 -0.1656
vn -0.7843 0.5847 -0.2075
vn -0.9897 0.1131 0.0882
vn -0.8411 0.5396 0.0371
vn -0.8204 -0.3486 -0.4533
vn -0.5278 -0.3327 -0.7815
vn -0.5682 -0.2734 -0.7761
vn -0.8387 -0.2976 -0.4561
vn -0.9289 -0.3666 -0.0530
vn -0.9522 -0.2988 -0.0637
vn -0.8750 0.0852 -0.4766
vn -0.5586 0.0499 -0.8280
vn -0.9960 0.0727 -0.0525
vn -0.7780 0.4810 -0.4042
vn -0.5254 0.3838 -0.7593
vn -0.8747 0.4821 -0.0506
vn -0.7834 0.4163 -0.4616
vn -0.4794 0.5636 -0.6727
vn -0.9593 0.2736 -0.0695
vn -0.7780 -0.4318 -0.4563
vn -0.8639 -0.4935 -0.1007
vn -0.8425 -0.5109 0.1711
vn -0.9574 0.2507 0.1432
vn -0.8740 0.4697 0.1241
vn -0.9860 0.0712 0.1510
vn -0.9234 -0.3622 0.1269
vn -0.9551 -0.2803 0.0965
vn -0.0015 0.9990 0.0439
vn -0.1910 0.9380 0.2893
vn -0.3983 0.6807 0.6148
vn -0.6207 0.6912 0.3702
vn -0.8463 0.1013 0.5229
vn -0.5340 0.1099 0.8383
vn -0.7376 -0.4889 0.4658
vn -0.4515 -0.5157 0.7282
vn -0.3116 0.9363 0.1619
vn 0.4495 -0.5249 0.7228
vn 0.7246 -0.5052 0.4687
vn 0.8658 -0.4643 0.1864
vn 0.8443 0.1090 0.5247
vn 0.5324 0.1175 0.8383
vn 0.9712 0.1043 0.2144
vn 0.6174 0.6898 0.3781
vn 0.4044 0.6783 0.6135
vn 0.6999 0.6974 0.1545
vn 0.3116 0.9361 0.1634
vn 0.1927 0.9377 0.2893
vn 0.3404 0.9377 0.0705
vn -0.8087 0.5675 -0.1547
vn 0.9911 0.1059 -0.0808
vn 0.8919 -0.4463 -0.0732
vn 0.8318 0.1066 -0.5448
vn 0.7256 -0.4829 -0.4902
vn 0.4207 -0.4794 -0.7702
vn 0.2929 -0.7749 -0.5601
vn 0.4543 0.1158 -0.8833
vn 0.6198 0.6739 -0.4021
vn 0.7265 0.6843 -0.0634
vn 0.3361 0.6866 -0.6447
vn 0.2808 0.9390 -0.1985
vn 0.3405 0.9395 -0.0371
vn 0.1694 0.9356 -0.3098
vn -0.6870 0.5639 0.4583
vn -0.4018 0.5396 0.7398
vn -0.8192 0.5684 0.0761
vn -0.2788 -0.7794 -0.5611
vn -0.4185 -0.4737 -0.7749
vn -0.7313 -0.4810 -0.4835
vn -0.8883 -0.4514 -0.0842
vn -0.8676 -0.4637 0.1797
vn -0.9734 0.1046 0.2036
vn -0.9906 0.1065 -0.0863
vn -0.8323 0.1047 -0.5444
vn -0.4543 0.1138 -0.8836
vn -0.7015 0.6969 0.1490
vn -0.7266 0.6838 -0.0664
vn -0.6265 0.6671 -0.4030
vn -0.3327 0.6864 -0.6467
vn -0.3407 0.9377 0.0689
vn -0.3461 0.9377 -0.0315
vn -0.3089 0.9316 -0.1914
vn -0.1620 0.9360 -0.3127
vn 0.3913 0.5390 0.7459
vn 0.6921 0.5741 0.4375
vn 0.8210 0.5687 0.0514
vn 0.8092 0.5679 -0.1504
vn 0.9978 -0.0130 -0.0657
vn -0.9972 -0.0020 -0.0742
vn -0.9969 -0.0072 0.0778
vn -0.9948 -0.0203 0.1002
vn -0.9941 -0.0217 0.1062
vn -0.9935 -0.0103 0.1131
vn -0.9940 -0.0105 0.1091
vn -0.9982 -0.0006 -0.0592
vn -0.9981 -0.0011 -0.0616
vn 0.9983 -0.0006 -0.0578
vn 0.9982 -0.0006 -0.0597
vn 0.9935 -0.0107 0.1130
vn 0.9940 -0.0100 0.1087
vn 0.9935 -0.0189 0.1123
vn 0.9967 -0.0214 0.0782
vn 0.9944 -0.0175 0.1046
vn 0.9551 -0.2814 0.0928
vn 0.9274 -0.3467 0.1404
vn 0.9933 -0.0096 0.1153
vn 0.9984 0.0000 -0.0565
vn -0.9983 -0.0012 -0.0580
vn -0.9932 -0.0116 0.1156
vn 0.3040 0.0601 -0.9508
vn 0.8090 0.0744 -0.5831
vn 0.8126 -0.0206 -0.5824
vn 0.2920 -0.0437 -0.9554
vn -0.3196 0.0644 -0.9453
vn -0.3177 -0.0464 -0.9470
vn -0.8261 0.0771 -0.5582
vn -0.8323 -0.0224 -0.5538
vn -0.9979 0.0649 -0.0068
vn -0.9994 -0.0306 0.0143
vn 0.9993 -0.0315 0.0224
vn 0.9972 0.0750 -0.0002
vn 0.7896 -0.0874 0.6074
vn 0.8005 0.0161 0.5992
vn 0.2766 -0.1165 0.9539
vn 0.2827 -0.0445 0.9582
vn -0.2968 -0.1104 0.9485
vn -0.2918 -0.0482 0.9553
vn -0.8115 -0.0806 0.5788
vn -0.8157 0.0114 0.5784
vn -0.2909 -0.0251 0.9564
vn -0.8255 -0.0163 0.5642
vn -0.3039 0.0033 0.9527
vn -0.8584 -0.0338 0.5119
vn -0.9995 0.0174 -0.0257
vn -0.9924 0.1214 -0.0212
vn 0.2970 0.0071 0.9549
vn 0.2858 -0.0327 0.9577
vn 0.8443 0.0115 0.5357
vn 0.8142 0.0004 0.5806
vn 0.9975 0.0664 -0.0252
vn 0.9901 0.1387 -0.0191
vn -0.8412 0.0236 0.5402
vn -0.9969 -0.0737 -0.0267
vn -0.2960 0.0392 0.9544
vn 0.2968 0.0462 0.9538
vn 0.8289 0.0467 0.5575
vn 0.9994 -0.0098 -0.0318
vn 0.7844 0.1647 -0.5980
vn 0.8263 0.0607 -0.5600
vn 0.9980 0.0601 -0.0195
vn 0.8207 0.0184 -0.5711
vn 0.8015 -0.0322 -0.5971
vn 0.2916 -0.0438 -0.9555
vn 0.2641 -0.1659 -0.9501
vn -0.3079 -0.0472 -0.9502
vn -0.2731 -0.1778 -0.9454
vn 0.2833 0.0968 -0.9541
vn -0.2974 0.1110 -0.9483
vn -0.8027 -0.1248 -0.5832
vn -0.8259 0.0306 -0.5630
vn -0.8097 0.1709 -0.5614
vn -0.8214 -0.0015 -0.5703
vn -0.9999 0.0085 -0.0144
vn 0.2758 0.2838 -0.9184
vn -0.2845 0.2783 -0.9174
vn -0.9906 0.1368 0.0047
vn -0.8151 0.1451 -0.5609
vn -0.9858 0.1655 0.0275
vn -0.8449 0.1927 -0.4990
vn -0.3247 0.1588 -0.9324
vn -0.3572 0.2643 -0.8959
vn 0.2989 0.1765 -0.9378
vn 0.2582 0.2565 -0.9314
vn 0.8115 0.1907 -0.5523
vn 0.7824 0.2403 -0.5745
vn 0.9824 0.1863 -0.0154
vn 0.9727 0.2302 -0.0298
vn 0.7929 0.2156 0.5700
vn 0.8217 0.2580 0.5081
vn 0.2837 0.2037 0.9370
vn 0.3308 0.2842 0.8999
vn -0.3169 0.2014 0.9268
vn -0.2897 0.2749 0.9168
vn -0.8155 0.1761 0.5514
vn -0.7911 0.2108 0.5742
vn 0.8208 0.0910 0.5639
vn 0.2864 0.1001 0.9529
vn -0.3106 0.0823 0.9470
vn -0.8341 0.0603 0.5483
vn 0.8059 -0.1237 0.5790
vn 0.9975 -0.0697 -0.0090
vn 0.7818 -0.0620 -0.6205
vn 0.2664 -0.0951 -0.9591
vn -0.2953 -0.0805 -0.9520
vn -0.7977 -0.0473 -0.6012
vn -0.9972 -0.0747 -0.0076
vn 0.2928 -0.1627 0.9422
vn -0.3104 -0.1631 0.9365
vn -0.8311 -0.1271 0.5414
vn 0.1329 0.8274 0.5457
vn -0.1395 0.9507 0.2770
vn -0.1395 0.9507 0.2771
vn 0.4312 0.5009 0.7505
vn 0.5835 0.1927 0.7889
vn -0.2785 0.9539 0.1120
vn 0.6023 -0.1541 0.7833
vn 0.6751 -0.2307 0.7008
vn 0.6178 0.0886 0.7813
vn 0.7880 0.0077 0.6156
vn 0.8092 0.1743 0.5611
vn 0.6446 -0.0166 0.7643
vn 0.6773 -0.3418 0.6515
vn 0.5967 0.3261 0.7332
vn 0.4915 0.3981 0.7746
vn 0.5860 -0.7243 0.3635
vn 0.4046 -0.9126 0.0582
vn 0.2785 -0.9539 -0.1120
vn 0.4087 0.1639 0.8978
vn 0.3693 -0.0052 0.9293
vn 0.4950 -0.1027 0.8628
vn -0.4046 0.9126 -0.0582
vn -0.5860 0.7243 -0.3635
vn -0.6773 0.3418 -0.6515
vn -0.6446 0.0166 -0.7643
vn -0.6178 -0.0886 -0.7813
vn -0.1329 -0.8274 -0.5457
vn 0.1395 -0.9507 -0.2770
vn 0.1395 -0.9507 -0.2771
vn -0.4312 -0.5009 -0.7505
vn -0.5835 -0.1927 -0.7889
vn -0.7354 -0.2868 0.6140
vn 0.7354 0.2868 -0.6140
vn 0.7229 -0.1153 0.6813
vn 0.7046 0.2748 0.6543
vn 0.4740 0.2870 0.8324
vn 0.5597 0.2537 0.7889
vn 0.5637 0.3432 0.7513
vn 0.7229 0.3279 0.6082
vn 0.8210 0.1851 0.5401
vn 0.8160 -0.0067 0.5781
vn 0.6977 -0.1410 0.7024
vn 0.6569 -0.0792 0.7498
vn 0.4975 0.3125 0.8092
vn 0.6291 -0.1699 0.7586
vn 0.3642 0.1760 0.9145
vn 0.3474 -0.0175 0.9376
vn 0.4526 -0.1592 0.8774
vn 0.5798 0.2476 0.7762
vn 0.5654 0.2399 0.7892
vn 0.6253 0.1996 0.7545
vn 0.5491 0.2355 0.8019
vn 0.6559 0.1963 0.7289
vn 0.6973 0.1220 0.7063
vn 0.7032 0.0310 0.7103
vn 0.6700 -0.0606 0.7399
vn 0.5227 0.1449 0.8401
vn 0.5302 0.0541 0.8461
vn 0.5707 -0.0242 0.8208
vn 0.6382 -0.0732 0.7664
vn 0.6544 -0.0649 0.7534
vn -0.9179 -0.2301 -0.3232
vn -0.9314 0.3583 -0.0644
vn -0.7530 0.5520 -0.3582
vn -0.7372 -0.1376 -0.6615
vn -0.6005 -0.7748 -0.1975
vn -0.3652 -0.7761 -0.5142
vn -0.1650 -0.9569 0.2390
vn 0.1452 -0.9894 -0.0025
vn 0.1334 -0.6696 0.7307
vn 0.4949 -0.6527 0.5737
vn 0.1200 -0.0812 0.9895
vn 0.4792 0.0369 0.8770
vn -0.1975 0.4636 0.8638
vn 0.1071 0.6754 0.7296
vn -0.6329 0.6457 0.4272
vn -0.4032 0.8887 0.2180
vn -0.6128 -0.0238 0.7899
vn -0.4865 -0.2407 0.8399
vn -0.4811 -0.4749 0.7369
vn -0.5999 -0.5893 0.5412
vn -0.7733 -0.5168 0.3674
vn -0.8996 -0.2999 0.3174
vn -0.9050 -0.0657 0.4204
vn -0.7862 0.0486 0.6161
vn -0.1200 0.0812 -0.9895
vn -0.4792 -0.0369 -0.8769
vn -0.4949 0.6527 -0.5737
vn -0.1334 0.6696 -0.7307
vn 0.1975 -0.4636 -0.8638
vn -0.1071 -0.6754 -0.7296
vn 0.6329 -0.6457 -0.4272
vn 0.4032 -0.8887 -0.2180
vn 0.9314 -0.3583 0.0644
vn 0.7530 -0.5520 0.3582
vn 0.9179 0.2301 0.3232
vn 0.7372 0.1376 0.6615
vn 0.6005 0.7748 0.1975
vn 0.3652 0.7761 0.5141
vn 0.1650 0.9569 -0.2390
vn -0.1452 0.9894 0.0025
vn 0.7733 0.5168 -0.3674
vn 0.8996 0.2999 -0.3174
vn 0.9050 0.0657 -0.4204
vn 0.7862 -0.0486 -0.6161
vn 0.6128 0.0238 -0.7899
vn 0.4865 0.2407 -0.8399
vn 0.4811 0.4749 -0.7369
vn 0.5999 0.5893 -0.5412
vn 0.7750 0.0996 -0.6241
vn -0.6687 -0.4635 0.5813
vn -0.7756 -0.0946 0.6240
vn 0.6666 0.4679 -0.5802
vn -0.6526 -0.1506 0.7425
vn -0.6224 -0.3436 0.7033
vn -0.7172 -0.2357 0.6558
vn -0.7282 -0.2330 0.6445
vn 0.6183 -0.2451 0.7467
vn 0.5017 -0.5878 0.6346
vn 0.5883 -0.3484 0.7298
vn 0.4981 0.2598 0.8273
vn 0.5135 0.2049 0.8333
vn -0.3351 -0.8771 -0.3441
vn -0.3989 -0.6508 -0.6461
vn -0.3361 -0.7625 -0.5528
vn -0.3417 -0.8769 -0.3380
vn -0.5367 -0.2238 0.8136
vn -0.5400 0.0402 0.8407
vn -0.4343 0.0861 0.8966
vn -0.4110 0.1727 0.8951
vn -0.4553 0.2336 0.8591
vn -0.4505 0.2457 0.8583
vn -0.4659 0.7035 0.5367
vn -0.5149 0.5941 0.6180
vn -0.6533 0.6805 0.3317
vn -0.7799 0.4867 0.3936
vn -0.6966 -0.5049 -0.5097
vn -0.6801 -0.5183 -0.5185
vn -0.7784 -0.4691 -0.4172
vn -0.7772 -0.4677 -0.4210
vn 0.7921 0.5120 0.3323
vn 0.7557 0.5091 0.4119
vn 0.7580 0.5088 0.4080
vn 0.7924 0.5119 0.3318
vn 0.6966 0.6348 0.3344
vn -0.7899 -0.4795 -0.3824
vn -0.7903 -0.4791 -0.3820
vn 0.6936 0.6372 0.3361
vn 0.5840 0.7574 0.2919
vn -0.7022 -0.6142 -0.3600
vn -0.6967 -0.6332 -0.3372
vn 0.5801 0.7596 0.2941
vn -0.6258 -0.7463 -0.2266
vn -0.6267 -0.7456 -0.2265
vn 0.8581 -0.0631 -0.5095
vn 0.9295 -0.2548 -0.2668
vn 0.9525 -0.2291 -0.2007
vn 0.9484 -0.0653 -0.3103
vn 0.9116 0.1419 -0.3859
vn 0.9135 0.1933 -0.3579
vn 0.1666 0.8488 0.5018
vn 0.4122 0.6523 0.6361
vn 0.4027 0.6554 0.6390
vn 0.1354 0.7919 0.5955
vn -0.1212 0.7602 0.6382
vn -0.4057 -0.6465 -0.6460
vn -0.1530 -0.8343 -0.5297
vn -0.1402 -0.7685 -0.6243
vn -0.4154 -0.6432 -0.6433
vn -0.1252 0.7836 0.6086
vn 0.1046 -0.9790 -0.1751
vn 0.1141 -0.9079 -0.4033
vn 0.9752 0.1722 -0.1393
vn 0.9744 0.2174 -0.0567
vn -0.0446 0.2999 0.9529
vn -0.0511 0.3476 0.9362
vn 0.0210 -0.1504 0.9884
vn 0.0208 -0.1505 0.9884
vn 0.1320 -0.9903 0.0430
vn 0.1291 -0.9907 0.0432
vn -0.6578 -0.1507 0.7380
vn -0.7323 -0.2180 0.6451
vn -0.7510 -0.2128 0.6250
vn -0.6308 -0.3345 0.7001
vn -0.5375 -0.2195 0.8142
vn -0.5412 0.0392 0.8400
vn -0.4332 0.0841 0.8974
vn -0.4104 0.1712 0.8957
vn -0.4541 0.2286 0.8611
vn -0.4495 0.2404 0.8603
vn -0.4663 0.7038 0.5360
vn -0.5163 0.5937 0.6173
vn -0.6479 0.6890 0.3247
vn -0.7772 0.4935 0.3904
vn 0.8563 -0.0618 -0.5128
vn 0.9528 -0.2280 -0.2007
vn 0.9499 -0.0675 -0.3053
vn 0.9293 -0.2532 -0.2689
vn 0.9135 0.1414 -0.3813
vn 0.9148 0.1924 -0.3552
vn 0.9756 0.1715 -0.1368
vn 0.9748 0.2158 -0.0566
vn 0.6846 0.5174 0.5135
vn 0.6970 0.5171 0.4968
usemtl DrKoopatroopa_Normal_1
s 1
f 3/1/1 1/2/2 2/3/3
f 4/4/4 1/2/2 3/1/1
f 5/5/5 2/3/3 1/2/2
f 6/6/6 2/3/3 5/5/5
f 6/6/6 7/7/7 2/3/3
f 8/8/8 7/7/9 6/6/6
f 5/5/5 9/9/10 6/6/6
f 9/9/10 8/8/8 6/6/6
f 10/10/11 9/9/10 5/5/5
f 11/11/12 9/9/10 10/10/13
f 12/12/14 9/9/10 11/11/12
f 9/9/10 12/12/14 13/13/15
f 13/13/15 8/8/8 9/9/10
f 13/13/15 12/12/14 14/14/16
f 12/12/14 15/15/17 14/14/16
f 15/15/18 16/16/19 14/14/20
f 14/14/20 16/16/19 17/17/21
f 14/14/20 17/17/21 13/13/22
f 8/8/23 18/18/24 7/7/25
f 19/19/26 18/18/24 8/8/23
f 19/19/26 20/20/27 18/18/24
f 21/21/28 20/20/27 19/19/26
f 21/21/28 22/22/29 20/20/27
f 20/20/27 22/22/29 23/23/30
f 23/23/30 22/22/29 24/24/31
f 25/25/32 21/21/28 19/19/26
f 13/13/22 17/17/21 25/25/32
f 25/25/32 17/17/21 26/26/33
f 26/26/33 21/21/28 25/25/32
f 26/26/33 22/22/29 21/21/28
f 26/26/33 17/17/21 27/27/34
f 28/28/35 22/22/29 26/26/33
f 26/26/33 27/27/34 28/28/35
f 22/22/29 29/29/36 24/24/31
f 28/28/35 29/29/36 22/22/29
f 29/29/36 30/30/37 24/24/31
f 24/24/31 30/30/37 23/23/30
f 31/31/38 30/30/37 29/29/36
f 31/31/38 32/32/39 30/30/37
f 30/30/37 32/32/39 33/33/40
f 33/33/40 34/34/41 30/30/37
f 23/23/30 30/30/37 34/34/41
f 34/34/41 20/20/27 23/23/30
f 35/35/42 34/34/41 33/33/40
f 33/33/40 36/36/43 35/35/42
f 32/32/39 36/36/43 33/33/40
f 36/36/43 32/32/39 37/37/44
f 37/37/44 32/32/39 38/38/45
f 37/37/44 38/38/45 39/39/46
f 39/39/46 38/38/45 40/40/47
f 38/38/45 41/41/48 40/40/47
f 42/42/49 41/41/48 38/38/45
f 32/32/39 42/42/49 38/38/45
f 31/31/38 42/42/49 32/32/39
f 42/42/49 43/43/50 41/41/48
f 44/44/51 43/43/50 42/42/49
f 31/31/38 44/44/51 42/42/49
f 29/29/36 44/44/51 31/31/38
f 45/45/52 43/43/50 44/44/51
f 46/46/53 43/43/50 45/45/52
f 27/27/34 46/46/53 45/45/52
f 47/47/54 46/46/53 27/27/34
f 29/29/36 45/45/52 44/44/51
f 28/28/35 45/45/52 29/29/36
f 28/28/35 27/27/34 45/45/52
f 27/27/34 17/17/21 47/47/54
f 47/47/54 17/17/21 16/16/19
f 39/39/46 48/48/55 37/37/44
f 49/49/56 48/48/55 39/39/46
f 49/49/56 50/50/57 48/48/55
f 48/48/55 50/50/57 51/51/58
f 50/50/57 52/52/59 51/51/58
f 51/51/58 52/52/59 53/53/60
f 53/53/60 52/52/59 54/54/61
f 54/54/61 52/52/59 55/55/62
f 54/54/61 55/55/62 56/56/63
f 56/56/63 55/55/62 57/57/64
f 48/48/55 58/58/65 37/37/44
f 48/48/55 51/51/58 58/58/65
f 37/37/44 58/58/65 36/36/43
f 59/59/66 36/36/43 58/58/65
f 59/59/66 58/58/65 60/60/67
f 60/60/67 34/34/41 59/59/66
f 59/59/66 34/34/41 35/35/42
f 35/35/42 36/36/43 59/59/66
f 60/60/67 58/58/65 61/61/68
f 58/58/65 51/51/58 61/61/68
f 51/51/58 53/53/60 61/61/68
f 62/62/69 60/60/67 61/61/68
f 61/61/68 53/53/60 62/62/69
f 53/53/60 54/54/61 62/62/69
f 63/63/70 60/60/67 62/62/69
f 63/63/70 62/62/69 64/64/71
f 63/63/70 64/64/71 65/65/72
f 65/65/72 60/60/67 63/63/70
f 34/34/41 60/60/67 65/65/72
f 65/65/72 64/64/71 66/66/73
f 65/65/72 66/66/73 34/34/41
f 66/66/73 64/64/71 67/67/74
f 68/68/75 66/66/73 67/67/74
f 69/69/76 66/66/73 68/68/75
f 68/68/75 67/67/74 70/70/77
f 70/70/77 67/67/74 71/71/78
f 67/67/74 64/64/71 71/71/78
f 71/71/78 72/72/79 70/70/77
f 56/56/63 72/72/79 71/71/78
f 71/71/78 64/64/71 73/73/80
f 64/64/71 62/62/69 73/73/80
f 73/73/80 56/56/63 71/71/78
f 74/74/81 69/69/76 68/68/75
f 68/68/75 70/70/77 74/74/81
f 75/75/82 69/69/76 74/74/81
f 76/76/83 75/75/84 74/74/85
f 77/77/86 75/75/87 76/76/83
f 76/76/83 74/74/85 78/78/88
f 76/76/83 78/78/88 79/79/89
f 79/79/89 78/78/88 80/80/90
f 80/80/91 78/78/88 81/81/92
f 81/81/92 78/78/88 82/82/93
f 83/83/94 82/82/93 78/78/88
f 78/78/88 74/74/85 83/83/94
f 74/74/81 70/70/77 83/83/95
f 70/70/77 72/72/79 83/83/95
f 84/84/96 82/82/93 83/83/94
f 83/83/95 72/72/79 84/84/97
f 84/84/96 85/85/98 82/82/93
f 84/84/97 86/86/99 85/85/100
f 72/72/79 86/86/99 84/84/97
f 57/57/64 72/72/79 56/56/63
f 86/86/99 72/72/79 57/57/64
f 81/81/92 87/87/101 80/80/91
f 80/80/91 87/87/101 88/88/102
f 88/88/103 79/79/89 80/80/90
f 88/88/102 87/87/101 89/89/104
f 89/89/104 87/87/101 90/90/105
f 90/90/105 91/91/106 89/89/104
f 92/92/107 91/91/106 90/90/105
f 92/92/107 93/93/108 91/91/106
f 91/91/106 93/93/108 94/94/109
f 94/94/109 93/93/108 95/95/110
f 95/95/110 93/93/108 96/96/111
f 97/97/112 95/95/110 96/96/111
f 98/98/113 95/95/110 97/97/112
f 97/97/112 99/99/114 98/98/113
f 98/98/113 99/99/114 100/100/115
f 101/101/116 98/98/117 100/100/118
f 102/102/119 98/98/117 101/101/116
f 102/102/119 95/95/120 98/98/117
f 94/94/121 95/95/120 103/103/122
f 103/103/122 91/91/123 94/94/121
f 103/103/122 95/95/120 104/104/124
f 104/104/124 95/95/120 102/102/119
f 100/100/115 99/99/114 10/10/13
f 10/10/13 99/99/114 11/11/12
f 100/100/118 5/5/5 101/101/116
f 10/10/11 5/5/5 100/100/118
f 5/5/5 1/2/2 101/101/116
f 101/101/116 1/2/2 102/102/119
f 104/104/124 102/102/119 1/2/2
f 4/4/4 104/104/124 1/2/2
f 103/103/122 104/104/124 4/4/4
f 103/103/122 4/4/4 105/105/125
f 105/105/125 91/91/123 103/103/122
f 106/106/126 91/91/123 105/105/125
f 89/89/127 91/91/123 106/106/126
f 107/107/128 89/89/127 106/106/126
f 88/88/103 89/89/127 107/107/128
f 107/107/128 79/79/89 88/88/103
f 108/108/129 106/106/126 105/105/125
f 105/105/125 4/4/4 108/108/129
f 106/106/126 108/108/129 107/107/128
f 79/79/89 107/107/128 108/108/129
f 4/4/4 3/1/1 108/108/129
f 108/108/129 3/1/1 77/77/86
f 108/108/129 76/76/83 79/79/89
f 77/77/86 76/76/83 108/108/129
f 3/1/130 109/109/131 77/77/132
f 2/3/133 109/109/131 3/1/130
f 7/7/25 109/109/131 2/3/133
f 7/7/25 110/110/134 109/109/131
f 18/18/24 110/110/134 7/7/25
f 18/18/24 111/111/135 110/110/134
f 20/20/27 111/111/135 18/18/24
f 111/111/135 20/20/27 34/34/41
f 34/34/41 66/66/73 111/111/135
f 69/69/76 111/111/135 66/66/73
f 110/110/134 111/111/135 69/69/76
f 75/75/82 110/110/134 69/69/76
f 109/109/131 110/110/134 75/75/82
f 77/77/132 109/109/131 75/75/82
f 8/8/23 25/25/32 19/19/26
f 13/13/22 25/25/32 8/8/23
f 114/112/136 113/113/137 112/114/138
f 115/115/139 114/112/136 112/114/138
f 114/112/136 115/115/139 116/116/140
f 115/115/139 117/117/141 116/116/140
f 117/117/141 118/118/142 116/116/140
f 118/118/142 119/119/143 116/116/140
f 119/119/144 118/118/142 120/120/145
f 121/121/146 119/119/144 120/120/145
f 121/121/146 120/120/145 122/122/147
f 123/123/148 121/121/146 122/122/147
f 112/114/138 113/113/137 124/124/149
f 113/113/150 125/125/150 124/124/150
f 113/113/137 114/112/136 125/125/151
f 124/124/152 125/125/151 126/126/153
f 125/125/151 127/127/154 126/126/153
f 125/125/151 128/128/155 127/127/154
f 123/123/148 122/122/147 128/128/156
f 128/128/155 125/125/151 129/129/157
f 123/123/148 128/128/155 129/129/157
f 121/121/146 123/123/148 129/129/157
f 125/125/151 130/130/158 129/129/157
f 130/130/158 131/131/159 129/129/157
f 116/116/140 131/131/159 130/130/158
f 116/116/140 119/119/143 131/131/160
f 131/131/159 132/132/161 129/129/157
f 121/121/146 129/129/157 132/132/161
f 119/119/144 121/121/146 132/132/162
f 119/119/143 132/132/163 131/131/160
f 128/128/155 133/133/164 127/127/154
f 128/128/155 134/134/165 133/133/164
f 122/122/147 120/120/145 134/134/166
f 122/122/147 134/134/166 128/128/167
f 134/134/165 135/135/168 133/133/164
f 134/134/165 136/136/169 135/135/168
f 136/136/169 137/137/170 135/135/168
f 136/136/169 138/138/171 137/137/170
f 138/138/171 139/139/172 137/137/170
f 140/140/173 139/139/172 138/138/171
f 141/141/174 140/140/173 138/138/171
f 142/142/175 140/140/173 141/141/174
f 143/143/176 142/142/175 141/141/174
f 142/142/175 143/143/176 124/124/152
f 126/126/153 142/142/175 124/124/152
f 112/114/177 124/124/178 143/143/179
f 115/115/139 112/114/177 143/143/179
f 115/115/139 143/143/179 141/141/180
f 118/118/142 138/138/181 136/136/182
f 120/120/145 118/118/142 136/136/182
f 120/120/145 136/136/182 134/134/166
f 117/117/141 115/115/139 141/141/180
f 117/117/141 141/141/180 138/138/181
f 118/118/142 117/117/141 138/138/181
f 135/144/168 145/145/183 144/146/184
f 133/147/164 135/144/168 144/146/184
f 144/146/184 146/148/185 133/147/164
f 146/148/185 127/149/154 133/147/164
f 127/149/154 146/148/185 147/150/186
f 126/151/153 127/149/154 147/150/186
f 135/144/168 137/152/170 145/145/183
f 137/152/170 148/153/187 145/145/183
f 126/151/153 147/150/186 149/154/188
f 142/155/175 126/151/153 149/154/188
f 142/155/175 149/154/188 140/156/173
f 149/154/188 150/157/189 140/156/173
f 140/156/173 150/157/189 151/158/190
f 152/159/191 140/156/173 151/158/190
f 140/156/173 152/159/191 139/160/192
f 152/159/191 153/161/193 139/160/192
f 137/152/170 139/160/192 154/162/194
f 148/153/187 137/152/170 154/162/194
f 139/160/192 153/161/193 155/163/195
f 154/162/194 139/160/192 155/163/195
f 154/162/194 155/163/195 156/164/196
f 157/165/197 154/162/194 156/164/196
f 154/162/194 157/165/197 148/153/187
f 157/165/197 156/164/196 158/166/198
f 159/167/199 157/165/197 158/166/198
f 157/165/197 159/167/199 160/168/200
f 161/169/201 157/165/197 160/168/200
f 161/169/201 160/168/200 162/170/202
f 163/171/203 161/169/201 162/170/202
f 163/171/203 162/170/202 164/172/204
f 165/173/205 163/171/203 164/172/204
f 164/172/204 166/174/206 165/173/205
f 166/174/206 167/175/207 165/173/205
f 165/173/205 167/175/207 168/176/208
f 169/177/209 165/173/205 168/176/208
f 163/171/203 165/173/205 169/177/209
f 169/177/209 168/176/208 170/178/210
f 168/176/208 171/179/211 170/178/210
f 145/145/183 163/171/203 169/177/209
f 169/177/209 170/178/210 144/146/184
f 145/145/183 169/177/209 144/146/184
f 148/153/187 161/169/201 163/171/203
f 145/145/183 148/153/187 163/171/203
f 167/175/207 166/174/206 172/180/212
f 166/174/206 173/181/213 172/180/212
f 172/180/212 173/181/213 174/182/214
f 175/183/215 172/180/212 174/182/214
f 176/184/216 172/180/212 175/183/215
f 167/175/207 172/180/212 176/184/216
f 168/176/208 167/175/207 176/184/216
f 177/185/217 176/184/216 175/183/215
f 175/183/215 174/182/214 178/186/218
f 177/185/217 175/183/215 178/186/218
f 174/182/214 179/187/219 178/186/218
f 180/188/220 177/185/217 178/186/218
f 180/188/220 178/186/218 181/189/221
f 182/190/222 180/188/220 181/189/221
f 144/146/184 170/178/210 146/148/185
f 170/178/210 183/191/223 146/148/185
f 170/178/210 171/179/211 183/191/223
f 171/179/211 184/192/224 183/191/223
f 184/192/224 171/179/211 185/193/225
f 186/194/226 184/192/224 185/193/225
f 186/194/226 185/193/225 187/195/227
f 176/184/216 177/185/217 187/195/227
f 185/193/225 176/184/216 187/195/227
f 188/196/228 186/194/226 187/195/227
f 188/196/228 187/195/227 189/197/229
f 177/185/217 180/188/220 189/197/229
f 187/195/227 177/185/217 189/197/229
f 190/198/230 188/196/228 189/197/229
f 190/198/230 189/197/229 191/199/231
f 180/188/220 182/190/222 191/199/231
f 189/197/229 180/188/220 191/199/231
f 192/200/232 190/198/230 191/199/231
f 171/179/211 168/176/208 185/193/225
f 168/176/208 176/184/216 185/193/225
f 192/200/232 191/199/231 193/201/233
f 191/199/231 194/202/234 193/201/233
f 191/199/231 182/190/222 194/202/234
f 182/190/222 195/203/235 194/202/234
f 195/203/235 182/190/222 196/204/236
f 182/190/222 181/189/221 196/204/236
f 196/204/236 181/189/221 197/205/237
f 181/189/221 198/206/238 197/205/237
f 197/205/237 198/206/238 199/207/239
f 200/208/240 197/205/237 199/207/239
f 196/204/236 197/205/237 200/208/240
f 201/209/241 200/208/240 199/207/239
f 201/209/241 199/207/239 40/210/242
f 199/207/239 41/211/243 40/210/242
f 43/212/244 41/211/243 199/207/239
f 202/213/245 43/212/244 199/207/239
f 198/206/238 202/213/245 199/207/239
f 198/206/238 179/187/219 202/213/245
f 179/187/219 203/214/246 202/213/245
f 202/213/245 203/214/246 43/212/244
f 201/209/241 40/210/242 39/215/247
f 204/216/248 201/209/241 39/215/247
f 200/208/240 201/209/241 204/216/248
f 203/214/246 46/217/249 43/212/244
f 46/217/249 203/214/246 205/218/250
f 205/218/250 203/214/246 179/187/219
f 47/219/251 46/217/249 205/218/250
f 205/218/250 206/220/252 47/219/251
f 206/220/252 16/221/253 47/219/251
f 206/220/252 205/218/250 174/182/214
f 174/182/214 205/218/250 179/187/219
f 173/181/213 206/220/252 174/182/214
f 16/221/253 206/220/252 207/222/254
f 207/222/254 206/220/252 208/223/255
f 208/223/255 209/224/256 207/222/254
f 209/224/256 15/225/257 207/222/254
f 15/225/257 16/221/253 207/222/254
f 15/225/258 209/224/259 210/226/260
f 211/227/261 15/225/258 210/226/260
f 211/227/261 210/226/260 212/228/262
f 211/227/261 212/228/262 213/229/263
f 212/228/262 214/230/264 213/229/263
f 215/231/265 214/230/264 212/228/262
f 216/232/266 215/231/265 212/228/262
f 210/226/260 216/232/266 212/228/262
f 217/233/267 215/231/265 216/232/266
f 218/234/268 217/233/267 216/232/266
f 219/235/269 218/234/268 216/232/266
f 210/226/260 219/235/269 216/232/266
f 210/226/260 209/224/259 219/235/269
f 220/236/270 217/233/267 218/234/268
f 221/237/271 220/236/270 218/234/268
f 222/238/272 221/237/271 218/234/268
f 219/235/269 222/238/272 218/234/268
f 222/238/272 223/239/273 221/237/271
f 223/239/273 224/240/274 221/237/271
f 220/236/270 225/241/275 217/233/267
f 226/242/276 225/241/275 220/236/270
f 225/241/275 226/242/276 227/243/277
f 226/242/276 228/244/278 227/243/277
f 225/241/275 227/243/277 229/245/279
f 225/241/275 229/245/279 217/233/267
f 217/233/267 229/245/279 215/231/265
f 227/243/277 230/246/280 229/245/279
f 229/245/279 230/246/280 231/247/281
f 230/246/280 232/248/282 231/247/281
f 231/247/281 232/248/282 233/249/283
f 234/250/284 231/247/281 233/249/283
f 235/251/285 226/242/276 220/236/270
f 235/251/285 220/236/270 221/237/271
f 224/240/274 235/251/285 221/237/271
f 229/245/279 231/247/281 215/231/265
f 215/231/265 231/247/281 234/250/284
f 214/230/264 215/231/265 234/250/284
f 227/243/277 228/244/278 236/252/286
f 228/244/278 237/253/287 236/252/286
f 238/254/288 230/246/280 227/243/277
f 236/252/286 238/254/288 227/243/277
f 239/255/289 238/254/288 236/252/286
f 239/255/289 240/256/290 238/254/288
f 240/256/290 239/255/289 241/257/291
f 239/255/289 242/258/292 241/257/291
f 242/258/292 243/259/293 241/257/291
f 243/259/293 244/260/294 241/257/291
f 240/256/290 241/257/291 245/261/295
f 241/257/291 246/262/296 245/261/295
f 245/261/295 247/263/297 240/256/290
f 247/263/297 248/264/298 240/256/290
f 240/256/290 248/264/298 238/254/288
f 239/255/289 249/265/299 242/258/292
f 249/265/299 239/255/289 236/252/286
f 249/265/299 250/266/300 242/258/292
f 242/258/292 250/266/300 243/259/293
f 238/254/288 248/264/298 230/246/280
f 248/264/298 232/248/282 230/246/280
f 232/248/282 248/264/298 247/263/297
f 233/249/283 232/248/282 247/263/297
f 233/249/283 247/263/297 251/267/301
f 251/267/301 247/263/297 245/261/295
f 252/268/302 233/249/283 251/267/301
f 234/250/284 233/249/283 252/268/302
f 253/269/303 234/250/284 252/268/302
f 214/230/264 234/250/284 253/269/303
f 254/270/304 214/230/264 253/269/303
f 214/230/264 254/270/304 213/229/263
f 255/271/305 251/267/301 245/261/295
f 255/271/305 256/272/306 251/267/301
f 255/271/305 257/273/307 256/272/306
f 255/271/305 245/261/295 257/273/307
f 245/261/295 246/262/296 257/273/307
f 246/262/296 258/274/308 257/273/307
f 258/274/308 259/275/309 257/273/307
f 257/273/307 260/276/310 256/272/306
f 256/272/306 261/277/311 251/267/301
f 251/267/301 261/277/311 252/268/302
f 256/272/306 262/278/312 261/277/311
f 256/272/306 260/276/310 262/278/312
f 262/278/312 263/279/313 261/277/311
f 261/277/311 263/279/313 264/280/314
f 263/279/313 265/281/315 264/280/314
f 264/280/314 265/281/315 266/282/316
f 267/283/317 266/282/316 265/281/315
f 268/284/318 267/283/317 265/281/315
f 268/284/318 265/281/315 263/279/313
f 269/285/319 264/280/314 266/282/316
f 269/285/319 266/282/316 270/286/320
f 271/287/321 269/285/319 270/286/320
f 272/288/322 270/286/320 266/282/316
f 267/283/317 272/288/322 266/282/316
f 273/289/323 268/284/318 263/279/313
f 273/289/323 263/279/313 262/278/312
f 261/277/311 264/280/314 252/268/302
f 252/268/302 264/280/314 269/285/319
f 253/269/303 252/268/302 269/285/319
f 253/269/303 269/285/319 271/287/321
f 254/270/304 253/269/303 271/287/321
f 254/270/304 271/287/321 274/290/324
f 271/287/321 270/286/320 274/290/324
f 213/229/263 254/270/304 274/290/324
f 270/286/320 275/291/325 274/290/324
f 276/292/326 274/290/324 275/291/325
f 274/290/324 276/292/326 213/229/263
f 277/293/327 276/292/326 275/291/325
f 267/283/317 278/294/328 272/288/322
f 278/294/328 279/295/329 272/288/322
f 279/295/329 278/294/328 280/296/330
f 281/297/331 279/295/329 280/296/330
f 280/296/330 278/294/328 282/298/332
f 278/294/328 283/299/333 282/298/332
f 282/298/332 283/299/333 284/300/334
f 283/299/333 285/301/335 284/300/334
f 285/301/335 283/299/333 273/289/323
f 283/299/333 268/284/318 273/289/323
f 285/301/335 273/289/323 286/302/336
f 273/289/323 287/303/337 286/302/336
f 287/303/337 273/289/323 262/278/312
f 285/301/335 286/302/336 288/304/338
f 284/300/334 285/301/335 288/304/338
f 287/303/337 262/278/312 289/305/339
f 260/276/310 289/305/339 262/278/312
f 289/305/339 260/276/310 290/306/340
f 291/307/341 289/305/339 290/306/340
f 260/276/310 257/273/307 290/306/340
f 257/273/307 259/275/309 290/306/340
f 292/308/342 289/305/339 291/307/341
f 292/308/342 287/303/337 289/305/339
f 293/309/343 292/308/342 291/307/341
f 294/310/344 292/308/342 293/309/343
f 287/303/337 292/308/342 294/310/344
f 286/302/336 287/303/337 294/310/344
f 295/311/345 294/310/344 293/309/343
f 294/310/344 295/311/345 296/312/346
f 297/313/347 294/310/344 296/312/346
f 286/302/336 294/310/344 297/313/347
f 288/304/338 286/302/336 297/313/347
f 290/306/340 259/275/309 298/314/348
f 291/307/341 290/306/340 298/314/348
f 259/275/309 299/315/349 298/314/348
f 299/315/349 300/316/350 298/314/348
f 300/316/350 301/317/351 298/314/348
f 299/315/349 302/318/352 300/316/350
f 302/318/352 299/315/349 259/275/309
f 302/318/352 303/319/353 300/316/350
f 298/314/348 301/317/351 304/320/354
f 305/321/355 298/314/348 304/320/354
f 306/322/356 305/321/355 304/320/354
f 306/322/356 293/309/343 305/321/355
f 295/311/345 293/309/343 306/322/356
f 307/323/357 306/322/356 304/320/354
f 303/319/353 302/318/352 308/324/358
f 302/318/352 309/325/359 308/324/358
f 309/325/359 310/326/360 308/324/358
f 310/326/360 311/327/361 308/324/358
f 312/328/362 311/327/361 310/326/360
f 313/329/363 312/328/362 310/326/360
f 313/329/363 314/330/364 312/328/362
f 314/330/364 315/331/365 312/328/362
f 315/331/365 314/330/364 316/332/366
f 314/330/364 317/333/367 316/332/366
f 318/334/368 317/333/367 314/330/364
f 317/333/367 318/334/368 319/335/369
f 318/334/368 320/336/370 319/335/369
f 318/334/368 321/337/371 320/336/370
f 321/337/371 322/338/372 320/336/370
f 321/337/371 323/339/373 322/338/372
f 323/339/373 324/340/374 322/338/372
f 325/341/375 322/338/372 324/340/374
f 320/336/370 322/338/372 325/341/375
f 326/342/376 325/341/375 324/340/374
f 325/341/377 326/342/378 327/343/379
f 326/342/378 328/344/380 327/343/379
f 326/342/378 329/345/381 328/344/380
f 329/345/381 330/346/382 328/344/380
f 331/347/383 329/345/384 326/342/376
f 324/340/374 331/347/383 326/342/376
f 329/345/384 331/347/383 332/348/385
f 330/346/382 329/345/381 332/348/386
f 331/347/383 333/349/387 332/348/385
f 332/348/385 333/349/387 334/350/388
f 335/351/389 332/348/385 334/350/388
f 330/346/382 336/352/390 328/344/380
f 336/352/390 337/353/391 328/344/380
f 337/353/391 336/352/390 338/354/392
f 339/355/393 337/353/391 338/354/392
f 338/354/392 340/356/394 339/355/393
f 340/356/394 341/357/395 339/355/393
f 341/357/395 340/356/394 342/358/396
f 340/356/394 343/359/397 342/358/396
f 344/360/398 341/357/395 342/358/396
f 345/361/399 344/360/398 342/358/396
f 344/360/398 345/361/399 346/362/400
f 346/362/400 345/361/399 342/358/396
f 347/363/401 344/360/398 346/362/400
f 348/364/402 344/360/398 347/363/401
f 348/364/402 339/355/393 341/357/395
f 344/360/398 348/364/402 341/357/395
f 337/353/391 339/355/393 348/364/402
f 349/365/403 348/364/402 347/363/401
f 347/363/401 346/362/400 350/366/404
f 347/363/401 350/366/404 349/365/403
f 346/362/400 351/367/405 350/366/404
f 346/362/400 352/368/406 351/367/405
f 352/368/406 346/362/400 342/358/396
f 342/358/396 343/359/397 352/368/406
f 352/368/406 353/369/407 351/367/405
f 354/370/408 353/369/407 352/368/406
f 355/371/409 354/370/408 352/368/406
f 343/359/397 355/371/409 352/368/406
f 350/366/404 351/367/405 356/372/410
f 351/367/405 357/373/411 356/372/410
f 351/367/405 353/369/407 357/373/411
f 353/369/407 358/374/412 357/373/411
f 358/374/412 353/369/407 354/370/408
f 358/374/412 359/375/413 357/373/411
f 359/375/413 360/376/414 357/373/411
f 359/375/413 358/374/412 361/377/415
f 361/377/415 358/374/412 354/370/408
f 362/378/416 359/375/413 361/377/415
f 363/379/417 356/372/410 357/373/411
f 360/376/414 363/379/417 357/373/411
f 356/372/410 363/379/417 364/380/418
f 365/381/419 356/372/410 364/380/418
f 356/372/410 365/381/419 366/382/420
f 350/366/404 356/372/410 366/382/420
f 350/366/404 366/382/420 349/365/403
f 367/383/421 354/370/408 355/371/409
f 368/384/422 367/383/421 355/371/409
f 355/371/409 343/359/397 368/384/422
f 343/359/397 369/385/423 368/384/422
f 343/359/397 340/356/394 369/385/423
f 340/356/394 370/386/424 369/385/423
f 340/356/394 338/354/392 370/386/424
f 338/354/392 371/387/425 370/386/424
f 338/354/392 336/352/390 371/387/425
f 336/352/390 372/388/426 371/387/425
f 336/352/390 330/346/382 372/388/426
f 330/346/382 332/348/386 372/388/426
f 370/386/424 371/387/425 373/389/427
f 371/387/425 374/390/428 373/389/427
f 374/390/428 371/387/425 372/391/426
f 375/392/429 374/390/428 372/391/426
f 374/390/428 375/392/429 376/393/430
f 377/394/431 374/390/428 376/393/430
f 373/389/427 374/390/428 377/394/431
f 378/395/432 377/394/431 376/393/430
f 373/389/427 377/394/431 378/395/432
f 379/396/433 378/395/432 376/393/430
f 380/397/434 378/395/432 379/396/433
f 381/398/435 380/397/434 379/396/433
f 381/398/435 382/399/436 380/397/434
f 382/399/436 383/400/437 380/397/434
f 384/401/438 383/400/437 382/399/436
f 385/402/439 384/401/438 382/399/436
f 384/401/438 385/402/439 386/403/440
f 385/402/439 387/404/441 386/403/440
f 388/405/442 373/389/427 378/395/432
f 388/405/442 378/395/432 380/397/434
f 389/406/443 388/405/442 380/397/434
f 380/397/434 383/400/437 389/406/443
f 383/400/437 390/407/444 389/406/443
f 390/407/444 383/400/437 384/401/438
f 391/408/445 390/407/444 384/401/438
f 384/401/438 386/403/440 392/409/446
f 391/408/445 384/401/438 392/409/446
f 369/385/423 388/405/442 389/406/443
f 369/385/423 370/386/424 388/405/442
f 370/386/424 373/389/427 388/405/442
f 368/384/422 369/385/423 389/406/443
f 389/406/443 390/407/444 368/384/422
f 390/407/444 367/383/421 368/384/422
f 367/383/421 390/407/444 391/408/445
f 393/410/447 367/383/421 391/408/445
f 354/370/408 367/383/421 393/410/447
f 361/377/415 354/370/408 393/410/447
f 361/377/415 393/410/447 362/378/416
f 393/410/447 394/411/448 362/378/416
f 391/408/445 392/409/446 394/411/448
f 393/410/447 391/408/445 394/411/448
f 394/411/448 392/409/446 395/412/449
f 392/409/446 396/413/450 395/412/449
f 392/409/446 386/403/440 396/413/450
f 386/403/440 397/414/451 396/413/450
f 397/414/451 386/403/440 387/404/441
f 398/415/452 397/414/451 387/404/441
f 398/415/452 387/404/441 399/416/453
f 399/416/453 387/404/441 385/402/439
f 400/417/454 399/416/453 385/402/439
f 399/416/455 400/417/454 401/418/456
f 402/419/457 399/416/455 401/418/456
f 401/418/456 403/420/458 402/419/457
f 403/420/458 404/421/459 402/419/457
f 401/418/456 400/417/454 405/422/460
f 401/418/456 405/422/460 403/420/458
f 400/417/454 406/423/461 405/422/460
f 400/417/454 385/402/439 406/423/461
f 405/422/460 406/423/461 407/424/462
f 408/425/463 405/422/460 407/424/462
f 405/422/460 408/425/463 409/426/464
f 405/422/460 409/426/464 403/420/458
f 408/425/463 410/427/465 409/426/464
f 407/424/462 411/428/466 408/425/463
f 411/428/466 412/429/467 408/425/463
f 411/428/466 413/430/468 412/429/467
f 413/430/468 414/431/469 412/429/467
f 412/429/467 414/431/469 415/432/470
f 416/433/471 412/429/467 415/432/470
f 408/425/463 412/429/467 416/433/471
f 410/427/465 408/425/463 416/433/471
f 413/430/468 417/434/472 414/431/469
f 417/434/472 418/435/473 414/431/469
f 417/434/472 419/436/474 418/435/473
f 419/436/474 420/437/475 418/435/473
f 421/438/476 420/437/475 419/436/474
f 421/438/476 422/439/477 420/437/475
f 422/439/477 423/440/478 420/437/475
f 418/435/473 420/437/475 423/440/478
f 332/348/479 421/438/476 419/436/474
f 424/441/480 418/435/473 423/440/478
f 414/431/469 418/435/473 424/441/480
f 415/432/470 414/431/469 424/441/480
f 335/351/389 422/439/481 421/438/482
f 335/351/389 421/438/482 332/348/385
f 422/439/481 335/351/389 425/442/483
f 425/442/483 335/351/389 426/443/484
f 425/442/483 426/443/484 427/444/485
f 425/442/483 427/444/485 428/445/486
f 429/446/486 425/442/483 428/445/486
f 430/447/487 426/443/484 335/351/389
f 334/350/388 430/447/487 335/351/389
f 431/448/488 430/447/487 334/350/388
f 432/449/489 431/448/488 334/350/388
f 431/448/488 432/449/489 235/251/285
f 432/449/489 226/242/276 235/251/285
f 432/449/489 433/450/490 226/242/276
f 433/450/490 228/244/278 226/242/276
f 228/244/278 433/450/490 237/253/287
f 433/450/490 434/451/491 237/253/287
f 237/253/287 434/451/491 323/339/373
f 435/452/492 237/253/287 323/339/373
f 432/449/489 334/350/388 333/349/387
f 433/450/490 432/449/489 333/349/387
f 433/450/490 333/349/387 331/347/383
f 434/451/491 433/450/490 331/347/383
f 434/451/491 331/347/383 324/340/374
f 323/339/373 434/451/491 324/340/374
f 435/452/492 323/339/373 321/337/371
f 436/453/493 435/452/492 321/337/371
f 321/337/371 318/334/368 436/453/493
f 318/334/368 437/454/494 436/453/493
f 436/453/493 437/454/494 250/266/300
f 437/454/494 438/455/495 250/266/300
f 436/453/493 250/266/300 249/265/299
f 435/452/492 436/453/493 249/265/299
f 435/452/492 249/265/299 236/252/286
f 237/253/287 435/452/492 236/252/286
f 250/266/300 438/455/495 243/259/293
f 437/454/494 318/334/368 314/330/364
f 437/454/494 314/330/364 438/455/495
f 314/330/364 313/329/363 438/455/495
f 438/455/495 313/329/363 310/326/360
f 243/259/293 438/455/495 310/326/360
f 243/259/293 310/326/360 244/260/294
f 310/326/360 309/325/359 244/260/294
f 244/260/294 309/325/359 302/318/352
f 258/274/308 244/260/294 302/318/352
f 241/257/291 244/260/294 258/274/308
f 246/262/296 241/257/291 258/274/308
f 258/274/308 302/318/352 259/275/309
f 114/112/136 130/130/158 125/125/151
f 114/112/136 116/116/140 130/130/158
f 441/456/496 440/457/497 439/458/498
f 442/459/499 441/456/496 439/458/498
f 443/460/500 441/456/496 442/459/499
f 444/461/501 443/460/500 442/459/499
f 443/460/500 444/461/501 445/462/502
f 444/461/501 446/463/503 445/462/502
f 447/464/504 444/461/501 442/459/499
f 448/465/505 447/464/504 442/459/499
f 448/465/505 442/459/499 439/458/498
f 447/464/504 448/465/505 158/166/198
f 447/464/504 158/166/198 156/164/196
f 449/466/506 447/464/504 156/164/196
f 444/461/501 447/464/504 449/466/506
f 446/463/503 444/461/501 449/466/506
f 449/466/506 156/164/196 446/463/503
f 448/465/505 450/467/507 158/166/198
f 448/465/505 451/468/508 450/467/507
f 451/468/508 448/465/505 439/458/498
f 451/468/508 452/469/509 450/467/507
f 429/446/510 452/469/509 451/468/508
f 453/470/511 429/446/510 451/468/508
f 439/458/498 453/470/511 451/468/508
f 429/446/510 453/470/511 454/471/512
f 453/470/511 455/472/513 454/471/512
f 440/457/497 455/472/513 453/470/511
f 439/458/498 440/457/497 453/470/511
f 153/161/193 445/462/502 446/463/503
f 155/163/195 153/161/193 446/463/503
f 156/164/196 155/163/195 446/463/503
f 456/473/514 455/472/513 440/457/497
f 455/472/513 456/473/514 454/471/512
f 457/474/515 456/473/514 440/457/497
f 458/475/516 456/473/514 457/474/515
f 459/476/517 458/475/516 457/474/515
f 460/477/518 459/476/517 457/474/515
f 461/478/519 460/477/518 457/474/515
f 461/478/519 457/474/515 440/457/497
f 460/477/518 461/478/519 462/479/520
f 463/480/521 460/477/518 462/479/520
f 463/480/521 462/479/520 464/481/522
f 462/479/520 465/482/523 464/481/522
f 456/473/514 458/475/516 466/483/524
f 458/475/516 467/484/525 466/483/524
f 454/471/512 466/483/524 467/484/525
f 456/473/514 466/483/524 454/471/512
f 468/485/526 454/471/512 467/484/525
f 464/481/522 465/482/523 152/159/191
f 151/158/190 464/481/522 152/159/191
f 152/159/191 465/482/523 153/161/193
f 465/482/523 445/462/502 153/161/193
f 445/462/502 465/482/523 462/479/520
f 443/460/500 445/462/502 462/479/520
f 462/479/520 461/478/519 443/460/500
f 461/478/519 441/456/496 443/460/500
f 441/456/496 461/478/519 440/457/497
f 469/486/527 463/480/521 464/481/522
f 460/477/518 463/480/521 469/486/527
f 470/487/528 460/477/518 469/486/527
f 460/477/518 470/487/528 471/488/529
f 459/476/517 460/477/518 471/488/529
f 472/489/530 468/485/531 467/484/532
f 473/490/533 472/489/530 467/484/532
f 458/475/516 459/476/517 471/488/529
f 474/491/534 458/475/516 471/488/529
f 458/475/516 474/491/534 473/490/533
f 473/490/533 474/491/534 472/489/530
f 467/484/532 458/475/516 473/490/533
f 470/487/528 469/486/527 475/492/535
f 476/493/536 475/492/535 469/486/527
f 477/494/537 475/492/535 476/493/536
f 478/495/538 477/494/537 476/493/536
f 475/492/535 477/494/537 479/496/539
f 480/497/540 475/492/535 479/496/539
f 480/497/540 470/487/528 475/492/535
f 480/497/540 479/496/539 481/498/541
f 482/499/542 480/497/540 481/498/541
f 470/487/528 480/497/540 482/499/542
f 471/488/529 470/487/528 482/499/542
f 474/491/534 471/488/529 482/499/542
f 477/494/537 483/500/543 479/496/539
f 483/500/543 484/501/544 479/496/539
f 479/496/539 484/501/544 481/498/541
f 484/501/544 483/500/543 485/502/545
f 485/502/545 483/500/543 486/503/546
f 486/503/546 487/504/547 485/502/545
f 487/504/547 488/505/548 485/502/545
f 488/505/548 487/504/547 489/506/549
f 487/504/547 490/507/550 489/506/549
f 489/506/549 490/507/550 491/508/551
f 490/507/550 492/509/552 491/508/551
f 491/508/551 492/509/552 493/510/553
f 492/509/552 494/511/554 493/510/553
f 495/512/555 493/510/553 494/511/554
f 496/513/556 495/512/555 494/511/554
f 496/513/556 494/511/554 497/514/557
f 494/511/554 498/515/558 497/514/557
f 494/511/554 492/509/552 498/515/558
f 497/514/557 498/515/558 499/516/559
f 500/517/560 497/514/557 499/516/559
f 492/509/552 501/518/561 498/515/558
f 498/515/558 501/518/561 502/519/562
f 499/516/559 498/515/558 502/519/562
f 501/518/561 503/520/563 502/519/562
f 503/520/563 504/521/564 502/519/562
f 146/148/185 502/519/562 504/521/564
f 499/516/559 502/519/562 146/148/185
f 505/522/565 146/148/185 504/521/564
f 146/148/185 505/522/565 147/150/186
f 505/522/565 506/523/566 147/150/186
f 507/524/567 503/520/563 501/518/561
f 508/525/568 507/524/567 501/518/561
f 147/150/186 506/523/566 149/154/188
f 506/523/566 509/526/569 149/154/188
f 149/154/188 509/526/569 510/527/570
f 150/157/189 149/154/188 510/527/570
f 150/157/189 510/527/570 151/158/190
f 510/527/570 511/528/571 151/158/190
f 511/528/571 510/527/570 512/529/572
f 513/530/573 511/528/571 512/529/572
f 507/524/567 508/525/568 514/531/574
f 512/529/572 507/524/567 514/531/574
f 512/529/572 514/531/574 515/532/575
f 513/530/573 512/529/572 515/532/575
f 515/532/575 514/531/574 486/503/546
f 514/531/574 487/504/547 486/503/546
f 487/504/547 514/531/574 508/525/568
f 490/507/550 487/504/547 508/525/568
f 490/507/550 508/525/568 492/509/552
f 508/525/568 501/518/561 492/509/552
f 513/530/573 515/532/575 478/495/538
f 515/532/575 486/503/546 478/495/538
f 476/493/536 513/530/573 478/495/538
f 464/481/522 151/158/190 511/528/571
f 516/533/576 464/481/522 511/528/571
f 516/533/576 511/528/571 513/530/573
f 476/493/536 516/533/576 513/530/573
f 516/533/576 469/486/527 464/481/522
f 516/533/576 476/493/536 469/486/527
f 486/503/546 517/534/577 478/495/538
f 483/500/543 517/534/577 486/503/546
f 477/494/537 478/495/538 517/534/577
f 483/500/543 477/494/537 517/534/577
f 316/332/366 519/535/578 518/536/579
f 520/537/580 316/332/366 518/536/579
f 315/331/365 316/332/366 520/537/580
f 521/538/581 315/331/365 520/537/580
f 315/331/365 521/538/581 522/539/582
f 312/328/362 315/331/365 522/539/582
f 312/328/362 522/539/582 311/327/361
f 522/539/582 523/540/583 311/327/361
f 311/327/361 523/540/583 524/541/584
f 308/324/358 311/327/361 524/541/584
f 303/319/353 308/324/358 524/541/584
f 525/542/585 303/319/353 524/541/584
f 303/319/353 525/542/585 526/543/586
f 300/316/350 303/319/353 526/543/586
f 300/316/350 526/543/586 301/317/351
f 526/543/586 527/544/587 301/317/351
f 301/317/351 527/544/587 528/545/588
f 304/320/354 301/317/351 528/545/588
f 307/323/357 304/320/354 528/545/588
f 529/546/589 307/323/357 528/545/588
f 307/323/357 529/546/589 530/547/590
f 531/548/591 307/323/357 530/547/590
f 306/322/356 307/323/357 531/548/591
f 532/549/592 306/322/356 531/548/591
f 532/549/592 295/311/345 306/322/356
f 295/311/345 532/549/592 533/550/593
f 296/312/346 295/311/345 533/550/593
f 532/549/592 531/548/591 534/551/594
f 533/550/593 532/549/592 534/551/594
f 531/548/591 530/547/590 535/552/595
f 534/551/594 531/548/591 535/552/595
f 296/312/346 533/550/593 536/553/596
f 296/312/346 536/553/596 537/554/597
f 297/313/347 296/312/346 537/554/597
f 533/550/593 538/555/598 536/553/596
f 533/550/593 534/551/594 538/555/598
f 534/551/594 539/556/599 538/555/598
f 534/551/594 535/552/595 539/556/599
f 297/313/347 537/554/597 540/557/600
f 288/304/338 297/313/347 540/557/600
f 288/304/338 540/557/600 541/558/601
f 284/300/334 288/304/338 541/558/601
f 284/300/334 541/558/601 542/559/602
f 282/298/332 284/300/334 542/559/602
f 282/298/332 542/559/602 543/560/603
f 280/296/330 282/298/332 543/560/603
f 280/296/330 543/560/603 544/561/604
f 281/297/331 280/296/330 544/561/604
f 535/552/595 545/562/605 539/556/599
f 281/297/331 544/561/604 546/563/606
f 547/564/607 281/297/331 546/563/606
f 547/564/607 548/565/608 281/297/331
f 548/565/608 547/564/607 549/566/609
f 547/564/607 550/567/610 549/566/609
f 551/568/611 548/565/608 549/566/609
f 552/569/612 551/568/611 549/566/609
f 552/569/612 553/570/613 551/568/611
f 553/570/613 554/571/614 551/568/611
f 554/571/614 553/570/613 555/572/615
f 556/573/616 554/571/614 555/572/615
f 556/573/616 555/572/615 557/574/617
f 555/572/615 558/575/618 557/574/617
f 557/574/617 559/576/619 556/573/616
f 559/576/619 560/577/620 556/573/616
f 556/573/616 560/577/620 554/571/614
f 560/577/620 561/578/621 554/571/614
f 554/571/614 561/578/621 551/568/611
f 559/576/619 557/574/617 562/579/622
f 563/580/623 559/576/619 562/579/622
f 563/580/623 562/579/622 564/581/624
f 562/579/622 565/582/625 564/581/624
f 557/574/617 558/575/618 565/582/625
f 562/579/622 557/574/617 565/582/625
f 565/582/625 566/583/626 564/581/624
f 96/584/627 564/581/624 566/583/626
f 567/585/628 564/581/624 96/584/627
f 567/585/628 563/580/623 564/581/624
f 97/586/629 567/585/628 96/584/627
f 567/585/628 97/586/629 568/587/630
f 97/586/629 99/588/631 568/587/630
f 93/589/632 96/584/627 566/583/626
f 567/585/628 568/587/630 569/590/633
f 563/580/623 567/585/628 569/590/633
f 559/576/619 563/580/623 569/590/633
f 570/591/634 559/576/619 569/590/633
f 560/577/620 559/576/619 570/591/634
f 571/592/635 560/577/620 570/591/634
f 561/578/621 560/577/620 571/592/635
f 572/593/636 561/578/621 571/592/635
f 561/578/621 572/593/636 573/594/637
f 574/595/638 561/578/621 573/594/637
f 561/578/621 574/595/638 551/568/611
f 573/594/637 572/593/636 272/288/322
f 573/594/637 272/288/322 574/595/638
f 572/593/636 575/596/639 272/288/322
f 572/593/636 571/592/635 576/597/640
f 575/596/639 572/593/636 576/597/640
f 575/596/639 576/597/640 577/598/641
f 576/597/640 578/599/642 577/598/641
f 577/598/641 578/599/642 579/600/643
f 578/599/642 580/601/644 579/600/643
f 580/601/644 578/599/642 576/597/640
f 579/600/643 580/601/644 581/602/645
f 582/603/646 579/600/643 581/602/645
f 581/602/645 583/604/647 582/603/646
f 583/604/647 15/225/258 582/603/646
f 583/604/647 12/605/648 15/225/258
f 583/604/647 584/606/649 12/605/648
f 583/604/647 581/602/645 584/606/649
f 584/606/649 11/607/650 12/605/648
f 579/600/643 582/603/646 276/292/326
f 582/603/646 585/608/651 276/292/326
f 582/603/646 15/225/258 211/227/261
f 585/608/651 582/603/646 211/227/261
f 585/608/651 211/227/261 213/229/263
f 276/292/326 585/608/651 213/229/263
f 581/602/645 580/601/644 586/609/652
f 581/602/645 586/609/652 584/606/649
f 580/601/644 587/610/653 586/609/652
f 587/610/653 580/601/644 576/597/640
f 276/292/326 277/293/327 579/600/643
f 576/597/640 571/592/635 587/610/653
f 571/592/635 570/591/634 587/610/653
f 587/610/653 570/591/634 586/609/652
f 570/591/634 569/590/633 586/609/652
f 568/587/630 584/606/649 586/609/652
f 569/590/633 568/587/630 586/609/652
f 99/588/631 11/607/650 584/606/649
f 568/587/630 99/588/631 584/606/649
f 277/293/327 577/598/641 579/600/643
f 577/598/641 277/293/327 575/596/639
f 277/293/327 275/291/325 575/596/639
f 575/596/639 275/291/325 270/286/320
f 272/288/322 575/596/639 270/286/320
f 272/288/322 279/295/329 574/595/638
f 574/595/638 279/295/329 548/565/608
f 551/568/611 574/595/638 548/565/608
f 548/565/608 279/295/329 281/297/331
f 590/611/654 589/612/655 588/613/656
f 591/614/657 590/611/654 588/613/656
f 592/615/658 590/611/654 591/614/657
f 592/615/658 593/616/659 590/611/654
f 593/616/659 594/617/660 590/611/654
f 593/616/659 325/341/377 594/617/660
f 325/341/377 327/343/379 594/617/660
f 595/618/661 592/615/658 591/614/657
f 596/619/662 595/618/661 591/614/657
f 597/620/663 596/619/662 591/614/657
f 598/621/664 597/620/663 591/614/657
f 588/613/656 598/621/664 591/614/657
f 594/617/660 327/343/379 599/622/665
f 599/622/665 589/612/655 590/611/654
f 594/617/660 599/622/665 590/611/654
f 327/343/379 600/623/666 599/622/665
f 599/622/665 600/623/666 348/364/402
f 349/365/403 599/622/665 348/364/402
f 600/623/666 337/353/391 348/364/402
f 600/623/666 327/343/379 328/344/380
f 337/353/391 600/623/666 328/344/380
f 593/616/659 320/336/370 325/341/375
f 593/616/659 592/615/658 319/335/369
f 320/336/370 593/616/659 319/335/369
f 319/335/369 592/615/658 595/618/667
f 519/535/578 319/335/369 595/618/667
f 317/333/367 319/335/369 519/535/578
f 316/332/366 317/333/367 519/535/578
f 599/622/665 349/365/403 366/382/420
f 589/612/655 599/622/665 366/382/420
f 589/612/655 366/382/420 365/381/419
f 588/613/656 589/612/655 365/381/419
f 588/613/656 365/381/419 598/621/664
f 365/381/419 364/380/418 598/621/664
f 598/621/664 364/380/418 601/624/668
f 601/624/668 602/625/669 598/621/664
f 602/625/669 597/620/663 598/621/664
f 602/625/669 601/624/668 603/626/670
f 601/624/668 604/627/671 603/626/670
f 364/380/418 604/627/671 601/624/668
f 605/628/672 604/627/671 364/380/418
f 603/626/670 604/627/671 605/628/672
f 363/379/417 605/628/672 364/380/418
f 606/629/673 605/628/672 363/379/417
f 360/376/414 606/629/673 363/379/417
f 607/630/674 606/629/673 360/376/414
f 359/375/413 607/630/674 360/376/414
f 608/631/675 607/630/674 359/375/413
f 362/378/416 608/631/675 359/375/413
f 362/378/416 394/411/448 608/631/675
f 394/411/448 395/412/449 608/631/675
f 609/632/676 608/631/675 395/412/449
f 610/633/677 609/632/676 395/412/449
f 610/633/677 395/412/449 396/413/450
f 611/634/678 610/633/677 396/413/450
f 611/634/678 396/413/450 397/414/451
f 612/635/679 611/634/678 397/414/451
f 612/635/679 397/414/451 398/415/452
f 613/636/680 612/635/679 398/415/452
f 613/636/680 398/415/452 614/637/681
f 614/637/681 398/415/452 399/416/453
f 614/637/681 399/416/455 402/419/457
f 615/638/682 614/637/681 402/419/457
f 402/419/457 404/421/459 615/638/682
f 404/421/459 616/639/683 615/638/682
f 617/640/684 615/638/682 616/639/683
f 618/641/685 617/640/684 616/639/683
f 619/642/686 614/637/681 615/638/682
f 617/640/684 619/642/686 615/638/682
f 619/642/686 613/636/680 614/637/681
f 162/170/202 621/643/687 620/644/688
f 164/172/204 162/170/202 620/644/688
f 622/645/689 621/643/687 162/170/202
f 160/168/200 622/645/689 162/170/202
f 623/646/690 622/645/689 160/168/200
f 159/167/199 623/646/690 160/168/200
f 620/644/688 621/643/687 624/647/691
f 208/223/255 620/644/688 624/647/691
f 209/224/256 208/223/255 624/647/691
f 209/224/259 624/647/692 219/235/269
f 219/235/269 624/647/692 625/648/693
f 621/643/687 625/648/694 624/647/691
f 625/648/694 621/643/687 622/645/689
f 222/238/272 219/235/269 625/648/693
f 222/238/272 625/648/693 626/649/695
f 626/649/696 625/648/694 622/645/689
f 622/645/689 623/646/690 626/649/696
f 223/239/273 222/238/272 626/649/695
f 223/239/273 626/649/695 627/650/697
f 623/646/690 627/650/698 626/649/696
f 628/651/699 223/239/273 627/650/697
f 223/239/273 628/651/699 224/240/274
f 628/651/699 629/652/700 224/240/274
f 629/652/700 431/448/488 224/240/274
f 431/448/488 235/251/285 224/240/274
f 431/448/488 629/652/700 430/447/487
f 629/652/700 630/653/701 430/447/487
f 628/651/699 627/650/697 631/654/702
f 426/443/484 430/447/487 631/654/702
f 427/444/485 426/443/484 631/654/702
f 428/445/486 427/444/485 631/654/702
f 632/655/703 628/651/699 631/654/702
f 632/655/703 631/654/702 430/447/487
f 630/653/701 632/655/703 430/447/487
f 629/652/700 628/651/699 632/655/703
f 630/653/701 629/652/700 632/655/703
f 627/650/698 623/646/690 631/654/704
f 623/646/690 450/467/507 631/654/704
f 452/469/509 428/445/705 631/654/704
f 450/467/507 452/469/509 631/654/704
f 428/445/705 452/469/509 429/446/510
f 450/467/507 623/646/690 159/167/199
f 158/166/198 450/467/507 159/167/199
f 635/656/706 634/657/707 633/658/708
f 636/659/709 635/656/706 633/658/708
f 633/658/708 634/657/707 194/202/234
f 194/202/234 634/657/707 635/656/706
f 195/203/235 633/658/708 194/202/234
f 637/660/710 633/658/708 195/203/235
f 196/204/236 637/660/710 195/203/235
f 637/660/710 196/204/236 200/208/240
f 637/660/710 200/208/240 638/661/711
f 638/661/711 636/659/709 633/658/708
f 637/660/710 638/661/711 633/658/708
f 200/208/240 639/662/712 638/661/711
f 639/662/712 200/208/240 204/216/248
f 193/201/233 194/202/234 635/656/706
f 635/656/706 636/659/709 640/663/713
f 636/659/709 638/661/711 640/663/713
f 641/664/714 635/656/706 640/663/713
f 642/665/715 639/662/712 204/216/248
f 639/662/712 642/665/715 638/661/711
f 643/666/716 642/665/715 204/216/248
f 643/666/716 204/216/248 39/215/247
f 49/667/717 643/666/716 39/215/247
f 644/668/718 643/666/716 49/667/717
f 642/665/715 643/666/716 644/668/718
f 50/669/719 644/668/718 49/667/717
f 50/669/719 52/670/720 644/668/718
f 52/670/720 645/671/721 644/668/718
f 646/672/722 642/665/715 644/668/718
f 647/673/723 645/671/721 52/670/720
f 647/673/723 648/674/724 645/671/721
f 648/674/724 649/675/725 645/671/721
f 649/675/725 646/672/722 644/668/718
f 645/671/721 649/675/725 644/668/718
f 55/676/726 647/673/723 52/670/720
f 647/673/723 55/676/726 650/677/727
f 647/673/723 650/677/727 648/674/724
f 55/676/726 57/678/728 650/677/727
f 651/679/729 650/677/727 57/678/728
f 86/680/730 651/679/729 57/678/728
f 650/677/727 651/679/729 652/681/731
f 650/677/727 652/681/731 648/674/724
f 648/674/724 652/681/731 653/682/732
f 648/674/724 653/682/732 649/675/725
f 652/681/731 654/683/733 653/682/732
f 655/684/734 654/683/733 652/681/731
f 655/684/734 656/685/735 654/683/733
f 656/685/735 657/686/736 654/683/733
f 654/683/733 657/686/736 653/682/732
f 658/687/737 655/684/734 652/681/731
f 651/679/729 658/687/737 652/681/731
f 658/687/737 495/512/555 655/684/734
f 658/687/737 651/679/729 495/512/555
f 495/512/555 496/513/556 655/684/734
f 655/684/734 496/513/556 656/685/735
f 496/513/556 497/514/557 656/685/735
f 657/686/736 659/688/738 653/682/732
f 653/682/732 659/688/738 660/689/739
f 659/688/738 661/690/740 660/689/739
f 656/685/735 497/514/557 662/691/741
f 497/514/557 500/517/560 662/691/741
f 500/517/560 184/192/224 662/691/741
f 184/192/224 500/517/560 183/191/223
f 500/517/560 499/516/559 183/191/223
f 183/191/223 499/516/559 146/148/185
f 184/192/224 186/194/226 662/691/741
f 662/691/741 186/194/226 663/692/742
f 186/194/226 188/196/228 663/692/742
f 663/692/742 188/196/228 664/693/743
f 188/196/228 190/198/230 664/693/743
f 664/693/743 190/198/230 665/694/744
f 659/688/738 664/693/743 665/694/744
f 661/690/740 659/688/738 665/694/744
f 190/198/230 192/200/232 665/694/744
f 656/685/735 662/691/741 663/692/742
f 657/686/736 656/685/735 663/692/742
f 657/686/736 663/692/742 664/693/743
f 659/688/738 657/686/736 664/693/743
f 665/694/744 192/200/232 193/201/233
f 666/695/745 665/694/744 193/201/233
f 661/690/740 665/694/744 666/695/745
f 667/696/746 661/690/740 666/695/745
f 661/690/740 667/696/746 668/697/747
f 660/689/739 661/690/740 668/697/747
f 660/689/739 668/697/747 646/672/722
f 649/675/725 660/689/739 646/672/722
f 653/682/732 660/689/739 649/675/725
f 646/672/722 668/697/747 642/665/715
f 668/697/747 669/698/748 642/665/715
f 669/698/748 668/697/747 667/696/746
f 642/665/715 669/698/748 638/661/711
f 640/663/713 669/698/748 667/696/746
f 640/663/713 667/696/746 666/695/745
f 638/661/711 669/698/748 640/663/713
f 641/664/714 640/663/713 666/695/745
f 666/695/745 193/201/233 635/656/706
f 641/664/714 666/695/745 635/656/706
f 385/402/439 382/399/436 406/423/461
f 406/423/461 382/399/436 381/398/435
f 407/424/462 406/423/461 381/398/435
f 407/424/462 381/398/435 411/428/749
f 381/398/435 379/396/433 411/428/749
f 411/428/749 379/396/433 413/430/468
f 379/396/433 376/393/430 413/430/468
f 376/393/430 375/392/429 413/430/468
f 375/392/429 417/434/472 413/430/468
f 375/392/429 372/391/426 417/434/472
f 372/391/426 419/436/750 417/434/472
f 419/436/750 372/391/426 332/348/386
f 157/165/197 161/169/201 148/153/187
f 305/321/355 291/307/341 298/314/348
f 293/309/343 291/307/341 305/321/355
f 267/283/317 268/284/318 283/299/333
f 278/294/328 267/283/317 283/299/333
f 595/618/667 596/619/751 518/536/579
f 519/535/578 595/618/667 518/536/579
f 596/619/751 670/699/752 518/536/579
f 670/699/753 596/619/754 671/700/755
f 672/701/756 670/699/753 671/700/755
f 673/702/757 672/701/756 671/700/755
f 673/702/757 671/700/755 674/703/758
f 675/704/759 673/702/757 674/703/758
f 676/705/760 672/701/756 673/702/757
f 677/706/761 676/705/760 673/702/757
f 678/707/762 676/705/760 677/706/761
f 679/708/763 678/707/762 677/706/761
f 680/709/764 678/707/762 679/708/763
f 681/710/765 680/709/764 679/708/763
f 682/711/766 680/709/764 681/710/765
f 683/712/767 682/711/766 681/710/765
f 682/711/768 684/713/769 680/709/770
f 684/713/769 685/714/771 680/709/770
f 678/707/772 680/709/770 685/714/771
f 686/715/773 678/707/772 685/714/771
f 684/713/769 682/711/768 687/716/774
f 682/711/766 683/712/767 687/716/775
f 688/717/776 684/713/769 687/716/774
f 688/717/776 687/716/774 689/718/777
f 687/716/774 690/719/778 689/718/777
f 685/714/771 691/720/779 686/715/773
f 691/720/779 692/721/780 686/715/773
f 686/715/773 692/721/780 693/722/781
f 686/715/773 693/722/781 678/707/772
f 692/721/780 694/723/782 693/722/781
f 693/722/781 694/723/782 695/724/783
f 694/723/782 696/725/784 695/724/783
f 697/726/785 683/712/767 681/710/765
f 694/723/782 692/721/780 698/727/786
f 699/728/787 694/723/782 698/727/786
f 699/728/787 698/727/786 700/729/788
f 701/730/789 699/728/787 700/729/788
f 702/731/790 690/719/778 687/716/774
f 702/731/791 687/716/792 703/732/793
f 704/733/794 702/731/791 703/732/793
f 705/734/795 702/731/791 704/733/794
f 706/735/796 705/734/795 704/733/794
f 704/733/794 703/732/793 707/736/797
f 704/733/794 707/736/797 706/735/796
f 703/732/793 708/737/798 707/736/797
f 707/736/797 709/738/799 706/735/796
f 707/736/797 708/737/798 710/739/800
f 707/736/797 710/739/800 709/738/799
f 708/737/798 711/740/801 710/739/800
f 710/739/800 711/740/801 712/741/802
f 711/740/801 713/742/803 712/741/802
f 710/739/800 712/741/802 714/743/804
f 710/739/800 714/743/804 709/738/799
f 712/741/802 715/744/805 714/743/804
f 712/741/802 713/742/803 716/745/806
f 712/741/802 716/745/806 715/744/805
f 713/742/803 717/746/807 716/745/806
f 718/747/808 716/745/806 717/746/807
f 719/748/809 718/747/808 717/746/807
f 716/745/806 718/747/808 720/749/810
f 721/750/811 716/745/806 720/749/810
f 716/745/806 721/750/811 715/744/805
f 719/748/809 722/751/812 718/747/808
f 722/751/812 723/752/813 718/747/808
f 722/751/812 724/753/814 723/752/813
f 724/753/814 725/754/815 723/752/813
f 726/755/816 723/752/813 725/754/815
f 718/747/808 723/752/813 726/755/816
f 720/749/810 718/747/808 726/755/816
f 727/756/817 726/755/816 725/754/815
f 724/753/818 722/751/812 728/757/819
f 728/757/819 722/751/812 719/748/809
f 729/758/820 724/753/818 728/757/819
f 729/758/820 728/757/819 730/759/821
f 728/757/819 731/760/822 730/759/821
f 731/760/822 728/757/819 732/761/823
f 732/761/823 728/757/819 719/748/809
f 733/762/824 731/760/822 732/761/823
f 733/762/824 732/761/823 734/763/825
f 732/761/823 735/764/826 734/763/825
f 734/763/825 735/764/826 736/765/827
f 737/766/828 734/763/825 736/765/827
f 737/766/828 736/765/827 738/767/829
f 739/768/830 737/766/828 738/767/829
f 740/769/831 739/768/830 738/767/829
f 741/770/832 740/769/831 738/767/829
f 741/770/832 742/771/833 740/769/831
f 742/771/833 743/772/834 740/769/831
f 740/769/831 744/773/835 739/768/830
f 739/768/830 744/773/835 737/766/828
f 740/769/831 743/772/834 744/773/835
f 744/773/835 745/774/836 737/766/828
f 737/766/828 745/774/836 734/763/825
f 745/774/836 746/775/837 734/763/825
f 733/762/824 734/763/825 746/775/837
f 747/776/838 733/762/824 746/775/837
f 733/762/824 747/776/838 731/760/822
f 747/776/838 748/777/839 731/760/822
f 731/760/822 748/777/839 749/778/840
f 730/759/821 731/760/822 749/778/840
f 743/772/834 750/779/841 744/773/835
f 744/773/835 750/779/841 745/774/836
f 743/772/834 751/780/842 750/779/841
f 697/726/785 751/780/842 743/772/834
f 697/726/785 752/781/843 751/780/842
f 752/781/843 753/782/844 751/780/842
f 754/783/845 751/780/842 753/782/844
f 751/780/842 754/783/845 750/779/841
f 755/784/846 754/783/845 753/782/844
f 754/783/845 755/784/846 756/785/847
f 757/786/848 754/783/845 756/785/847
f 755/784/846 758/787/849 756/785/847
f 758/787/849 759/788/850 756/785/847
f 759/788/850 758/787/849 760/789/851
f 759/788/850 760/789/851 756/785/847
f 758/787/849 761/790/852 760/789/851
f 758/787/849 762/791/853 761/790/852
f 762/791/853 758/787/849 755/784/846
f 753/782/844 762/791/853 755/784/846
f 753/782/844 752/781/843 762/791/853
f 762/791/853 763/792/854 761/790/852
f 760/789/851 761/790/852 764/793/855
f 764/793/855 761/790/852 763/792/854
f 765/794/856 760/789/851 764/793/855
f 766/795/857 760/789/851 765/794/856
f 760/789/851 766/795/857 756/785/847
f 757/786/848 756/785/847 766/795/857
f 767/796/858 766/795/857 765/794/856
f 767/796/858 768/797/859 766/795/857
f 768/797/859 769/798/860 766/795/857
f 769/798/860 757/786/848 766/795/857
f 765/794/856 764/793/855 770/799/861
f 771/800/862 765/794/856 770/799/861
f 767/796/858 765/794/856 771/800/862
f 772/801/863 767/796/858 771/800/862
f 767/796/858 772/801/863 768/797/859
f 773/802/864 772/801/863 771/800/862
f 774/803/865 773/802/864 771/800/862
f 772/801/863 773/802/864 775/804/866
f 772/801/863 775/804/866 768/797/859
f 773/802/864 776/805/867 775/804/866
f 777/806/868 774/803/865 771/800/862
f 770/799/861 777/806/868 771/800/862
f 777/806/868 770/799/861 778/807/869
f 770/799/861 779/808/870 778/807/869
f 770/799/861 764/793/855 780/809/871
f 779/808/870 770/799/861 780/809/871
f 780/809/871 764/793/855 763/792/854
f 768/797/859 781/810/872 769/798/860
f 781/810/872 782/811/873 769/798/860
f 757/786/848 769/798/860 782/811/873
f 783/812/874 757/786/848 782/811/873
f 754/783/845 757/786/848 783/812/874
f 750/779/841 754/783/845 783/812/874
f 784/813/875 775/804/866 776/805/867
f 768/797/859 775/804/866 784/813/875
f 781/810/872 768/797/859 784/813/875
f 785/814/876 784/813/875 776/805/867
f 750/779/841 783/812/874 745/774/836
f 783/812/874 782/811/873 746/775/837
f 745/774/836 783/812/874 746/775/837
f 747/776/838 746/775/837 782/811/873
f 781/810/872 747/776/838 782/811/873
f 781/810/872 784/813/875 748/777/839
f 747/776/838 781/810/872 748/777/839
f 748/777/839 784/813/875 785/814/876
f 749/778/840 748/777/839 785/814/876
f 749/778/840 785/814/876 786/815/877
f 787/816/878 749/778/840 786/815/877
f 730/759/821 749/778/840 787/816/878
f 788/817/879 730/759/821 787/816/878
f 730/759/821 788/817/879 729/758/820
f 788/817/879 789/818/880 729/758/820
f 729/758/820 789/818/880 724/753/818
f 789/818/880 790/819/881 724/753/818
f 724/753/814 790/819/881 725/754/815
f 790/819/881 791/820/882 725/754/815
f 727/756/817 725/754/815 791/820/882
f 792/821/883 727/756/817 791/820/882
f 791/820/882 793/822/884 792/821/883
f 793/822/884 794/823/885 792/821/883
f 795/824/886 793/822/884 791/820/882
f 790/819/881 795/824/886 791/820/882
f 796/825/887 795/824/886 790/819/881
f 789/818/880 796/825/887 790/819/881
f 797/826/888 796/825/887 789/818/880
f 788/817/879 797/826/888 789/818/880
f 798/827/889 797/826/888 788/817/879
f 787/816/878 798/827/889 788/817/879
f 799/828/890 798/827/889 787/816/878
f 786/815/877 799/828/890 787/816/878
f 800/829/891 799/828/890 786/815/877
f 801/830/892 800/829/891 786/815/877
f 786/815/877 785/814/876 801/830/892
f 785/814/876 776/805/867 801/830/892
f 801/830/892 776/805/867 773/802/864
f 802/831/893 801/830/892 773/802/864
f 802/831/893 773/802/864 774/803/865
f 803/832/894 802/831/893 774/803/865
f 803/832/894 774/803/865 777/806/868
f 804/833/895 803/832/894 777/806/868
f 804/833/895 777/806/868 778/807/869
f 805/834/896 804/833/895 778/807/869
f 806/835/897 800/829/891 801/830/892
f 802/831/893 806/835/897 801/830/892
f 807/836/898 806/835/897 802/831/893
f 803/832/894 807/836/898 802/831/893
f 808/837/899 807/836/898 803/832/894
f 804/833/895 808/837/899 803/832/894
f 809/838/900 808/837/899 804/833/895
f 805/834/896 809/838/900 804/833/895
f 809/838/900 805/834/896 810/839/901
f 805/834/896 778/807/869 810/839/901
f 811/840/902 809/838/900 810/839/901
f 811/840/902 810/839/901 812/841/903
f 778/807/869 812/841/903 810/839/901
f 778/807/869 779/808/870 812/841/903
f 779/808/870 674/703/758 812/841/903
f 812/841/903 674/703/758 671/700/755
f 813/842/904 812/841/903 671/700/755
f 813/842/904 811/840/902 812/841/903
f 596/619/754 813/842/904 671/700/755
f 811/840/902 813/842/904 596/619/754
f 675/704/759 674/703/758 779/808/870
f 780/809/871 675/704/759 779/808/870
f 814/843/905 675/704/759 780/809/871
f 675/704/759 814/843/905 673/702/757
f 814/843/905 677/706/761 673/702/757
f 679/708/763 677/706/761 814/843/905
f 815/844/906 679/708/763 814/843/905
f 815/844/906 814/843/905 762/791/853
f 814/843/905 763/792/854 762/791/853
f 763/792/854 814/843/905 780/809/871
f 752/781/843 815/844/906 762/791/853
f 815/844/906 752/781/843 681/710/765
f 679/708/763 815/844/906 681/710/765
f 752/781/843 697/726/785 681/710/765
f 597/620/663 602/625/669 596/619/662
f 742/845/833 697/726/785 743/772/834
f 683/712/767 697/726/785 742/845/833
f 687/716/775 683/712/767 742/845/833
f 742/771/833 703/732/907 687/716/775
f 703/732/907 742/771/833 708/737/798
f 742/771/833 741/770/832 708/737/798
f 708/737/798 741/770/832 711/740/801
f 741/770/832 738/767/829 711/740/801
f 738/767/829 736/765/827 711/740/801
f 736/765/827 713/742/908 711/740/801
f 736/765/827 735/764/826 713/742/908
f 735/764/826 717/746/807 713/742/908
f 719/748/809 717/746/807 735/764/826
f 732/761/823 719/748/809 735/764/826
f 178/186/218 179/187/219 198/206/238
f 181/189/221 178/186/218 198/206/238
f 166/174/206 164/172/204 620/644/688
f 208/223/255 166/174/206 620/644/688
f 208/223/255 206/220/252 166/174/206
f 206/220/252 173/181/213 166/174/206
f 816/846/909 550/567/610 547/564/607
f 546/563/606 816/846/909 547/564/607
f 550/567/610 816/846/909 817/847/910
f 550/567/610 817/847/910 549/566/609
f 817/847/910 818/848/911 549/566/609
f 818/848/911 819/849/912 549/566/609
f 819/849/912 552/569/612 549/566/609
f 553/570/613 552/569/612 819/849/912
f 820/850/913 553/570/613 819/849/912
f 553/570/613 820/850/913 555/572/615
f 820/850/913 821/851/914 555/572/615
f 555/572/615 821/851/914 822/852/915
f 558/575/618 555/572/615 822/852/915
f 823/853/916 822/852/915 821/851/914
f 824/854/917 823/853/916 821/851/914
f 824/854/917 821/851/914 820/850/913
f 825/855/918 824/854/917 820/850/913
f 825/855/918 820/850/913 819/849/912
f 822/852/915 823/853/916 826/856/919
f 823/853/916 827/857/920 826/856/919
f 826/856/919 827/857/920 828/858/921
f 565/582/625 826/856/919 828/858/921
f 822/852/915 826/856/919 565/582/625
f 558/575/618 822/852/915 565/582/625
f 566/583/626 565/582/625 828/858/921
f 828/858/921 92/859/922 566/583/626
f 828/858/921 829/860/923 92/859/922
f 827/857/920 829/860/923 828/858/921
f 829/860/923 90/861/924 92/859/922
f 90/861/924 829/860/923 830/862/925
f 87/863/926 90/861/924 830/862/925
f 92/859/922 93/589/632 566/583/626
f 829/860/923 827/857/920 831/864/927
f 830/862/925 829/860/923 831/864/927
f 827/857/920 823/853/916 831/864/927
f 823/853/916 832/865/928 831/864/927
f 823/853/916 824/854/917 832/865/928
f 824/854/917 833/866/929 832/865/928
f 824/854/917 825/855/918 833/866/929
f 825/855/918 834/867/930 833/866/929
f 834/867/930 825/855/918 835/868/931
f 825/855/918 836/869/932 835/868/931
f 836/869/932 825/855/918 819/849/912
f 834/867/930 835/868/931 837/870/933
f 837/870/933 835/868/931 836/869/932
f 838/871/934 834/867/930 837/870/933
f 834/867/930 838/871/934 839/872/935
f 833/866/929 834/867/930 839/872/935
f 839/872/935 838/871/934 840/873/936
f 841/874/937 839/872/935 840/873/936
f 841/874/937 840/873/936 842/875/938
f 843/876/939 841/874/937 842/875/938
f 841/874/937 843/876/939 839/872/935
f 843/876/939 842/875/938 844/877/940
f 842/875/938 845/878/941 844/877/940
f 846/879/942 844/877/940 845/878/941
f 85/880/943 846/879/942 845/878/941
f 82/881/944 846/879/942 85/880/943
f 847/882/945 846/879/942 82/881/944
f 844/877/940 846/879/942 847/882/945
f 81/883/946 847/882/945 82/881/944
f 845/878/941 842/875/938 848/884/947
f 849/885/948 845/878/941 848/884/947
f 845/878/941 849/885/948 850/886/949
f 85/880/943 845/878/941 850/886/949
f 850/886/949 849/885/948 851/887/950
f 849/885/948 848/884/947 851/887/950
f 852/888/951 850/886/949 851/887/950
f 853/889/952 852/888/951 851/887/950
f 853/889/952 854/890/953 852/888/951
f 854/890/953 855/891/954 852/888/951
f 854/890/953 856/892/955 855/891/954
f 856/892/955 857/893/956 855/891/954
f 857/893/956 858/894/957 855/891/954
f 858/894/957 859/895/958 855/891/954
f 859/895/958 850/886/949 852/888/951
f 855/891/954 859/895/958 852/888/951
f 85/880/943 850/886/949 859/895/958
f 856/892/955 860/896/959 857/893/956
f 860/896/959 861/897/960 857/893/956
f 862/898/961 858/894/957 857/893/956
f 861/897/960 862/898/961 857/893/956
f 863/899/962 862/898/961 861/897/960
f 864/900/963 863/899/962 861/897/960
f 865/901/964 860/896/959 856/892/955
f 865/901/964 866/902/965 860/896/959
f 866/902/965 865/901/964 867/903/966
f 868/904/967 866/902/965 867/903/966
f 867/903/966 865/901/964 869/905/968
f 869/905/968 865/901/964 856/892/955
f 869/905/968 856/892/955 854/890/953
f 870/906/969 867/903/966 869/905/968
f 870/906/969 869/905/968 871/907/970
f 872/908/971 870/906/969 871/907/970
f 872/908/971 871/907/970 873/909/972
f 871/907/970 874/910/973 873/909/972
f 866/902/965 875/911/974 860/896/959
f 875/911/974 864/900/963 861/897/960
f 860/896/959 875/911/974 861/897/960
f 871/907/970 869/905/968 854/890/953
f 871/907/970 854/890/953 874/910/973
f 854/890/953 853/889/952 874/910/973
f 868/904/967 867/903/966 876/912/975
f 877/913/976 868/904/967 876/912/975
f 878/914/977 876/912/975 867/903/966
f 870/906/969 878/914/977 867/903/966
f 878/914/977 879/915/978 876/912/975
f 880/916/979 879/915/978 878/914/977
f 879/915/978 880/916/979 881/917/980
f 882/918/981 879/915/978 881/917/980
f 883/919/982 882/918/981 881/917/980
f 884/920/983 883/919/982 881/917/980
f 881/917/980 880/916/979 885/921/984
f 886/922/985 881/917/980 885/921/984
f 887/923/986 885/921/984 880/916/979
f 888/924/987 887/923/986 880/916/979
f 888/924/987 880/916/979 878/914/977
f 889/925/988 879/915/978 882/918/981
f 879/915/978 889/925/988 876/912/975
f 700/729/788 889/925/988 882/918/981
f 700/729/788 882/918/981 883/919/982
f 888/924/987 878/914/977 870/906/969
f 872/908/971 888/924/987 870/906/969
f 888/924/987 872/908/971 887/923/986
f 872/908/971 873/909/972 887/923/986
f 887/923/986 873/909/972 890/926/989
f 887/923/986 890/926/989 885/921/984
f 873/909/972 891/927/990 890/926/989
f 873/909/972 874/910/973 891/927/990
f 874/910/973 892/928/991 891/927/990
f 874/910/973 853/889/952 892/928/991
f 853/889/952 893/929/992 892/928/991
f 893/929/992 853/889/952 851/887/950
f 890/926/989 894/930/993 885/921/984
f 895/931/994 894/930/993 890/926/989
f 896/932/995 894/930/993 895/931/994
f 885/921/984 894/930/993 896/932/995
f 886/922/985 885/921/984 896/932/995
f 897/933/996 886/922/985 896/932/995
f 898/934/997 897/933/996 896/932/995
f 899/935/998 896/932/995 895/931/994
f 900/936/999 895/931/994 890/926/989
f 900/936/999 890/926/989 891/927/990
f 901/937/1000 895/931/994 900/936/999
f 899/935/998 895/931/994 901/937/1000
f 902/938/1001 901/937/1000 900/936/999
f 902/938/1001 900/936/999 903/939/1002
f 904/940/1003 902/938/1001 903/939/1002
f 904/940/1003 903/939/1002 905/941/1004
f 905/941/1004 906/942/1005 904/940/1003
f 906/942/1005 907/943/1006 904/940/1003
f 904/940/1003 907/943/1006 902/938/1001
f 903/939/1002 908/944/1007 905/941/1004
f 905/941/1004 908/944/1007 909/945/1008
f 908/944/1007 910/946/1009 909/945/1008
f 837/870/933 906/942/1005 905/941/1004
f 909/945/1008 837/870/933 905/941/1004
f 907/943/1006 911/947/1010 902/938/1001
f 902/938/1001 911/947/1010 901/937/1000
f 903/939/1002 900/936/999 891/927/990
f 903/939/1002 891/927/990 908/944/1007
f 891/927/990 892/928/991 908/944/1007
f 908/944/1007 892/928/991 910/946/1009
f 892/928/991 893/929/992 910/946/1009
f 910/946/1009 893/929/992 912/948/1011
f 909/945/1008 910/946/1009 912/948/1011
f 893/929/992 851/887/950 912/948/1011
f 913/949/1012 909/945/1008 912/948/1011
f 912/948/1011 848/884/947 913/949/1012
f 848/884/947 912/948/1011 851/887/950
f 848/884/947 914/950/1013 913/949/1012
f 915/951/1014 906/942/1005 837/870/933
f 916/952/1015 915/951/1014 837/870/933
f 915/951/1014 916/952/1015 917/953/1016
f 916/952/1015 918/954/1017 917/953/1016
f 915/951/1014 917/953/1016 919/955/1018
f 920/956/1019 915/951/1014 919/955/1018
f 920/956/1019 919/955/1018 921/957/1020
f 922/958/1021 920/956/1019 921/957/1020
f 920/956/1019 922/958/1021 911/947/1010
f 907/943/1006 920/956/1019 911/947/1010
f 911/947/1010 922/958/1021 923/959/1022
f 924/960/1023 911/947/1010 923/959/1022
f 911/947/1010 924/960/1023 901/937/1000
f 922/958/1021 921/957/1020 925/961/1024
f 923/959/1022 922/958/1021 925/961/1024
f 901/937/1000 924/960/1023 926/962/1025
f 926/962/1025 899/935/998 901/937/1000
f 899/935/998 926/962/1025 927/963/1026
f 926/962/1025 928/964/1027 927/963/1026
f 896/932/995 899/935/998 927/963/1026
f 898/934/997 896/932/995 927/963/1026
f 926/962/1025 929/965/1028 928/964/1027
f 924/960/1023 929/965/1028 926/962/1025
f 929/965/1028 930/966/1029 928/964/1027
f 929/965/1028 931/967/1030 930/966/1029
f 924/960/1023 923/959/1022 931/967/1030
f 929/965/1028 924/960/1023 931/967/1030
f 931/967/1030 932/968/1031 930/966/1029
f 932/968/1031 931/967/1030 933/969/1032
f 931/967/1030 934/970/1033 933/969/1032
f 923/959/1022 925/961/1024 934/970/1033
f 931/967/1030 923/959/1022 934/970/1033
f 898/934/997 927/963/1026 935/971/1034
f 927/963/1026 928/964/1027 935/971/1034
f 936/972/1035 898/934/997 935/971/1034
f 937/973/1036 936/972/1035 935/971/1034
f 938/974/1037 937/973/1036 935/971/1034
f 939/975/1038 936/972/1035 937/973/1036
f 936/972/1035 939/975/1038 898/934/997
f 940/976/1039 939/975/1038 937/973/1036
f 938/974/1037 935/971/1034 941/977/1040
f 935/971/1034 942/978/1041 941/977/1040
f 942/978/1041 943/979/1042 941/977/1040
f 930/966/1029 943/979/1042 942/978/1041
f 930/966/1029 932/968/1031 943/979/1042
f 943/979/1042 944/980/1043 941/977/1040
f 939/975/1038 940/976/1039 945/981/1044
f 946/982/1045 939/975/1038 945/981/1044
f 947/983/1046 946/982/1045 945/981/1044
f 948/984/1047 947/983/1046 945/981/1044
f 948/984/1047 949/985/1048 947/983/1046
f 949/985/1048 950/986/1049 947/983/1046
f 951/987/1050 950/986/1049 949/985/1048
f 952/988/1051 951/987/1050 949/985/1048
f 951/987/1050 952/988/1051 953/989/1052
f 696/725/784 951/987/1050 953/989/1052
f 696/725/784 694/723/782 951/987/1050
f 694/723/782 699/728/787 951/987/1050
f 951/987/1050 699/728/787 701/730/789
f 950/986/1049 951/987/1050 701/730/789
f 950/986/1049 701/730/789 947/983/1046
f 701/730/789 883/919/982 947/983/1046
f 701/730/789 700/729/788 883/919/982
f 947/983/1046 883/919/982 884/920/983
f 946/982/1045 947/983/1046 884/920/983
f 946/982/1045 884/920/983 939/975/1038
f 884/920/983 897/933/996 939/975/1038
f 884/920/983 881/917/980 897/933/996
f 881/917/980 886/922/985 897/933/996
f 939/975/1038 897/933/996 898/934/997
f 953/989/1052 952/988/1051 520/537/580
f 953/989/1052 520/537/580 518/536/579
f 954/990/1053 953/989/1052 518/536/579
f 696/725/784 953/989/1052 954/990/1053
f 695/724/783 696/725/784 954/990/1053
f 695/724/783 954/990/1053 670/699/752
f 670/699/752 954/990/1053 518/536/579
f 672/701/756 695/724/783 670/699/752
f 672/701/756 676/705/760 695/724/783
f 676/705/760 693/722/781 695/724/783
f 693/722/781 676/705/760 678/707/772
f 700/729/788 698/727/786 889/925/988
f 698/727/786 955/991/1054 889/925/988
f 955/991/1054 698/727/786 692/721/780
f 691/720/779 955/991/1054 692/721/780
f 877/913/976 955/991/1054 691/720/779
f 956/992/1055 877/913/976 691/720/779
f 956/992/1055 957/993/1056 877/913/976
f 957/993/1056 868/904/967 877/913/976
f 868/904/967 957/993/1056 866/902/965
f 957/993/1056 958/994/1057 866/902/965
f 866/902/965 958/994/1057 875/911/974
f 958/994/1057 959/995/1058 875/911/974
f 959/995/1058 958/994/1057 689/718/777
f 960/996/1059 959/995/1058 689/718/777
f 960/996/1059 689/718/777 690/719/778
f 961/997/1060 960/996/1059 690/719/778
f 690/719/778 962/998/1061 961/997/1060
f 961/997/1060 962/998/1061 963/999/1062
f 963/999/1062 962/998/1061 964/1000/1063
f 962/998/1061 965/1001/1063 964/1000/1063
f 958/994/1057 957/993/1056 688/717/776
f 689/718/777 958/994/1057 688/717/776
f 957/993/1056 956/992/1055 684/713/769
f 688/717/776 957/993/1056 684/713/769
f 684/713/769 956/992/1055 685/714/771
f 956/992/1055 691/720/779 685/714/771
f 690/719/778 705/734/1064 962/998/1061
f 705/734/1064 690/719/778 702/731/790
f 961/997/1060 963/999/1062 966/1002/1065
f 960/996/1059 961/997/1060 966/1002/1065
f 963/999/1062 964/1000/1063 966/1002/1065
f 966/1002/1065 967/1003/1066 960/996/1059
f 968/1004/1067 967/1003/1066 966/1002/1065
f 969/1005/1068 968/1004/1067 966/1002/1065
f 863/899/962 968/1004/1067 969/1005/1068
f 968/1004/1067 863/899/962 864/900/963
f 970/1006/1069 968/1004/1067 864/900/963
f 968/1004/1067 970/1006/1069 967/1003/1066
f 959/995/1058 970/1006/1069 864/900/963
f 875/911/974 959/995/1058 864/900/963
f 970/1006/1069 959/995/1058 960/996/1059
f 971/1007/1070 970/1006/1069 960/996/1059
f 967/1003/1066 971/1007/1070 960/996/1059
f 970/1006/1069 971/1007/1070 967/1003/1066
f 972/1008/1071 863/899/962 969/1005/1068
f 862/898/961 863/899/962 972/1008/1071
f 973/1009/1072 862/898/961 972/1008/1071
f 858/894/957 862/898/961 973/1009/1072
f 974/1010/1073 858/894/957 973/1009/1072
f 974/1010/1073 975/1011/1074 858/894/957
f 975/1011/1074 859/895/958 858/894/957
f 975/1011/1074 85/880/943 859/895/958
f 85/880/1075 975/1011/1076 976/1012/1077
f 975/1011/1076 977/1013/1078 976/1012/1077
f 977/1013/1078 975/1011/1076 974/1010/1079
f 651/679/729 976/1012/1077 977/1013/1078
f 86/680/730 85/880/1075 976/1012/1077
f 651/679/729 86/680/730 976/1012/1077
f 978/1014/1080 977/1013/1078 974/1010/1079
f 979/1015/1081 978/1014/1080 974/1010/1079
f 973/1009/1082 979/1015/1081 974/1010/1079
f 979/1015/1081 491/508/551 978/1014/1080
f 491/508/551 493/510/553 978/1014/1080
f 979/1015/1081 980/1016/1083 491/508/551
f 979/1015/1081 973/1009/1082 980/1016/1083
f 980/1016/1083 489/506/549 491/508/551
f 980/1016/1083 981/1017/1084 489/506/549
f 981/1017/1084 488/505/548 489/506/549
f 981/1017/1084 980/1016/1083 972/1008/1085
f 973/1009/1082 972/1008/1085 980/1016/1083
f 969/1005/1086 981/1017/1084 972/1008/1085
f 981/1017/1084 969/1005/1086 966/1002/1087
f 982/1018/1088 981/1017/1084 966/1002/1087
f 981/1017/1084 982/1018/1088 488/505/548
f 983/1019/1089 982/1018/1088 966/1002/1087
f 983/1019/1089 984/1020/1090 982/1018/1088
f 984/1020/1090 484/501/544 982/1018/1088
f 983/1019/1089 965/1001/1091 984/1020/1090
f 965/1001/1091 985/1021/1092 984/1020/1090
f 985/1021/1092 481/498/541 984/1020/1090
f 484/501/544 984/1020/1090 481/498/541
f 985/1021/1092 965/1001/1091 472/489/530
f 986/1022/1093 985/1021/1092 472/489/530
f 982/1018/1088 484/501/544 485/502/545
f 982/1018/1088 485/502/545 488/505/548
f 482/499/542 481/498/541 985/1021/1092
f 986/1022/1093 482/499/542 985/1021/1092
f 986/1022/1093 474/491/534 482/499/542
f 474/491/534 986/1022/1093 472/489/530
f 964/1000/1094 983/1019/1089 966/1002/1087
f 983/1019/1089 964/1000/1094 965/1001/1091
f 987/1023/1095 607/630/674 608/631/675
f 609/632/676 987/1023/1095 608/631/675
f 987/1023/1095 988/1024/1096 607/630/674
f 988/1024/1096 606/629/673 607/630/674
f 988/1024/1096 989/1025/1097 606/629/673
f 989/1025/1097 605/628/672 606/629/673
f 989/1025/1097 603/626/670 605/628/672
f 62/62/69 54/54/61 73/73/80
f 54/54/61 56/56/63 73/73/80
f 992/1026/1098 991/1027/1099 990/1028/1100
f 993/1029/1101 992/1026/1098 990/1028/1100
f 991/1027/1099 992/1026/1098 994/1030/1102
f 995/1031/1103 991/1027/1099 994/1030/1102
f 996/1032/1104 995/1031/1103 994/1030/1102
f 997/1033/1105 996/1032/1104 994/1030/1102
f 996/1032/1104 997/1033/1106 998/1034/1107
f 997/1033/1106 999/1035/1108 998/1034/1107
f 998/1034/1107 999/1035/1108 1000/1036/1109
f 999/1035/1108 1001/1037/1110 1000/1036/1109
f 993/1029/1101 990/1028/1100 1002/1038/1111
f 1003/1039/1112 993/1029/1112 1002/1038/1112
f 992/1026/1098 993/1029/1101 1003/1039/1113
f 1003/1039/1113 1002/1038/1114 506/1040/566
f 505/1041/565 1003/1039/1113 506/1040/566
f 1004/1042/1115 1003/1039/1113 505/1041/565
f 1000/1036/1109 1001/1037/1110 1004/1042/1116
f 1003/1039/1113 1004/1042/1115 1005/1043/1117
f 1001/1037/1110 999/1035/1108 1005/1043/1117
f 1004/1042/1115 1001/1037/1110 1005/1043/1117
f 1006/1044/1118 1003/1039/1113 1005/1043/1117
f 1007/1045/1119 1006/1044/1118 1005/1043/1117
f 1007/1045/1119 994/1030/1102 1006/1044/1118
f 997/1033/1105 994/1030/1102 1007/1045/1120
f 1008/1046/1121 1007/1045/1119 1005/1043/1117
f 999/1035/1108 997/1033/1106 1008/1046/1122
f 1005/1043/1117 999/1035/1108 1008/1046/1121
f 1008/1046/1123 997/1033/1105 1007/1045/1120
f 504/1047/564 1004/1042/1115 505/1041/565
f 1009/1048/1124 1004/1042/1115 504/1047/564
f 998/1034/1107 1000/1036/1109 1009/1048/1125
f 1009/1048/1125 1000/1036/1109 1004/1042/1126
f 503/1049/563 1009/1048/1124 504/1047/564
f 1010/1050/1127 1009/1048/1124 503/1049/563
f 507/1051/567 1010/1050/1127 503/1049/563
f 1011/1052/1128 1010/1050/1127 507/1051/567
f 512/1053/1129 1011/1052/1128 507/1051/567
f 512/1053/1129 510/1054/570 1011/1052/1128
f 510/1054/570 1012/1055/1130 1011/1052/1128
f 510/1054/570 509/1056/569 1012/1055/1130
f 509/1056/569 1013/1057/1131 1012/1055/1130
f 1013/1057/1131 509/1056/569 1002/1038/1114
f 509/1056/569 506/1040/566 1002/1038/1114
f 1002/1038/1132 990/1028/1133 1013/1057/1134
f 990/1028/1133 991/1027/1099 1013/1057/1134
f 1013/1057/1134 991/1027/1099 1012/1055/1135
f 1011/1052/1136 996/1032/1104 1010/1050/1137
f 996/1032/1104 998/1034/1107 1010/1050/1137
f 1010/1050/1137 998/1034/1107 1009/1048/1125
f 991/1027/1099 995/1031/1103 1012/1055/1135
f 995/1031/1103 996/1032/1104 1011/1052/1136
f 1012/1055/1135 995/1031/1103 1011/1052/1136
f 1006/1044/1118 992/1026/1098 1003/1039/1113
f 994/1030/1102 992/1026/1098 1006/1044/1118
f 955/991/1054 877/913/976 876/912/975
f 889/925/988 955/991/1054 876/912/975
f 928/964/1027 942/978/1041 935/971/1034
f 928/964/1027 930/966/1029 942/978/1041
f 932/968/1031 1014/1058/1138 943/979/1042
f 1014/1058/1138 932/968/1031 1015/1059/1139
f 932/968/1031 933/969/1032 1015/1059/1139
f 943/979/1042 1014/1058/1138 1016/1060/1140
f 944/980/1043 943/979/1042 1016/1060/1140
f 1014/1058/1138 1015/1059/1139 1017/1061/1141
f 1016/1060/1140 1014/1058/1138 1017/1061/1141
f 944/980/1043 1016/1060/1140 530/547/590
f 529/546/589 944/980/1043 530/547/590
f 944/980/1043 529/546/589 528/545/588
f 941/977/1040 944/980/1043 528/545/588
f 938/974/1037 941/977/1040 528/545/588
f 527/544/587 938/974/1037 528/545/588
f 527/544/587 526/543/586 938/974/1037
f 526/543/586 937/973/1036 938/974/1037
f 940/976/1039 937/973/1036 526/543/586
f 525/542/585 940/976/1039 526/543/586
f 940/976/1039 525/542/585 524/541/584
f 945/981/1044 940/976/1039 524/541/584
f 948/984/1047 945/981/1044 524/541/584
f 523/540/583 948/984/1047 524/541/584
f 523/540/583 522/539/582 948/984/1047
f 522/539/582 949/985/1048 948/984/1047
f 952/988/1051 949/985/1048 522/539/582
f 521/538/581 952/988/1051 522/539/582
f 952/988/1051 521/538/581 520/537/580
f 906/942/1005 915/951/1014 920/956/1019
f 907/943/1006 906/942/1005 920/956/1019
f 1016/1060/1140 1017/1061/1141 535/552/595
f 530/547/590 1016/1060/1140 535/552/595
f 535/552/595 1017/1061/1141 1018/1062/1142
f 1018/1062/1142 1017/1061/1141 1019/1063/1143
f 1017/1061/1141 1015/1059/1139 1019/1063/1143
f 1019/1063/1143 1015/1059/1139 1020/1064/1144
f 1015/1059/1139 933/969/1032 1020/1064/1144
f 1020/1064/1144 933/969/1032 1021/1065/1145
f 933/969/1032 934/970/1033 1021/1065/1145
f 1021/1065/1145 934/970/1033 1022/1066/1146
f 934/970/1033 925/961/1024 1022/1066/1146
f 1022/1066/1146 925/961/1024 1023/1067/1147
f 925/961/1024 921/957/1020 1023/1067/1147
f 1023/1067/1147 921/957/1020 1024/1068/1148
f 921/957/1020 919/955/1018 1024/1068/1148
f 1024/1068/1148 919/955/1018 1025/1069/1149
f 919/955/1018 917/953/1016 1025/1069/1149
f 1025/1069/1149 917/953/1016 1026/1070/1150
f 917/953/1016 918/954/1017 1026/1070/1150
f 1026/1070/1150 918/954/1017 1027/1071/1151
f 918/954/1017 817/847/910 1027/1071/1151
f 818/848/911 817/847/910 918/954/1017
f 916/952/1015 818/848/911 918/954/1017
f 916/952/1015 836/869/932 818/848/911
f 836/869/932 819/849/912 818/848/911
f 916/952/1015 837/870/933 836/869/932
f 816/846/909 1027/1071/1151 817/847/910
f 838/871/934 837/870/933 909/945/1008
f 913/949/1012 838/871/934 909/945/1008
f 913/949/1012 914/950/1013 838/871/934
f 914/950/1013 840/873/936 838/871/934
f 840/873/936 914/950/1013 842/875/938
f 914/950/1013 848/884/947 842/875/938
f 843/876/939 844/877/940 1028/1072/1152
f 1029/1073/1153 843/876/939 1028/1072/1152
f 1028/1072/1152 844/877/940 847/882/945
f 843/876/939 1029/1073/1153 839/872/935
f 833/866/929 839/872/935 1029/1073/1153
f 832/865/928 833/866/929 1029/1073/1153
f 832/865/928 1029/1073/1153 1028/1072/1152
f 831/864/927 832/865/928 1028/1072/1152
f 830/862/925 831/864/927 1028/1072/1152
f 847/882/945 830/862/925 1028/1072/1152
f 87/863/926 830/862/925 847/882/945
f 81/883/946 87/863/926 847/882/945
f 495/512/555 977/1013/1078 978/1014/1080
f 493/510/553 495/512/555 978/1014/1080
f 651/679/729 977/1013/1078 495/512/555
f 545/562/605 535/552/595 1018/1062/1142
f 1032/1074/1154 1031/1075/1155 1030/1076/1156
f 1033/1077/1157 1032/1074/1154 1030/1076/1156
f 1032/1074/1154 1033/1077/1157 1034/1078/1158
f 1033/1077/1157 1035/1079/1159 1034/1078/1158
f 1036/1080/1160 1034/1078/1158 1035/1079/1159
f 1034/1078/1158 1036/1080/1160 1037/1081/1161
f 1038/1082/1162 1034/1078/1158 1037/1081/1161
f 1039/1083/1163 1036/1080/1160 1035/1079/1159
f 1036/1080/1160 1039/1083/1163 1040/1084/1164
f 1041/1085/1165 1036/1080/1160 1040/1084/1164
f 1036/1080/1160 1041/1085/1165 1037/1081/1161
f 1038/1082/1166 1037/1081/1161 1042/1086/1167
f 1043/1087/1168 1038/1082/1166 1042/1086/1167
f 1034/1078/1158 1038/1082/1162 1043/1087/1168
f 1032/1074/1154 1034/1078/1158 1043/1087/1168
f 1031/1075/1155 1032/1074/1154 1043/1087/1168
f 1044/1088/1169 1043/1087/1168 1042/1086/1167
f 1037/1081/1161 1045/1089/1170 1042/1086/1167
f 1044/1088/1169 1046/1090/1171 1043/1087/1168
f 1046/1090/1171 1047/1091/1172 1043/1087/1168
f 1048/1092/1173 1047/1091/1172 1046/1090/1171
f 1049/1093/1174 1048/1092/1173 1046/1090/1171
f 1047/1091/1172 1031/1075/1155 1043/1087/1168
f 1031/1075/1155 1047/1091/1172 1048/1092/1173
f 1050/1094/1175 1039/1083/1163 1035/1079/1159
f 1039/1083/1163 1050/1094/1175 1040/1084/1164
f 1041/1085/1165 1051/1095/1176 1037/1081/1161
f 1050/1094/1175 1052/1096/1177 1040/1084/1164
f 1052/1096/1177 1050/1094/1175 1053/1097/1178
f 1050/1094/1175 1054/1098/1179 1053/1097/1178
f 1054/1098/1179 1055/1099/1180 1053/1097/1178
f 1054/1098/1179 1050/1094/1175 1035/1079/1159
f 1035/1079/1159 1033/1077/1157 1054/1098/1179
f 1033/1077/1157 1056/1100/1181 1054/1098/1179
f 1056/1100/1181 1033/1077/1157 1030/1076/1156
f 1057/1101/1182 1030/1076/1156 1031/1075/1155
f 1058/1102/1183 1057/1101/1182 1031/1075/1155
f 1058/1102/1183 1031/1075/1155 1048/1092/1173
f 1059/1103/1184 1058/1102/1183 1048/1092/1173
f 1058/1102/1183 1059/1103/1184 1057/1101/1182
f 1060/1104/1185 1059/1103/1184 1048/1092/1173
f 1061/1105/1186 1056/1100/1181 1030/1076/1156
f 1030/1076/1156 1057/1101/1182 1061/1105/1186
f 1053/1097/1178 1055/1099/1187 1062/1106/1188
f 1055/1099/1187 1063/1107/1189 1062/1106/1188
f 1054/1098/1179 1056/1100/1181 1063/1107/1189
f 1055/1099/1180 1054/1098/1179 1063/1107/1189
f 1056/1100/1181 1061/1105/1186 1063/1107/1189
f 1063/1107/1189 1064/1108/1190 1062/1106/1188
f 1065/1109/1191 1053/1097/1178 1062/1106/1188
f 1057/1101/1182 1066/1110/1192 1061/1105/1186
f 1061/1105/1186 1066/1110/1192 1067/1111/1193
f 1068/1112/1194 1061/1105/1186 1067/1111/1193
f 1061/1105/1186 1068/1112/1194 1063/1107/1189
f 1068/1112/1194 1067/1111/1193 1069/1113/1195
f 1069/1113/1195 1064/1108/1190 1063/1107/1189
f 1068/1112/1194 1069/1113/1195 1063/1107/1189
f 1067/1111/1193 1070/1114/1196 1069/1113/1195
f 1067/1111/1193 1071/1115/1197 1070/1114/1196
f 1071/1115/1197 1072/1116/1198 1070/1114/1196
f 1059/1103/1184 1073/1117/1199 1057/1101/1182
f 1073/1117/1199 1074/1118/1200 1066/1110/1192
f 1074/1118/1200 1071/1115/1197 1067/1111/1193
f 1066/1110/1192 1074/1118/1200 1067/1111/1193
f 1074/1118/1200 1073/1117/1199 1071/1115/1197
f 1057/1101/1182 1073/1117/1199 1066/1110/1192
f 1073/1117/1199 1075/1119/1201 1071/1115/1197
f 1071/1115/1197 1075/1119/1201 1072/1116/1198
f 1075/1119/1201 1073/1117/1199 1059/1103/1184
f 1060/1104/1185 1075/1119/1201 1059/1103/1184
f 1075/1119/1201 1060/1104/1185 1076/1120/1202
f 1076/1120/1202 1060/1104/1185 1049/1093/1174
f 1060/1104/1185 1048/1092/1173 1049/1093/1174
f 1077/1121/1203 1075/1119/1201 1076/1120/1202
f 1075/1119/1201 1077/1121/1203 1072/1116/1198
f 1053/1097/1178 1065/1109/1191 1078/1122/1204
f 1079/1123/1205 1053/1097/1178 1078/1122/1204
f 1079/1123/1205 1052/1096/1177 1053/1097/1178
f 1080/1124/1206 1079/1123/1205 1078/1122/1204
f 1052/1096/1177 1079/1123/1205 1080/1124/1206
f 1081/1125/1207 1080/1124/1206 1078/1122/1204
f 1080/1124/1206 1081/1125/1207 1082/1126/1208
f 1051/1095/1176 1080/1124/1206 1082/1126/1208
f 1051/1095/1176 1082/1126/1208 1037/1081/1161
f 1082/1126/1208 1045/1089/1170 1037/1081/1161
f 1040/1084/1164 1052/1096/1177 1080/1124/1206
f 1041/1085/1165 1040/1084/1164 1080/1124/1206
f 1051/1095/1176 1041/1085/1165 1080/1124/1206
f 1085/1127/1209 1084/1128/1210 1083/1129/1211
f 1086/1130/1212 1085/1127/1209 1083/1129/1211
f 1087/1131/1213 1085/1127/1209 1086/1130/1212
f 1088/1132/1214 1087/1131/1213 1086/1130/1212
f 1086/1130/1212 1089/1133/1215 1088/1132/1214
f 1089/1133/1215 1090/1134/1216 1088/1132/1214
f 1087/1131/1217 1091/1135/1218 1085/1127/1219
f 1091/1135/1218 1092/1136/1220 1085/1127/1219
f 1085/1127/1219 1092/1136/1220 1084/1128/1221
f 1083/1129/1211 1084/1128/1210 1093/1137/1222
f 1094/1138/1223 1093/1137/1222 1084/1128/1210
f 1095/1139/1224 1094/1138/1223 1084/1128/1210
f 1096/1140/1225 1083/1129/1211 1093/1137/1222
f 1097/1141/1226 1083/1129/1211 1096/1140/1225
f 1097/1141/1226 1089/1133/1215 1086/1130/1212
f 1083/1129/1211 1097/1141/1226 1086/1130/1212
f 1098/1142/1227 1097/1141/1226 1096/1140/1225
f 1099/1143/1228 1097/1141/1226 1098/1142/1227
f 1100/1144/1229 1099/1143/1228 1098/1142/1227
f 1094/1138/1223 1095/1139/1224 1101/1145/1230
f 1102/1146/1231 1094/1138/1223 1101/1145/1230
f 1102/1146/1231 1101/1145/1230 1103/1147/1232
f 1104/1148/1233 1102/1146/1231 1103/1147/1232
f 1103/1147/1232 1105/1149/1234 1104/1148/1233
f 1105/1149/1234 1106/1150/1235 1104/1148/1233
f 1091/1135/1218 1107/1151/1236 1092/1136/1220
f 1108/1152/1237 1094/1138/1223 1102/1146/1231
f 1109/1153/1238 1108/1152/1237 1102/1146/1231
f 1109/1153/1238 1102/1146/1231 1104/1148/1233
f 1109/1153/1238 1110/1154/1239 1108/1152/1237
f 1110/1154/1239 1111/1155/1240 1108/1152/1237
f 1112/1156/1241 1110/1154/1239 1109/1153/1238
f 1113/1157/1242 1112/1156/1241 1109/1153/1238
f 1113/1157/1242 1109/1153/1238 1104/1148/1233
f 1104/1148/1233 1106/1150/1235 1113/1157/1242
f 1112/1156/1241 1113/1157/1242 1114/1158/1243
f 1113/1157/1242 1115/1159/1244 1114/1158/1243
f 1106/1150/1235 1115/1159/1244 1113/1157/1242
f 1108/1152/1237 1111/1155/1240 1116/1160/1245
f 1111/1155/1240 1117/1161/1246 1116/1160/1245
f 1117/1161/1246 1118/1162/1247 1116/1160/1245
f 1118/1162/1247 1119/1163/1248 1116/1160/1245
f 1120/1164/1249 1119/1163/1248 1118/1162/1247
f 1121/1165/1250 1120/1164/1249 1118/1162/1247
f 1122/1166/1251 1120/1164/1249 1121/1165/1250
f 1123/1167/1252 1122/1166/1251 1121/1165/1250
f 1123/1167/1252 1121/1165/1250 1124/1168/1253
f 1121/1165/1250 1118/1162/1247 1124/1168/1253
f 1124/1168/1253 1118/1162/1247 1117/1161/1246
f 1124/1168/1253 1117/1161/1246 1111/1155/1240
f 1124/1168/1253 1111/1155/1240 1110/1154/1239
f 1124/1168/1253 1110/1154/1239 1112/1156/1241
f 1112/1156/1241 1114/1158/1243 1124/1168/1253
f 1122/1166/1251 1125/1169/1254 1120/1164/1249
f 1122/1166/1251 1126/1170/1255 1125/1169/1254
f 1126/1170/1255 1122/1166/1251 1123/1167/1252
f 1126/1170/1255 1127/1171/1256 1125/1169/1254
f 1126/1170/1255 1128/1172/1257 1127/1171/1256
f 1128/1172/1257 1126/1170/1255 1129/1173/1258
f 1129/1173/1258 1126/1170/1255 1123/1167/1252
f 1129/1173/1258 1123/1167/1252 1124/1168/1253
f 1130/1174/1259 1128/1172/1257 1129/1173/1258
f 1130/1174/1259 1129/1173/1258 1124/1168/1253
f 1128/1172/1257 1130/1174/1259 1131/1175/1260
f 1131/1175/1260 1130/1174/1259 1124/1168/1253
f 1132/1176/1261 1128/1172/1257 1131/1175/1260
f 1132/1176/1261 1133/1177/1262 1128/1172/1257
f 1133/1177/1262 1134/1178/1263 1128/1172/1257
f 1128/1172/1257 1134/1178/1263 1127/1171/1256
f 1127/1171/1256 1134/1178/1263 1135/1179/1264
f 1134/1178/1263 1136/1180/1265 1135/1179/1264
f 1136/1180/1265 1134/1178/1263 1133/1177/1262
f 1127/1171/1256 1135/1179/1264 1137/1181/1266
f 1125/1169/1254 1127/1171/1256 1137/1181/1266
f 1120/1164/1249 1125/1169/1254 1137/1181/1266
f 1138/1182/1267 1120/1164/1249 1137/1181/1266
f 1135/1179/1264 1136/1180/1265 1139/1183/1268
f 1136/1180/1265 1140/1184/1269 1139/1183/1268
f 1140/1184/1269 1136/1180/1265 1141/1185/1270
f 1141/1185/1270 1136/1180/1265 1142/1186/1271
f 1142/1186/1271 1136/1180/1265 1133/1177/1262
f 1143/1187/1272 1141/1185/1270 1142/1186/1271
f 1142/1186/1271 1133/1177/1262 1143/1187/1272
f 1141/1185/1270 1143/1187/1272 1144/1188/1273
f 1143/1187/1272 1145/1189/1274 1144/1188/1273
f 1141/1185/1270 1144/1188/1273 1146/1190/1275
f 1146/1190/1275 1140/1184/1269 1141/1185/1270
f 1144/1188/1273 1147/1191/1276 1146/1190/1275
f 1135/1179/1264 1139/1183/1268 1148/1192/1277
f 1137/1181/1266 1135/1179/1264 1148/1192/1277
f 1138/1182/1267 1137/1181/1266 1148/1192/1277
f 1149/1193/1278 1138/1182/1267 1148/1192/1277
f 1138/1182/1267 1100/1144/1229 1120/1164/1249
f 1120/1164/1249 1100/1144/1229 1119/1163/1248
f 1100/1144/1229 1098/1142/1227 1119/1163/1248
f 1119/1163/1248 1098/1142/1227 1116/1160/1245
f 1098/1142/1227 1096/1140/1225 1116/1160/1245
f 1116/1160/1245 1096/1140/1225 1108/1152/1237
f 1096/1140/1225 1093/1137/1222 1108/1152/1237
f 1094/1138/1223 1108/1152/1237 1093/1137/1222
f 1144/1188/1273 1150/1194/1279 1147/1191/1276
f 1150/1194/1279 1151/1195/1280 1147/1191/1276
f 1150/1194/1279 1152/1196/1281 1151/1195/1280
f 1152/1196/1281 1150/1194/1279 1153/1197/1282
f 1150/1194/1279 1154/1198/1283 1153/1197/1282
f 1152/1196/1281 1155/1199/1284 1151/1195/1280
f 1150/1194/1279 1144/1188/1273 1154/1198/1283
f 1144/1188/1273 1145/1189/1274 1154/1198/1283
f 1153/1197/1282 1154/1198/1283 1156/1200/1285
f 1157/1201/1286 1153/1197/1282 1156/1200/1285
f 1154/1198/1283 1145/1189/1274 1158/1202/1287
f 1156/1200/1285 1154/1198/1283 1158/1202/1287
f 1158/1202/1287 1145/1189/1274 1159/1203/1288
f 1145/1189/1274 1143/1187/1272 1159/1203/1288
f 1157/1201/1286 1156/1200/1285 1160/1204/1289
f 1161/1205/1290 1157/1201/1286 1160/1204/1289
f 1156/1200/1285 1158/1202/1287 1162/1206/1291
f 1160/1204/1289 1156/1200/1285 1162/1206/1291
f 1158/1202/1287 1159/1203/1288 1163/1207/1292
f 1162/1206/1291 1158/1202/1287 1163/1207/1292
f 1163/1207/1292 1159/1203/1288 1164/1208/1293
f 1159/1203/1288 1165/1209/1294 1164/1208/1293
f 1165/1209/1294 1159/1203/1288 1133/1177/1262
f 1133/1177/1262 1159/1203/1288 1143/1187/1272
f 1132/1176/1261 1165/1209/1294 1133/1177/1262
f 1165/1209/1294 1132/1176/1261 1166/1210/1295
f 1164/1208/1293 1165/1209/1294 1166/1210/1295
f 1132/1176/1261 1131/1175/1260 1166/1210/1295
f 1166/1210/1295 1131/1175/1260 1124/1168/1253
f 1167/1211/1296 1164/1208/1293 1166/1210/1295
f 1167/1211/1296 1166/1210/1295 1124/1168/1253
f 1124/1168/1253 1168/1212/1297 1167/1211/1296
f 1168/1212/1297 1169/1213/1298 1167/1211/1296
f 1169/1213/1298 1164/1208/1293 1167/1211/1296
f 1163/1207/1292 1164/1208/1293 1169/1213/1298
f 1170/1214/1299 1163/1207/1292 1169/1213/1298
f 1170/1214/1299 1171/1215/1300 1163/1207/1292
f 1171/1215/1300 1162/1206/1291 1163/1207/1292
f 1171/1215/1300 1172/1216/1301 1162/1206/1291
f 1172/1216/1301 1160/1204/1289 1162/1206/1291
f 1161/1205/1290 1160/1204/1289 1172/1216/1301
f 1173/1217/1302 1161/1205/1290 1172/1216/1301
f 1114/1158/1243 1168/1212/1297 1124/1168/1253
f 1114/1158/1243 1115/1159/1244 1168/1212/1297
f 1115/1159/1244 1169/1213/1298 1168/1212/1297
f 1170/1214/1299 1169/1213/1298 1115/1159/1244
f 1106/1150/1235 1170/1214/1299 1115/1159/1244
f 1171/1215/1300 1170/1214/1299 1106/1150/1235
f 1105/1149/1234 1171/1215/1300 1106/1150/1235
f 1172/1216/1301 1171/1215/1300 1105/1149/1234
f 1174/1218/1303 1172/1216/1301 1105/1149/1234
f 1174/1218/1303 1105/1149/1234 1103/1147/1232
f 1175/1219/1304 1174/1218/1303 1103/1147/1232
f 1176/1220/1305 1174/1218/1303 1175/1219/1304
f 1177/1221/1306 1176/1220/1305 1175/1219/1304
f 1177/1221/1306 1175/1219/1304 1178/1222/1307
f 1175/1219/1304 1179/1223/1308 1178/1222/1307
f 1175/1219/1304 1103/1147/1232 1179/1223/1308
f 1178/1222/1307 1179/1223/1308 1180/1224/1309
f 1179/1223/1308 1181/1225/1310 1180/1224/1309
f 1182/1226/1311 1180/1224/1312 1181/1225/1313
f 1183/1227/1314 1182/1226/1311 1181/1225/1313
f 1107/1151/1236 1182/1226/1311 1183/1227/1314
f 1103/1147/1232 1101/1145/1230 1179/1223/1308
f 1179/1223/1308 1101/1145/1230 1181/1225/1310
f 1101/1145/1230 1095/1139/1224 1181/1225/1310
f 1183/1227/1314 1181/1225/1313 1095/1139/1315
f 1184/1228/1316 1183/1227/1314 1095/1139/1315
f 1107/1151/1236 1183/1227/1314 1184/1228/1316
f 1185/1229/1317 1184/1228/1316 1095/1139/1315
f 1107/1151/1236 1184/1228/1316 1185/1229/1317
f 1084/1128/1221 1185/1229/1317 1095/1139/1315
f 1092/1136/1220 1185/1229/1317 1084/1128/1221
f 1107/1151/1236 1185/1229/1317 1092/1136/1220
f 1176/1220/1305 1173/1217/1302 1174/1218/1303
f 1173/1217/1302 1172/1216/1301 1174/1218/1303
f 1188/1230/1318 1187/1231/1319 1186/1232/1320
f 1149/1193/1278 1188/1230/1318 1186/1232/1320
f 1186/1232/1320 1187/1231/1319 1189/1233/1321
f 1186/1232/1320 1189/1233/1321 1190/1234/1322
f 1190/1234/1322 1189/1233/1321 1191/1235/1323
f 1189/1233/1321 1192/1236/1324 1191/1235/1323
f 1099/1143/1228 1186/1232/1320 1190/1234/1322
f 1149/1193/1278 1186/1232/1320 1099/1143/1228
f 1099/1143/1228 1190/1234/1322 1097/1141/1226
f 1190/1234/1322 1089/1133/1215 1097/1141/1226
f 1190/1234/1322 1191/1235/1323 1090/1134/1216
f 1089/1133/1215 1190/1234/1322 1090/1134/1216
f 1187/1231/1319 1193/1237/1325 1189/1233/1321
f 1189/1233/1321 1193/1237/1325 1192/1236/1324
f 1193/1237/1325 1194/1238/1326 1192/1236/1324
f 1149/1193/1278 1148/1192/1277 1188/1230/1318
f 1148/1192/1277 1195/1239/1327 1188/1230/1318
f 1148/1192/1277 1139/1183/1268 1195/1239/1327
f 1139/1183/1268 1196/1240/1328 1195/1239/1327
f 1197/1241/1329 1196/1240/1328 1139/1183/1268
f 1140/1184/1269 1197/1241/1329 1139/1183/1268
f 1140/1184/1269 1146/1190/1275 1197/1241/1329
f 1146/1190/1275 1198/1242/1330 1197/1241/1329
f 1146/1190/1275 1147/1191/1276 1198/1242/1330
f 1147/1191/1276 1199/1243/1331 1198/1242/1330
f 1193/1237/1325 1200/1244/1332 1194/1238/1326
f 1201/1245/1333 1200/1244/1332 1193/1237/1325
f 1202/1246/1334 1200/1244/1332 1201/1245/1333
f 1203/1247/1335 1202/1246/1334 1201/1245/1333
f 1203/1247/1335 1201/1245/1333 1204/1248/1336
f 1205/1249/1337 1203/1247/1335 1204/1248/1336
f 1206/1250/1338 1203/1247/1335 1205/1249/1337
f 1203/1247/1335 1206/1250/1338 1202/1246/1334
f 1207/1251/1339 1206/1250/1338 1205/1249/1337
f 1206/1250/1338 1208/1252/1340 1202/1246/1334
f 1202/1246/1334 1208/1252/1340 1209/1253/1341
f 1208/1252/1340 1210/1254/1342 1209/1253/1341
f 1202/1246/1334 1209/1253/1341 1211/1255/1343
f 1200/1244/1332 1202/1246/1334 1211/1255/1343
f 1205/1249/1337 1204/1248/1336 1212/1256/1344
f 1213/1257/1345 1205/1249/1337 1212/1256/1344
f 1207/1251/1339 1205/1249/1337 1213/1257/1345
f 1213/1257/1345 1212/1256/1344 1214/1258/1346
f 1215/1259/1347 1213/1257/1345 1214/1258/1346
f 1215/1259/1347 1214/1258/1346 1216/1260/1348
f 1217/1261/1349 1215/1259/1347 1216/1260/1348
f 1217/1261/1349 1216/1260/1348 1218/1262/1350
f 1219/1263/1351 1217/1261/1349 1218/1262/1350
f 1220/1264/1352 1217/1261/1349 1219/1263/1351
f 1221/1265/1353 1220/1264/1352 1219/1263/1351
f 1222/1266/1354 1215/1259/1347 1217/1261/1349
f 1220/1264/1352 1222/1266/1354 1217/1261/1349
f 1219/1263/1351 1218/1262/1350 1223/1267/1355
f 1224/1268/1356 1219/1263/1351 1223/1267/1355
f 1221/1265/1353 1219/1263/1351 1224/1268/1356
f 1225/1269/1357 1221/1265/1353 1224/1268/1356
f 1226/1270/1358 1213/1257/1345 1215/1259/1347
f 1222/1266/1354 1226/1270/1358 1215/1259/1347
f 1226/1270/1358 1207/1251/1339 1213/1257/1345
f 1225/1269/1357 1227/1271/1359 1221/1265/1353
f 1227/1271/1359 1228/1272/1360 1221/1265/1353
f 1221/1265/1353 1228/1272/1360 1220/1264/1352
f 1228/1272/1360 1229/1273/1361 1220/1264/1352
f 1220/1264/1352 1229/1273/1361 1222/1266/1354
f 1229/1273/1361 1230/1274/1362 1222/1266/1354
f 1222/1266/1354 1230/1274/1362 1226/1270/1358
f 1230/1274/1362 1231/1275/1363 1226/1270/1358
f 1226/1270/1358 1231/1275/1363 1207/1251/1339
f 1231/1275/1363 1232/1276/1364 1207/1251/1339
f 1233/1277/1365 1223/1267/1355 1218/1262/1350
f 1227/1271/1359 1225/1269/1357 1234/1278/1366
f 1235/1279/1367 1227/1271/1359 1234/1278/1366
f 1235/1279/1367 1234/1278/1366 1236/1280/1368
f 1236/1280/1368 1234/1278/1366 1237/1281/1369
f 1234/1278/1366 1238/1282/1370 1237/1281/1369
f 1225/1269/1357 1224/1268/1356 1238/1282/1370
f 1234/1278/1366 1225/1269/1357 1238/1282/1370
f 1237/1281/1369 1238/1282/1370 1239/1283/1371
f 1238/1282/1370 1240/1284/1372 1239/1283/1371
f 1241/1285/1373 1235/1279/1367 1236/1280/1368
f 1242/1286/1374 1239/1283/1371 1240/1284/1372
f 1243/1287/1375 1242/1286/1374 1240/1284/1372
f 1242/1286/1374 1243/1287/1375 1244/1288/1376
f 1245/1289/1377 1242/1286/1374 1244/1288/1376
f 1238/1282/1370 1224/1268/1356 1240/1284/1372
f 1224/1268/1356 1223/1267/1355 1240/1284/1372
f 1243/1287/1375 1240/1284/1372 1223/1267/1355
f 1233/1277/1365 1243/1287/1375 1223/1267/1355
f 1243/1287/1375 1233/1277/1365 1199/1243/1331
f 1244/1288/1376 1243/1287/1375 1199/1243/1331
f 1199/1243/1331 1233/1277/1365 1198/1242/1330
f 1233/1277/1365 1246/1290/1378 1198/1242/1330
f 1246/1290/1378 1233/1277/1365 1218/1262/1350
f 1218/1262/1350 1216/1260/1348 1246/1290/1378
f 1216/1260/1348 1247/1291/1379 1246/1290/1378
f 1247/1291/1379 1216/1260/1348 1214/1258/1346
f 1248/1292/1380 1247/1291/1379 1214/1258/1346
f 1248/1292/1380 1214/1258/1346 1212/1256/1344
f 1249/1293/1381 1248/1292/1380 1212/1256/1344
f 1250/1294/1382 1249/1293/1381 1212/1256/1344
f 1204/1248/1336 1250/1294/1382 1212/1256/1344
f 1246/1290/1378 1247/1291/1379 1197/1241/1329
f 1198/1242/1330 1246/1290/1378 1197/1241/1329
f 1197/1241/1329 1247/1291/1379 1248/1292/1380
f 1196/1240/1328 1197/1241/1329 1248/1292/1380
f 1248/1292/1380 1249/1293/1381 1195/1239/1327
f 1196/1240/1328 1248/1292/1380 1195/1239/1327
f 1249/1293/1381 1250/1294/1382 1188/1230/1318
f 1195/1239/1327 1249/1293/1381 1188/1230/1318
f 1250/1294/1382 1204/1248/1336 1201/1245/1333
f 1187/1231/1319 1250/1294/1382 1201/1245/1333
f 1188/1230/1318 1250/1294/1382 1187/1231/1319
f 1187/1231/1319 1201/1245/1333 1193/1237/1325
f 1253/1295/1383 1252/1296/1384 1251/1297/1385
f 1254/1298/1386 1253/1295/1383 1251/1297/1385
f 1254/1298/1386 1255/1299/1387 1253/1295/1383
f 1255/1299/1387 1256/1300/1388 1253/1295/1383
f 1251/1297/1385 1252/1296/1384 1257/1301/1389
f 1252/1296/1384 1258/1302/1390 1257/1301/1389
f 1256/1300/1388 1255/1299/1387 1259/1303/1391
f 1255/1299/1387 1260/1304/1392 1259/1303/1391
f 1257/1301/1389 1258/1302/1390 1261/1305/1393
f 1262/1306/1394 1257/1301/1389 1261/1305/1393
f 1256/1300/1388 1259/1303/1391 1263/1307/1395
f 1264/1308/1396 1256/1300/1388 1263/1307/1395
f 1264/1308/1396 1263/1307/1395 1265/1309/1397
f 1264/1308/1396 1265/1309/1397 1266/1310/1398
f 1267/1311/1399 1264/1308/1396 1266/1310/1398
f 1256/1300/1388 1264/1308/1396 1267/1311/1399
f 1253/1295/1383 1256/1300/1388 1267/1311/1399
f 1253/1295/1383 1267/1311/1399 1252/1296/1384
f 1267/1311/1399 1266/1310/1398 1268/1312/1400
f 1266/1310/1398 1269/1313/1401 1268/1312/1400
f 1270/1314/1402 1266/1310/1398 1265/1309/1397
f 1266/1310/1398 1271/1315/1403 1269/1313/1401
f 1271/1315/1403 1272/1316/1404 1269/1313/1401
f 1272/1316/1404 1271/1315/1403 1273/1317/1405
f 1274/1318/1406 1272/1316/1404 1273/1317/1405
f 1274/1318/1406 1273/1317/1405 1275/1319/1407
f 1273/1317/1405 1276/1320/1408 1275/1319/1407
f 1266/1310/1398 1270/1314/1402 1277/1321/1409
f 1271/1315/1403 1266/1310/1398 1277/1321/1409
f 1270/1314/1402 1278/1322/1410 1277/1321/1409
f 1278/1322/1410 1270/1314/1402 1279/1323/1411
f 1270/1314/1402 1280/1324/1412 1279/1323/1411
f 1270/1314/1402 1265/1309/1397 1280/1324/1412
f 1278/1322/1410 1281/1325/1413 1277/1321/1409
f 1277/1321/1409 1281/1325/1413 1282/1326/1414
f 1271/1315/1403 1277/1321/1409 1282/1326/1414
f 1273/1317/1405 1271/1315/1403 1282/1326/1414
f 1273/1317/1405 1282/1326/1414 1276/1320/1408
f 1281/1325/1413 1283/1327/1415 1282/1326/1414
f 1282/1326/1414 1283/1327/1415 1284/1328/1416
f 1282/1326/1414 1284/1328/1416 1276/1320/1408
f 1283/1327/1415 1285/1329/1417 1284/1328/1416
f 1284/1328/1416 1285/1329/1417 1286/1330/1418
f 1284/1328/1416 1286/1330/1418 1276/1320/1408
f 1285/1329/1417 1287/1331/1419 1286/1330/1418
f 1287/1331/1419 1288/1332/1420 1286/1330/1418
f 1288/1332/1420 1289/1333/1421 1286/1330/1418
f 1290/1334/1422 1289/1333/1421 1288/1332/1420
f 1291/1335/1423 1290/1334/1422 1288/1332/1420
f 1292/1336/1424 1290/1334/1422 1291/1335/1423
f 1290/1334/1422 1292/1336/1424 1293/1337/1425
f 1294/1338/1426 1290/1334/1422 1293/1337/1425
f 1295/1339/1427 1292/1336/1424 1291/1335/1423
f 1296/1340/1428 1292/1336/1424 1295/1339/1427
f 1297/1341/1429 1296/1340/1428 1295/1339/1427
f 1296/1340/1428 1297/1341/1429 1298/1342/1430
f 1297/1341/1429 1299/1343/1431 1298/1342/1430
f 1292/1336/1424 1296/1340/1428 1300/1344/1432
f 1293/1337/1425 1292/1336/1424 1300/1344/1432
f 1300/1344/1432 1296/1340/1428 1301/1345/1433
f 1296/1340/1428 1298/1342/1430 1301/1345/1433
f 1302/1346/1434 1300/1344/1432 1301/1345/1433
f 1293/1337/1425 1300/1344/1432 1302/1346/1434
f 1302/1346/1434 1301/1345/1433 1303/1347/1435
f 1304/1348/1436 1302/1346/1434 1303/1347/1435
f 1302/1346/1437 1304/1348/1438 1305/1349/1439
f 1304/1348/1438 1306/1350/1440 1305/1349/1439
f 1301/1345/1433 1307/1351/1441 1303/1347/1435
f 1298/1342/1430 1307/1351/1441 1301/1345/1433
f 1307/1351/1441 1308/1352/1442 1303/1347/1435
f 1302/1346/1437 1305/1349/1439 1309/1353/1443
f 1310/1354/1444 1302/1346/1437 1309/1353/1443
f 1306/1350/1440 1311/1355/1445 1305/1349/1439
f 1311/1355/1445 1312/1356/1446 1305/1349/1439
f 1305/1349/1439 1312/1356/1446 1309/1353/1443
f 1313/1357/1447 1312/1356/1446 1311/1355/1445
f 1314/1358/1448 1313/1357/1447 1311/1355/1445
f 1313/1357/1447 1315/1359/1449 1312/1356/1446
f 1315/1359/1449 1316/1360/1450 1312/1356/1446
f 1312/1356/1446 1316/1360/1450 1309/1353/1443
f 1316/1360/1450 1315/1359/1449 1317/1361/1451
f 1309/1353/1443 1316/1360/1450 1317/1361/1451
f 1315/1359/1449 1318/1362/1452 1317/1361/1451
f 1317/1361/1451 1318/1362/1452 1319/1363/1453
f 1318/1362/1452 1320/1364/1454 1319/1363/1453
f 1321/1365/1455 1313/1357/1447 1314/1358/1448
f 1322/1366/1456 1321/1365/1455 1314/1358/1448
f 1323/1367/1457 1315/1359/1449 1313/1357/1447
f 1321/1365/1455 1323/1367/1457 1313/1357/1447
f 1324/1368/1458 1318/1362/1452 1315/1359/1449
f 1323/1367/1457 1324/1368/1458 1315/1359/1449
f 1318/1362/1452 1324/1368/1458 1320/1364/1454
f 1325/1369/1459 1321/1365/1455 1322/1366/1456
f 1326/1370/1460 1325/1369/1459 1322/1366/1456
f 1327/1371/1461 1323/1367/1457 1321/1365/1455
f 1325/1369/1459 1327/1371/1461 1321/1365/1455
f 1328/1372/1462 1324/1368/1458 1323/1367/1457
f 1327/1371/1461 1328/1372/1462 1323/1367/1457
f 1324/1368/1458 1328/1372/1462 1329/1373/1463
f 1330/1374/1464 1324/1368/1458 1329/1373/1463
f 1324/1368/1458 1330/1374/1464 1320/1364/1454
f 1331/1375/1465 1325/1369/1459 1326/1370/1460
f 1332/1376/1466 1331/1375/1465 1326/1370/1460
f 1332/1376/1466 1333/1377/1467 1331/1375/1465
f 1331/1375/1465 1333/1377/1467 1334/1378/1468
f 1334/1378/1468 1327/1371/1461 1325/1369/1459
f 1331/1375/1465 1334/1378/1468 1325/1369/1459
f 1334/1378/1468 1333/1377/1467 1335/1379/1469
f 1335/1379/1469 1328/1372/1462 1327/1371/1461
f 1334/1378/1468 1335/1379/1469 1327/1371/1461
f 1336/1380/1470 1335/1379/1469 1333/1377/1467
f 1328/1372/1462 1335/1379/1469 1336/1380/1470
f 1329/1373/1463 1328/1372/1462 1336/1380/1470
f 1330/1374/1464 1329/1373/1463 1337/1381/1471
f 1338/1382/1472 1330/1374/1464 1337/1381/1471
f 1339/1383/1473 1336/1380/1470 1333/1377/1467
f 1329/1373/1463 1336/1380/1470 1339/1383/1473
f 1337/1381/1474 1329/1373/1463 1339/1383/1473
f 1320/1364/1454 1330/1374/1464 1338/1382/1472
f 1340/1384/1475 1320/1364/1454 1338/1382/1472
f 1319/1363/1453 1320/1364/1454 1340/1384/1475
f 1341/1385/1476 1319/1363/1453 1340/1384/1475
f 1319/1363/1453 1341/1385/1476 1342/1386/1477
f 1343/1387/1478 1319/1363/1453 1342/1386/1477
f 1317/1361/1451 1319/1363/1453 1343/1387/1478
f 1344/1388/1479 1317/1361/1451 1343/1387/1480
f 1344/1388/1479 1309/1353/1443 1317/1361/1451
f 1343/1387/1478 1342/1386/1477 1345/1389/1481
f 1346/1390/1482 1343/1387/1478 1345/1389/1481
f 1344/1388/1483 1343/1387/1478 1346/1390/1482
f 1346/1390/1482 1345/1389/1481 1347/1391/1484
f 1346/1390/1482 1347/1391/1484 1348/1392/1485
f 1349/1393/1486 1346/1390/1482 1348/1392/1485
f 1346/1390/1482 1349/1393/1486 1344/1388/1483
f 1345/1389/1481 1350/1394/1487 1347/1391/1484
f 1351/1395/1488 1348/1392/1485 1347/1391/1484
f 1352/1396/1489 1348/1392/1485 1351/1395/1488
f 1349/1393/1486 1348/1392/1485 1352/1396/1489
f 1353/1397/1490 1352/1396/1489 1351/1395/1488
f 1354/1398/1491 1351/1395/1488 1347/1391/1484
f 1355/1399/1492 1349/1393/1486 1352/1396/1489
f 1355/1399/1492 1294/1338/1426 1349/1393/1486
f 1294/1338/1426 1356/1400/1493 1349/1393/1486
f 1349/1393/1486 1356/1400/1493 1344/1388/1483
f 1344/1388/1483 1356/1400/1493 1309/1353/1494
f 1347/1391/1484 1350/1394/1487 1357/1401/1495
f 1354/1398/1491 1347/1391/1484 1357/1401/1495
f 1276/1320/1408 1352/1396/1489 1353/1397/1490
f 1275/1319/1407 1276/1320/1408 1353/1397/1490
f 1355/1399/1492 1352/1396/1489 1286/1330/1418
f 1286/1330/1418 1352/1396/1489 1276/1320/1408
f 1289/1333/1421 1355/1399/1492 1286/1330/1418
f 1290/1334/1422 1294/1338/1426 1355/1399/1492
f 1289/1333/1421 1290/1334/1422 1355/1399/1492
f 1356/1400/1493 1294/1338/1426 1310/1354/1496
f 1294/1338/1426 1293/1337/1425 1310/1354/1496
f 1310/1354/1496 1293/1337/1425 1302/1346/1434
f 1275/1319/1407 1353/1397/1490 1358/1402/1497
f 1359/1403/1498 1275/1319/1407 1358/1402/1497
f 1274/1318/1406 1275/1319/1407 1359/1403/1498
f 1360/1404/1499 1274/1318/1406 1359/1403/1498
f 1272/1316/1404 1274/1318/1406 1360/1404/1499
f 1361/1405/1500 1272/1316/1404 1360/1404/1499
f 1269/1313/1401 1272/1316/1404 1361/1405/1500
f 1362/1406/1501 1269/1313/1401 1361/1405/1500
f 1268/1312/1400 1269/1313/1401 1362/1406/1501
f 1363/1407/1502 1268/1312/1400 1362/1406/1501
f 1363/1407/1502 1362/1406/1501 1364/1408/1503
f 1365/1409/1504 1363/1407/1502 1364/1408/1503
f 1362/1406/1501 1361/1405/1500 1366/1410/1505
f 1364/1408/1503 1362/1406/1501 1366/1410/1505
f 1361/1405/1500 1360/1404/1499 1367/1411/1506
f 1366/1410/1505 1361/1405/1500 1367/1411/1506
f 1360/1404/1499 1359/1403/1498 1368/1412/1507
f 1367/1411/1506 1360/1404/1499 1368/1412/1507
f 1359/1403/1498 1358/1402/1497 1369/1413/1508
f 1368/1412/1507 1359/1403/1498 1369/1413/1508
f 1268/1312/1400 1363/1407/1502 1258/1302/1390
f 1258/1302/1390 1363/1407/1502 1365/1409/1504
f 1252/1296/1384 1268/1312/1400 1258/1302/1390
f 1267/1311/1399 1268/1312/1400 1252/1296/1384
f 1261/1305/1393 1258/1302/1390 1365/1409/1504
f 1369/1413/1508 1370/1414/1509 1206/1250/1338
f 1232/1276/1364 1369/1413/1508 1206/1250/1338
f 1206/1250/1338 1370/1414/1509 1208/1252/1340
f 1370/1414/1509 1371/1415/1510 1208/1252/1340
f 1370/1414/1509 1351/1395/1488 1371/1415/1510
f 1353/1397/1490 1351/1395/1488 1370/1414/1509
f 1358/1402/1497 1353/1397/1490 1370/1414/1509
f 1369/1413/1508 1358/1402/1497 1370/1414/1509
f 1351/1395/1488 1354/1398/1491 1371/1415/1510
f 1371/1415/1510 1354/1398/1491 1372/1416/1511
f 1354/1398/1491 1357/1401/1495 1372/1416/1511
f 1371/1415/1510 1372/1416/1511 1210/1254/1342
f 1208/1252/1340 1371/1415/1510 1210/1254/1342
f 1206/1250/1338 1207/1251/1339 1232/1276/1364
f 1232/1276/1364 1231/1275/1363 1369/1413/1508
f 1231/1275/1363 1368/1412/1507 1369/1413/1508
f 1231/1275/1363 1230/1274/1362 1368/1412/1507
f 1230/1274/1362 1367/1411/1506 1368/1412/1507
f 1366/1410/1505 1367/1411/1506 1230/1274/1362
f 1229/1273/1361 1366/1410/1505 1230/1274/1362
f 1229/1273/1361 1228/1272/1360 1366/1410/1505
f 1228/1272/1360 1364/1408/1503 1366/1410/1505
f 1228/1272/1360 1227/1271/1359 1364/1408/1503
f 1227/1271/1359 1365/1409/1504 1364/1408/1503
f 1227/1271/1359 1235/1279/1367 1365/1409/1504
f 1235/1279/1367 1261/1305/1393 1365/1409/1504
f 1235/1279/1367 1241/1285/1373 1261/1305/1393
f 1241/1285/1373 1262/1306/1394 1261/1305/1393
f 1375/1417/1512 1374/1418/1513 1373/1419/1514
f 1376/1420/1515 1375/1417/1512 1373/1419/1514
f 1377/1421/1516 1374/1418/1517 1375/1417/1518
f 1378/1422/1519 1377/1421/1516 1375/1417/1518
f 1376/1420/1515 1373/1419/1514 1379/1423/1520
f 1373/1419/1514 1380/1424/1521 1379/1423/1520
f 1381/1425/1522 1377/1421/1516 1378/1422/1519
f 1382/1426/1523 1381/1425/1522 1378/1422/1519
f 1383/1427/1524 1381/1425/1522 1382/1426/1523
f 1384/1428/1525 1383/1427/1524 1382/1426/1523
f 1385/1429/1526 1383/1427/1524 1384/1428/1525
f 1386/1430/1527 1385/1429/1526 1384/1428/1525
f 1387/1431/1528 1385/1429/1526 1386/1430/1527
f 1388/1432/1529 1387/1431/1528 1386/1430/1527
f 1389/1433/1530 1387/1431/1528 1388/1432/1529
f 1390/1434/1531 1389/1433/1530 1388/1432/1529
f 1389/1433/1530 1390/1434/1531 1333/1377/1467
f 1379/1423/1520 1380/1424/1521 1391/1435/1532
f 1392/1436/1533 1379/1423/1520 1391/1435/1532
f 1393/1437/1534 1392/1436/1533 1391/1435/1532
f 1394/1438/1535 1393/1437/1534 1391/1435/1532
f 1391/1435/1532 1380/1424/1521 1395/1439/1536
f 1394/1438/1535 1391/1435/1532 1395/1439/1536
f 1380/1424/1521 1308/1352/1442 1395/1439/1536
f 1395/1439/1536 1308/1352/1442 1307/1351/1441
f 1396/1440/1537 1395/1439/1536 1307/1351/1441
f 1396/1440/1537 1307/1351/1441 1298/1342/1430
f 1397/1441/1538 1396/1440/1537 1298/1342/1430
f 1397/1441/1538 1298/1342/1430 1299/1343/1431
f 1398/1442/1539 1397/1441/1538 1299/1343/1431
f 1395/1439/1536 1396/1440/1537 1399/1443/1540
f 1399/1443/1540 1396/1440/1537 1397/1441/1538
f 1400/1444/1541 1395/1439/1536 1399/1443/1540
f 1400/1444/1541 1394/1438/1535 1395/1439/1536
f 1401/1445/1542 1399/1443/1540 1397/1441/1538
f 1401/1445/1542 1397/1441/1538 1398/1442/1539
f 1402/1446/1543 1401/1445/1542 1398/1442/1539
f 1308/1352/1442 1380/1424/1521 1303/1347/1435
f 1380/1424/1521 1373/1419/1514 1303/1347/1435
f 1303/1347/1435 1373/1419/1514 1304/1348/1436
f 1373/1419/1514 1374/1418/1513 1304/1348/1436
f 1304/1348/1438 1374/1418/1517 1306/1350/1440
f 1374/1418/1517 1377/1421/1516 1306/1350/1440
f 1306/1350/1440 1377/1421/1516 1311/1355/1445
f 1377/1421/1516 1381/1425/1522 1311/1355/1445
f 1311/1355/1445 1381/1425/1522 1314/1358/1448
f 1381/1425/1522 1383/1427/1524 1314/1358/1448
f 1314/1358/1448 1383/1427/1524 1322/1366/1456
f 1383/1427/1524 1385/1429/1526 1322/1366/1456
f 1322/1366/1456 1385/1429/1526 1326/1370/1460
f 1385/1429/1526 1387/1431/1528 1326/1370/1460
f 1326/1370/1460 1387/1431/1528 1332/1376/1466
f 1387/1431/1528 1389/1433/1530 1332/1376/1466
f 1332/1376/1466 1389/1433/1530 1333/1377/1467
f 1405/1447/1544 1404/1448/1545 1403/1449/1546
f 1404/1448/1545 1406/1450/1547 1403/1449/1546
f 1406/1450/1547 1407/1451/1548 1403/1449/1546
f 1403/1449/1546 1407/1451/1548 1408/1452/1549
f 1403/1449/1546 1408/1452/1549 1409/1453/1550
f 1403/1449/1546 1409/1453/1550 1410/1454/1551
f 1403/1449/1546 1410/1454/1551 1411/1455/1552
f 1403/1449/1546 1411/1455/1552 1412/1456/1553
f 1403/1449/1546 1413/1457/1554 1405/1447/1544
f 1403/1449/1546 1414/1458/1555 1413/1457/1554
f 1403/1449/1546 1415/1459/1556 1414/1458/1555
f 1416/1460/1557 1415/1459/1556 1403/1449/1546
f 1403/1449/1546 1412/1456/1553 1416/1460/1557
f 1404/1448/1545 1405/1447/1544 1417/1461/1558
f 1418/1462/1559 1404/1448/1545 1417/1461/1558
f 1406/1450/1547 1404/1448/1545 1418/1462/1559
f 1419/1463/1560 1406/1450/1547 1418/1462/1559
f 1407/1451/1548 1406/1450/1547 1419/1463/1560
f 1420/1464/1561 1407/1451/1548 1419/1463/1560
f 1408/1452/1549 1407/1451/1548 1420/1464/1561
f 1421/1465/1562 1408/1452/1549 1420/1464/1561
f 1409/1453/1550 1408/1452/1549 1421/1465/1562
f 1422/1466/1563 1409/1453/1550 1421/1465/1562
f 1410/1454/1551 1409/1453/1550 1422/1466/1563
f 1423/1467/1564 1410/1454/1551 1422/1466/1563
f 1411/1455/1552 1410/1454/1551 1423/1467/1564
f 1424/1468/1565 1411/1455/1552 1423/1467/1564
f 1412/1456/1553 1411/1455/1552 1424/1468/1565
f 1425/1469/1566 1412/1456/1553 1424/1468/1565
f 1415/1459/1556 1416/1460/1557 1426/1470/1567
f 1427/1471/1568 1415/1459/1556 1426/1470/1567
f 1405/1447/1544 1413/1457/1554 1428/1472/1569
f 1417/1461/1558 1405/1447/1544 1428/1472/1569
f 1429/1473/1570 1178/1222/1307 1180/1224/1309
f 1430/1474/1571 1429/1473/1570 1180/1224/1309
f 1429/1473/1570 1431/1475/1572 1178/1222/1307
f 1431/1475/1572 1177/1221/1306 1178/1222/1307
f 1176/1220/1305 1177/1221/1306 1431/1475/1572
f 1432/1476/1573 1176/1220/1305 1431/1475/1572
f 1180/1224/1312 1182/1226/1311 1430/1474/1574
f 1182/1226/1311 1433/1477/1575 1430/1474/1574
f 1430/1474/1574 1433/1477/1575 1434/1478/1576
f 1430/1474/1571 1434/1478/1577 1429/1473/1570
f 1433/1477/1575 1435/1479/1578 1434/1478/1576
f 1435/1479/1578 1436/1480/1579 1434/1478/1576
f 1436/1480/1579 1437/1481/1580 1434/1478/1576
f 1436/1480/1579 1438/1482/1581 1437/1481/1580
f 1438/1482/1581 1439/1483/1582 1437/1481/1580
f 1437/1481/1583 1439/1483/1584 1440/1484/1585
f 1439/1483/1584 1441/1485/1586 1440/1484/1585
f 1442/1486/1587 1440/1484/1585 1441/1485/1586
f 1443/1487/1588 1442/1486/1587 1441/1485/1586
f 1443/1487/1588 1441/1485/1586 1088/1132/1214
f 1090/1134/1216 1443/1487/1588 1088/1132/1214
f 1087/1131/1213 1088/1132/1214 1441/1485/1586
f 1439/1483/1584 1087/1131/1213 1441/1485/1586
f 1091/1135/1218 1087/1131/1217 1439/1483/1582
f 1438/1482/1581 1091/1135/1218 1439/1483/1582
f 1107/1151/1236 1091/1135/1218 1438/1482/1581
f 1433/1477/1575 1107/1151/1236 1435/1479/1578
f 1435/1479/1578 1107/1151/1236 1436/1480/1579
f 1436/1480/1579 1107/1151/1236 1438/1482/1581
f 1444/1488/1589 1434/1478/1577 1437/1481/1583
f 1434/1478/1577 1444/1488/1589 1445/1489/1590
f 1444/1488/1589 1446/1490/1591 1445/1489/1590
f 1445/1489/1590 1446/1490/1591 1447/1491/1592
f 1446/1490/1591 1448/1492/1593 1447/1491/1592
f 1444/1488/1589 1449/1493/1594 1446/1490/1591
f 1449/1493/1594 1444/1488/1589 1450/1494/1595
f 1450/1494/1595 1451/1495/1596 1449/1493/1594
f 1451/1495/1596 1452/1496/1597 1449/1493/1594
f 1451/1495/1596 1453/1497/1598 1452/1496/1597
f 1453/1497/1598 1454/1498/1599 1452/1496/1597
f 1453/1497/1598 1455/1499/1600 1454/1498/1599
f 1455/1499/1600 1456/1500/1601 1454/1498/1599
f 1454/1498/1599 1456/1500/1601 1457/1501/1602
f 1454/1498/1599 1457/1501/1602 1452/1496/1597
f 1456/1500/1601 1458/1502/1603 1457/1501/1602
f 1449/1493/1594 1459/1503/1604 1446/1490/1591
f 1446/1490/1591 1459/1503/1604 1448/1492/1593
f 1460/1504/1605 1459/1503/1604 1449/1493/1594
f 1461/1505/1606 1460/1504/1605 1449/1493/1594
f 1461/1505/1606 1449/1493/1594 1452/1496/1597
f 1457/1501/1602 1462/1506/1607 1452/1496/1597
f 1462/1506/1607 1461/1505/1606 1452/1496/1597
f 1456/1500/1601 1463/1507/1608 1458/1502/1603
f 1463/1507/1608 1464/1508/1609 1458/1502/1603
f 1460/1504/1605 1465/1509/1610 1459/1503/1604
f 1465/1509/1610 1466/1510/1611 1459/1503/1604
f 1458/1502/1603 1464/1508/1609 1467/1511/1612
f 1457/1501/1602 1458/1502/1603 1467/1511/1612
f 1457/1501/1602 1467/1511/1612 1462/1506/1607
f 1462/1506/1607 1467/1511/1612 1461/1505/1606
f 1461/1505/1606 1467/1511/1612 1460/1504/1605
f 1460/1504/1605 1467/1511/1612 1465/1509/1610
f 1464/1508/1609 1468/1512/1613 1467/1511/1612
f 1459/1503/1604 1466/1510/1611 1448/1492/1593
f 1469/1513/1614 1463/1507/1608 1456/1500/1601
f 1470/1514/1615 1468/1512/1613 1464/1508/1609
f 1463/1507/1608 1470/1514/1615 1464/1508/1609
f 1470/1514/1615 1463/1507/1608 1469/1513/1614
f 1470/1514/1615 1471/1515/1616 1468/1512/1613
f 1471/1515/1616 1472/1516/1617 1468/1512/1613
f 1468/1512/1613 1472/1516/1617 1467/1511/1612
f 1473/1517/1618 1472/1516/1617 1471/1515/1616
f 1472/1516/1617 1473/1517/1618 1467/1511/1612
f 1474/1518/1619 1473/1517/1618 1471/1515/1616
f 1473/1517/1618 1474/1518/1619 1475/1519/1620
f 1473/1517/1618 1475/1519/1620 1467/1511/1612
f 1474/1518/1619 1476/1520/1621 1475/1519/1620
f 1474/1518/1619 1471/1515/1616 1477/1521/1622
f 1476/1520/1621 1474/1518/1619 1477/1521/1622
f 1471/1515/1616 1478/1522/1623 1477/1521/1622
f 1471/1515/1616 1470/1514/1615 1479/1523/1624
f 1478/1522/1623 1471/1515/1616 1479/1523/1624
f 1479/1523/1624 1470/1514/1615 1469/1513/1614
f 1479/1523/1624 1480/1524/1625 1478/1522/1623
f 1480/1524/1625 1481/1525/1626 1478/1522/1623
f 1478/1522/1623 1481/1525/1626 1477/1521/1622
f 1481/1525/1626 1480/1524/1625 1482/1526/1627
f 1483/1527/1628 1481/1525/1626 1482/1526/1627
f 1481/1525/1626 1483/1527/1628 1484/1528/1629
f 1485/1529/1630 1481/1525/1626 1484/1528/1629
f 1486/1530/1631 1481/1525/1626 1485/1529/1630
f 1481/1525/1626 1486/1530/1631 1477/1521/1622
f 1487/1531/1632 1486/1530/1631 1485/1529/1630
f 1486/1530/1631 1487/1531/1632 1488/1532/1633
f 1477/1521/1622 1486/1530/1631 1488/1532/1633
f 1488/1532/1633 1476/1520/1621 1477/1521/1622
f 1487/1531/1632 1485/1529/1630 1489/1533/1634
f 1490/1534/1635 1487/1531/1632 1489/1533/1634
f 1485/1529/1630 1484/1528/1629 1491/1535/1636
f 1489/1533/1634 1485/1529/1630 1491/1535/1636
f 1482/1526/1627 1480/1524/1625 1492/1536/1637
f 1480/1524/1625 1493/1537/1638 1492/1536/1637
f 1493/1537/1638 1480/1524/1625 1479/1523/1624
f 1469/1513/1614 1493/1537/1638 1479/1523/1624
f 1492/1536/1637 1493/1537/1638 1494/1538/1639
f 1493/1537/1638 1495/1539/1640 1494/1538/1639
f 1495/1539/1640 1493/1537/1638 1469/1513/1614
f 1456/1500/1601 1495/1539/1640 1469/1513/1614
f 1456/1500/1601 1455/1499/1600 1495/1539/1640
f 1495/1539/1640 1455/1499/1600 1496/1540/1641
f 1494/1538/1639 1495/1539/1640 1496/1540/1641
f 1496/1540/1641 1455/1499/1600 1453/1497/1598
f 1442/1486/1587 1496/1540/1641 1453/1497/1598
f 1442/1486/1587 1453/1497/1598 1451/1495/1596
f 1440/1484/1585 1442/1486/1587 1451/1495/1596
f 1440/1484/1585 1451/1495/1596 1450/1494/1595
f 1437/1481/1583 1440/1484/1585 1450/1494/1595
f 1450/1494/1595 1444/1488/1589 1437/1481/1583
f 1497/1541/1642 1496/1540/1641 1442/1486/1587
f 1443/1487/1588 1497/1541/1642 1442/1486/1587
f 1191/1235/1323 1497/1541/1642 1443/1487/1588
f 1498/1542/1643 1497/1541/1642 1191/1235/1323
f 1192/1236/1324 1498/1542/1643 1191/1235/1323
f 1090/1134/1216 1191/1235/1323 1443/1487/1588
f 1499/1543/1644 1496/1540/1641 1497/1541/1642
f 1498/1542/1643 1499/1543/1644 1497/1541/1642
f 1192/1236/1324 1194/1238/1326 1498/1542/1643
f 1194/1238/1326 1500/1544/1645 1498/1542/1643
f 1498/1542/1643 1500/1544/1645 1499/1543/1644
f 1500/1544/1645 1501/1545/1646 1499/1543/1644
f 1499/1543/1644 1501/1545/1646 1494/1538/1639
f 1501/1545/1646 1502/1546/1647 1494/1538/1639
f 1492/1536/1637 1494/1538/1639 1502/1546/1647
f 1503/1547/1648 1492/1536/1637 1502/1546/1647
f 1482/1526/1627 1492/1536/1637 1503/1547/1648
f 1504/1548/1649 1482/1526/1627 1503/1547/1648
f 1483/1527/1628 1482/1526/1627 1504/1548/1649
f 1505/1549/1650 1483/1527/1628 1504/1548/1649
f 1484/1528/1629 1483/1527/1628 1505/1549/1650
f 1506/1550/1651 1484/1528/1629 1505/1549/1650
f 1484/1528/1629 1506/1550/1651 1507/1551/1652
f 1491/1535/1636 1484/1528/1629 1507/1551/1652
f 1500/1544/1645 1508/1552/1653 1501/1545/1646
f 1508/1552/1653 1509/1553/1654 1501/1545/1646
f 1508/1552/1653 1510/1554/1655 1509/1553/1654
f 1510/1554/1655 1511/1555/1656 1509/1553/1654
f 1512/1556/1657 1511/1555/1656 1510/1554/1655
f 1513/1557/1658 1512/1556/1657 1510/1554/1655
f 1513/1557/1658 1510/1554/1655 1209/1253/1341
f 1209/1253/1341 1510/1554/1655 1508/1552/1653
f 1210/1254/1342 1513/1557/1658 1209/1253/1341
f 1509/1553/1654 1511/1555/1656 1514/1558/1659
f 1515/1559/1660 1509/1553/1654 1514/1558/1659
f 1515/1559/1660 1514/1558/1659 1516/1560/1661
f 1514/1558/1659 1517/1561/1662 1516/1560/1661
f 1514/1558/1659 1518/1562/1663 1517/1561/1662
f 1511/1555/1656 1512/1556/1657 1518/1562/1663
f 1514/1558/1659 1511/1555/1656 1518/1562/1663
f 1518/1562/1663 1519/1563/1664 1517/1561/1662
f 1520/1564/1665 1515/1559/1660 1516/1560/1661
f 1515/1559/1660 1520/1564/1665 1509/1553/1654
f 1521/1565/1666 1520/1564/1665 1516/1560/1661
f 1520/1564/1665 1501/1545/1646 1509/1553/1654
f 1522/1566/1667 1521/1565/1666 1516/1560/1661
f 1523/1567/1668 1522/1566/1667 1516/1560/1661
f 1524/1568/1669 1522/1566/1667 1523/1567/1668
f 1525/1569/1670 1524/1568/1669 1523/1567/1668
f 1523/1567/1668 1526/1570/1671 1525/1569/1670
f 1516/1560/1661 1517/1561/1662 1526/1570/1671
f 1523/1567/1668 1516/1560/1661 1526/1570/1671
f 1526/1570/1671 1527/1571/1672 1525/1569/1670
f 1526/1570/1671 1528/1572/1673 1527/1571/1672
f 1517/1561/1662 1519/1563/1664 1528/1572/1673
f 1526/1570/1671 1517/1561/1662 1528/1572/1673
f 1528/1572/1673 1529/1573/1674 1527/1571/1672
f 1525/1569/1670 1527/1571/1672 1530/1574/1675
f 1527/1571/1672 1531/1575/1676 1530/1574/1675
f 1530/1574/1675 1531/1575/1676 1532/1576/1677
f 1531/1575/1676 1533/1577/1678 1532/1576/1677
f 1531/1575/1676 1534/1578/1679 1533/1577/1678
f 1527/1571/1672 1529/1573/1674 1534/1578/1679
f 1531/1575/1676 1527/1571/1672 1534/1578/1679
f 1534/1578/1679 1535/1579/1680 1533/1577/1678
f 1528/1572/1673 1536/1580/1681 1529/1573/1674
f 1528/1572/1673 1519/1563/1664 1536/1580/1681
f 1519/1563/1664 1537/1581/1682 1536/1580/1681
f 1538/1582/1683 1537/1581/1682 1519/1563/1664
f 1518/1562/1663 1538/1582/1683 1519/1563/1664
f 1536/1580/1681 1539/1583/1684 1529/1573/1674
f 1529/1573/1674 1539/1583/1684 1540/1584/1685
f 1534/1578/1679 1529/1573/1674 1540/1584/1685
f 1534/1578/1679 1540/1584/1685 1535/1579/1680
f 1540/1584/1685 1541/1585/1686 1535/1579/1680
f 1542/1586/1687 1530/1574/1675 1532/1576/1677
f 1530/1574/1675 1542/1586/1687 1525/1569/1670
f 1542/1586/1687 1524/1568/1669 1525/1569/1670
f 1543/1587/1688 1542/1586/1687 1532/1576/1677
f 1505/1549/1650 1524/1568/1669 1542/1586/1687
f 1522/1566/1667 1524/1568/1669 1505/1549/1650
f 1504/1548/1649 1522/1566/1667 1505/1549/1650
f 1521/1565/1666 1522/1566/1667 1504/1548/1649
f 1503/1547/1648 1521/1565/1666 1504/1548/1649
f 1520/1564/1665 1521/1565/1666 1503/1547/1648
f 1502/1546/1647 1520/1564/1665 1503/1547/1648
f 1506/1550/1651 1505/1549/1650 1542/1586/1687
f 1542/1586/1687 1543/1587/1688 1507/1551/1652
f 1506/1550/1651 1542/1586/1687 1507/1551/1652
f 1501/1545/1646 1520/1564/1665 1502/1546/1647
f 1507/1551/1652 1543/1587/1688 1544/1588/1689
f 1545/1589/1690 1507/1551/1652 1544/1588/1689
f 1545/1589/1690 1544/1588/1689 1245/1289/1377
f 1544/1588/1689 1242/1286/1374 1245/1289/1377
f 1242/1286/1374 1544/1588/1689 1239/1283/1371
f 1544/1588/1689 1546/1590/1691 1239/1283/1371
f 1546/1590/1691 1547/1591/1692 1239/1283/1371
f 1547/1591/1692 1237/1281/1369 1239/1283/1371
f 1547/1591/1692 1548/1592/1693 1237/1281/1369
f 1548/1592/1693 1236/1280/1368 1237/1281/1369
f 1548/1592/1693 1549/1593/1694 1236/1280/1368
f 1549/1593/1694 1241/1285/1373 1236/1280/1368
f 1544/1588/1689 1543/1587/1688 1546/1590/1691
f 1543/1587/1688 1532/1576/1677 1546/1590/1691
f 1546/1590/1691 1532/1576/1677 1547/1591/1692
f 1532/1576/1677 1533/1577/1678 1547/1591/1692
f 1547/1591/1692 1533/1577/1678 1548/1592/1693
f 1533/1577/1678 1535/1579/1680 1548/1592/1693
f 1548/1592/1693 1535/1579/1680 1549/1593/1694
f 1535/1579/1680 1541/1585/1686 1549/1593/1694
f 1550/1594/1695 1152/1196/1281 1153/1197/1282
f 1551/1595/1696 1550/1594/1695 1153/1197/1282
f 1152/1196/1281 1550/1594/1695 1155/1199/1284
f 1550/1594/1695 1552/1596/1697 1155/1199/1284
f 1551/1595/1696 1490/1534/1635 1550/1594/1695
f 1490/1534/1635 1489/1533/1634 1550/1594/1695
f 1550/1594/1695 1489/1533/1634 1552/1596/1697
f 1489/1533/1634 1491/1535/1636 1552/1596/1697
f 1553/1597/1698 1490/1534/1635 1551/1595/1696
f 1487/1531/1632 1490/1534/1635 1553/1597/1698
f 1488/1532/1633 1487/1531/1632 1553/1597/1698
f 1554/1598/1699 1553/1597/1698 1551/1595/1696
f 1551/1595/1696 1153/1197/1282 1157/1201/1286
f 1554/1598/1699 1551/1595/1696 1157/1201/1286
f 1488/1532/1633 1553/1597/1698 1555/1599/1700
f 1556/1600/1701 1488/1532/1633 1555/1599/1700
f 1476/1520/1621 1488/1532/1633 1556/1600/1701
f 1557/1601/1702 1476/1520/1621 1556/1600/1701
f 1476/1520/1621 1557/1601/1702 1475/1519/1620
f 1557/1601/1702 1558/1602/1703 1475/1519/1620
f 1475/1519/1620 1558/1602/1703 1467/1511/1612
f 1553/1597/1698 1554/1598/1699 1559/1603/1704
f 1555/1599/1700 1553/1597/1698 1559/1603/1704
f 1554/1598/1699 1157/1201/1286 1161/1205/1290
f 1559/1603/1704 1554/1598/1699 1161/1205/1290
f 1558/1602/1703 1560/1604/1705 1467/1511/1612
f 1560/1604/1705 1561/1605/1706 1467/1511/1612
f 1561/1605/1706 1465/1509/1610 1467/1511/1612
f 1466/1510/1611 1465/1509/1610 1561/1605/1706
f 1562/1606/1707 1466/1510/1611 1561/1605/1706
f 1562/1606/1707 1561/1605/1706 1560/1604/1705
f 1562/1606/1707 1563/1607/1708 1466/1510/1611
f 1563/1607/1708 1448/1492/1593 1466/1510/1611
f 1563/1607/1708 1564/1608/1709 1448/1492/1593
f 1564/1608/1709 1447/1491/1592 1448/1492/1593
f 1564/1608/1709 1432/1476/1573 1447/1491/1592
f 1432/1476/1573 1431/1475/1572 1447/1491/1592
f 1445/1489/1590 1447/1491/1592 1431/1475/1572
f 1429/1473/1570 1445/1489/1590 1431/1475/1572
f 1434/1478/1577 1445/1489/1590 1429/1473/1570
f 1565/1609/1710 1562/1606/1707 1560/1604/1705
f 1562/1606/1707 1565/1609/1710 1563/1607/1708
f 1565/1609/1710 1566/1610/1711 1563/1607/1708
f 1563/1607/1708 1566/1610/1711 1564/1608/1709
f 1566/1610/1711 1567/1611/1712 1564/1608/1709
f 1564/1608/1709 1567/1611/1712 1432/1476/1573
f 1567/1611/1712 1568/1612/1713 1432/1476/1573
f 1432/1476/1573 1568/1612/1713 1176/1220/1305
f 1568/1612/1713 1173/1217/1302 1176/1220/1305
f 1571/1613/1714 1570/1614/1715 1569/1615/1716
f 1572/1616/1717 1571/1613/1714 1569/1615/1716
f 1569/1615/1716 1573/1617/1718 1572/1616/1717
f 1573/1617/1718 1574/1618/1719 1572/1616/1717
f 1345/1389/1481 1573/1617/1718 1569/1615/1716
f 1350/1394/1487 1345/1389/1481 1569/1615/1716
f 1350/1394/1487 1569/1615/1716 1570/1614/1715
f 1572/1616/1717 1575/1619/1720 1571/1613/1714
f 1572/1616/1717 1574/1618/1719 1575/1619/1720
f 1575/1619/1720 1576/1620/1721 1571/1613/1714
f 1574/1618/1719 1577/1621/1722 1575/1619/1720
f 1575/1619/1720 1577/1621/1722 1578/1622/1723
f 1577/1621/1722 1579/1623/1724 1578/1622/1723
f 1575/1619/1720 1578/1622/1723 1580/1624/1725
f 1575/1619/1720 1580/1624/1725 1576/1620/1721
f 1578/1622/1723 1581/1625/1726 1580/1624/1725
f 1579/1623/1724 1582/1626/1727 1578/1622/1723
f 1582/1626/1727 1583/1627/1728 1578/1622/1723
f 1581/1625/1726 1584/1628/1729 1580/1624/1725
f 1584/1628/1729 1585/1629/1730 1580/1624/1725
f 1586/1630/1731 1585/1629/1730 1584/1628/1729
f 1587/1631/1732 1586/1630/1731 1584/1628/1729
f 1588/1632/1733 1584/1628/1729 1581/1625/1726
f 1589/1633/1734 1588/1632/1733 1581/1625/1726
f 1589/1633/1734 1581/1625/1726 1578/1622/1723
f 1583/1627/1728 1589/1633/1734 1578/1622/1723
f 1579/1623/1724 1590/1634/1735 1582/1626/1727
f 1590/1634/1735 1579/1623/1724 1577/1621/1722
f 1590/1634/1735 1591/1635/1736 1582/1626/1727
f 1590/1634/1735 1592/1636/1737 1591/1635/1736
f 1592/1636/1737 1593/1637/1738 1591/1635/1736
f 1592/1636/1737 1594/1638/1739 1593/1637/1738
f 1594/1638/1739 1595/1639/1740 1593/1637/1738
f 1595/1639/1740 1594/1638/1739 1596/1640/1741
f 1597/1641/1742 1595/1639/1740 1596/1640/1741
f 1598/1642/1743 1597/1641/1742 1596/1640/1741
f 1599/1643/1744 1598/1642/1743 1596/1640/1741
f 1600/1644/1745 1587/1631/1732 1584/1628/1729
f 1600/1644/1745 1601/1645/1746 1587/1631/1732
f 1601/1645/1746 1602/1646/1747 1587/1631/1732
f 1588/1632/1733 1600/1644/1745 1584/1628/1729
f 1599/1643/1744 1596/1640/1741 1603/1647/1748
f 1596/1640/1741 1604/1648/1749 1603/1647/1748
f 1596/1640/1741 1594/1638/1739 1605/1649/1750
f 1604/1648/1749 1596/1640/1741 1605/1649/1750
f 1605/1649/1750 1594/1638/1739 1606/1650/1751
f 1594/1638/1739 1607/1651/1752 1606/1650/1751
f 1607/1651/1752 1608/1652/1753 1606/1650/1751
f 1608/1652/1753 1609/1653/1754 1606/1650/1751
f 1606/1650/1755 1609/1653/1756 1610/1654/1757
f 1609/1653/1756 1611/1655/1758 1610/1654/1757
f 1611/1655/1758 1612/1656/1759 1610/1654/1757
f 1613/1657/1760 1612/1656/1759 1611/1655/1758
f 1614/1658/1761 1612/1656/1759 1613/1657/1760
f 1612/1656/1759 1614/1658/1761 1615/1659/1762
f 1612/1656/1759 1615/1659/1762 1610/1654/1757
f 1614/1658/1761 1616/1660/1763 1615/1659/1762
f 1617/1661/1764 1614/1658/1761 1613/1657/1760
f 1614/1658/1761 1618/1662/1765 1616/1660/1763
f 1618/1662/1765 1619/1663/1766 1616/1660/1763
f 1620/1664/1767 1618/1662/1765 1614/1658/1761
f 1617/1661/1764 1620/1664/1767 1614/1658/1761
f 1618/1662/1765 1621/1665/1768 1619/1663/1766
f 1621/1665/1768 1622/1666/1769 1619/1663/1766
f 1623/1667/1770 1621/1665/1768 1618/1662/1765
f 1620/1664/1767 1623/1667/1770 1618/1662/1765
f 1621/1665/1768 1624/1668/1771 1622/1666/1769
f 1624/1668/1771 1625/1669/1772 1622/1666/1769
f 1333/1377/1467 1625/1669/1772 1624/1668/1771
f 1333/1377/1467 1624/1668/1771 1626/1670/1773
f 1626/1670/1773 1624/1668/1771 1621/1665/1768
f 1623/1667/1770 1626/1670/1773 1621/1665/1768
f 1626/1670/1773 1627/1671/1774 1333/1377/1467
f 1626/1670/1773 1623/1667/1770 1627/1671/1774
f 1623/1667/1770 1628/1672/1775 1627/1671/1774
f 1623/1667/1770 1620/1664/1767 1628/1672/1775
f 1620/1664/1767 1629/1673/1776 1628/1672/1775
f 1629/1673/1776 1620/1664/1767 1617/1661/1764
f 1628/1672/1775 1629/1673/1776 1337/1381/1471
f 1629/1673/1776 1338/1382/1472 1337/1381/1471
f 1628/1672/1775 1337/1381/1474 1339/1383/1473
f 1627/1671/1774 1628/1672/1775 1339/1383/1473
f 1627/1671/1774 1339/1383/1473 1333/1377/1467
f 1340/1384/1475 1338/1382/1472 1629/1673/1776
f 1630/1674/1777 1340/1384/1475 1629/1673/1776
f 1341/1385/1476 1340/1384/1475 1630/1674/1777
f 1631/1675/1778 1341/1385/1476 1630/1674/1777
f 1341/1385/1476 1631/1675/1778 1342/1386/1477
f 1631/1675/1778 1632/1676/1779 1342/1386/1477
f 1632/1676/1779 1631/1675/1778 1613/1657/1760
f 1633/1677/1780 1632/1676/1781 1613/1657/1760
f 1633/1677/1780 1613/1657/1760 1611/1655/1758
f 1573/1617/1718 1632/1676/1779 1633/1677/1782
f 1632/1676/1779 1573/1617/1718 1345/1389/1481
f 1342/1386/1477 1632/1676/1779 1345/1389/1481
f 1617/1661/1764 1613/1657/1760 1631/1675/1778
f 1630/1674/1777 1617/1661/1764 1631/1675/1778
f 1630/1674/1777 1629/1673/1776 1617/1661/1764
f 1611/1655/1758 1609/1653/1756 1633/1677/1780
f 1609/1653/1754 1634/1678/1783 1633/1677/1782
f 1609/1653/1754 1608/1652/1753 1634/1678/1783
f 1608/1652/1753 1635/1679/1784 1634/1678/1783
f 1608/1652/1753 1592/1636/1737 1635/1679/1784
f 1592/1636/1737 1608/1652/1753 1607/1651/1752
f 1594/1638/1739 1592/1636/1737 1607/1651/1752
f 1592/1636/1737 1590/1634/1735 1635/1679/1784
f 1635/1679/1784 1590/1634/1735 1577/1621/1722
f 1635/1679/1784 1577/1621/1722 1574/1618/1719
f 1634/1678/1783 1635/1679/1784 1574/1618/1719
f 1633/1677/1782 1634/1678/1783 1574/1618/1719
f 1573/1617/1718 1633/1677/1782 1574/1618/1719
f 1636/1680/1785 1254/1298/1386 1251/1297/1385
f 1637/1681/1786 1636/1680/1785 1251/1297/1385
f 1636/1680/1785 1638/1682/1787 1254/1298/1386
f 1638/1682/1787 1255/1299/1387 1254/1298/1386
f 1637/1681/1786 1251/1297/1385 1257/1301/1389
f 1639/1683/1788 1637/1681/1786 1257/1301/1389
f 1255/1299/1387 1638/1682/1787 1260/1304/1392
f 1638/1682/1787 1640/1684/1789 1260/1304/1392
f 1639/1683/1788 1257/1301/1389 1262/1306/1394
f 1641/1685/1790 1639/1683/1788 1262/1306/1394
f 1641/1685/1790 1642/1686/1791 1639/1683/1788
f 1642/1686/1791 1643/1687/1792 1639/1683/1788
f 1639/1683/1788 1643/1687/1792 1637/1681/1786
f 1644/1688/1793 1643/1687/1792 1642/1686/1791
f 1644/1688/1793 1645/1689/1794 1643/1687/1792
f 1644/1688/1793 1646/1690/1795 1645/1689/1794
f 1646/1690/1795 1647/1691/1796 1645/1689/1794
f 1645/1689/1794 1647/1691/1796 1648/1692/1797
f 1645/1689/1794 1648/1692/1797 1649/1693/1798
f 1645/1689/1794 1649/1693/1798 1643/1687/1792
f 1648/1692/1797 1650/1694/1799 1649/1693/1798
f 1648/1692/1797 1651/1695/1800 1650/1694/1799
f 1651/1695/1800 1652/1696/1801 1650/1694/1799
f 1647/1691/1796 1586/1630/1731 1648/1692/1797
f 1586/1630/1731 1647/1691/1796 1585/1629/1730
f 1647/1691/1796 1653/1697/1802 1585/1629/1730
f 1653/1697/1802 1647/1691/1796 1646/1690/1795
f 1585/1629/1730 1653/1697/1802 1654/1698/1803
f 1580/1624/1725 1585/1629/1730 1654/1698/1803
f 1580/1624/1725 1654/1698/1803 1576/1620/1721
f 1648/1692/1797 1586/1630/1731 1587/1631/1732
f 1602/1646/1747 1648/1692/1797 1587/1631/1732
f 1651/1695/1800 1648/1692/1797 1602/1646/1747
f 1576/1620/1721 1654/1698/1803 1655/1699/1804
f 1655/1699/1804 1654/1698/1803 1653/1697/1802
f 1656/1700/1805 1576/1620/1721 1655/1699/1804
f 1656/1700/1805 1657/1701/1806 1576/1620/1721
f 1657/1701/1806 1571/1613/1714 1576/1620/1721
f 1570/1614/1715 1571/1613/1714 1657/1701/1806
f 1658/1702/1807 1570/1614/1715 1657/1701/1806
f 1357/1401/1495 1570/1614/1715 1658/1702/1807
f 1357/1401/1495 1350/1394/1487 1570/1614/1715
f 1372/1416/1511 1357/1401/1495 1658/1702/1807
f 1659/1703/1808 1655/1699/1804 1653/1697/1802
f 1659/1703/1808 1653/1697/1802 1646/1690/1795
f 1372/1416/1511 1658/1702/1807 1513/1557/1658
f 1210/1254/1342 1372/1416/1511 1513/1557/1658
f 1658/1702/1807 1657/1701/1806 1512/1556/1657
f 1513/1557/1658 1658/1702/1807 1512/1556/1657
f 1657/1701/1806 1656/1700/1805 1660/1704/1809
f 1512/1556/1657 1657/1701/1806 1660/1704/1809
f 1656/1700/1805 1655/1699/1804 1661/1705/1810
f 1660/1704/1809 1656/1700/1805 1661/1705/1810
f 1661/1705/1810 1655/1699/1804 1659/1703/1808
f 1662/1706/1811 1661/1705/1810 1659/1703/1808
f 1659/1703/1808 1646/1690/1795 1663/1707/1812
f 1662/1706/1811 1659/1703/1808 1663/1707/1812
f 1663/1707/1812 1646/1690/1795 1644/1688/1793
f 1664/1708/1813 1663/1707/1812 1644/1688/1793
f 1664/1708/1813 1644/1688/1793 1642/1686/1791
f 1538/1582/1683 1512/1556/1657 1660/1704/1809
f 1538/1582/1683 1660/1704/1809 1661/1705/1810
f 1537/1581/1682 1538/1582/1683 1661/1705/1810
f 1537/1581/1682 1661/1705/1810 1662/1706/1811
f 1536/1580/1681 1537/1581/1682 1662/1706/1811
f 1536/1580/1681 1662/1706/1811 1663/1707/1812
f 1539/1583/1684 1536/1580/1681 1663/1707/1812
f 1539/1583/1684 1663/1707/1812 1664/1708/1813
f 1540/1584/1685 1539/1583/1684 1664/1708/1813
f 1540/1584/1685 1664/1708/1813 1642/1686/1791
f 1541/1585/1686 1540/1584/1685 1642/1686/1791
f 1541/1585/1686 1642/1686/1791 1641/1685/1790
f 1549/1593/1694 1541/1585/1686 1641/1685/1790
f 1549/1593/1694 1641/1685/1790 1262/1306/1394
f 1241/1285/1373 1549/1593/1694 1262/1306/1394
f 1518/1562/1663 1512/1556/1657 1538/1582/1683
f 1666/1709/1814 1665/1710/1815 1375/1417/1512
f 1376/1420/1515 1666/1709/1814 1375/1417/1512
f 1375/1417/1518 1665/1710/1816 1378/1422/1519
f 1665/1710/1816 1667/1711/1817 1378/1422/1519
f 1666/1709/1814 1376/1420/1515 1379/1423/1520
f 1668/1712/1818 1666/1709/1814 1379/1423/1520
f 1378/1422/1519 1667/1711/1817 1382/1426/1523
f 1667/1711/1817 1669/1713/1819 1382/1426/1523
f 1382/1426/1523 1669/1713/1819 1384/1428/1525
f 1669/1713/1819 1670/1714/1820 1384/1428/1525
f 1384/1428/1525 1670/1714/1820 1386/1430/1527
f 1670/1714/1820 1671/1715/1821 1386/1430/1527
f 1386/1430/1527 1671/1715/1821 1388/1432/1529
f 1671/1715/1821 1672/1716/1822 1388/1432/1529
f 1388/1432/1529 1672/1716/1822 1390/1434/1531
f 1672/1716/1822 1673/1717/1823 1390/1434/1531
f 1390/1434/1531 1673/1717/1823 1333/1377/1467
f 1668/1712/1818 1379/1423/1520 1392/1436/1533
f 1674/1718/1824 1668/1712/1818 1392/1436/1533
f 1675/1719/1825 1674/1718/1824 1392/1436/1533
f 1393/1437/1534 1675/1719/1825 1392/1436/1533
f 1675/1719/1825 1676/1720/1826 1674/1718/1824
f 1676/1720/1826 1677/1721/1827 1674/1718/1824
f 1676/1720/1826 1678/1722/1828 1677/1721/1827
f 1678/1722/1828 1603/1647/1748 1677/1721/1827
f 1603/1647/1748 1604/1648/1749 1677/1721/1827
f 1604/1648/1749 1679/1723/1829 1677/1721/1827
f 1678/1722/1828 1680/1724/1830 1603/1647/1748
f 1680/1724/1830 1599/1643/1744 1603/1647/1748
f 1599/1643/1744 1680/1724/1830 1598/1642/1743
f 1680/1724/1830 1681/1725/1831 1598/1642/1743
f 1677/1721/1827 1679/1723/1829 1668/1712/1818
f 1674/1718/1824 1677/1721/1827 1668/1712/1818
f 1668/1712/1818 1679/1723/1829 1682/1726/1832
f 1679/1723/1829 1604/1648/1749 1682/1726/1832
f 1666/1709/1814 1668/1712/1818 1682/1726/1832
f 1604/1648/1749 1605/1649/1750 1682/1726/1832
f 1682/1726/1832 1605/1649/1750 1606/1650/1751
f 1683/1727/1833 1682/1726/1832 1606/1650/1751
f 1683/1727/1834 1606/1650/1755 1684/1728/1835
f 1606/1650/1755 1610/1654/1757 1684/1728/1835
f 1684/1728/1835 1610/1654/1757 1685/1729/1836
f 1610/1654/1757 1615/1659/1762 1685/1729/1836
f 1685/1729/1836 1615/1659/1762 1686/1730/1837
f 1615/1659/1762 1616/1660/1763 1686/1730/1837
f 1686/1730/1837 1616/1660/1763 1687/1731/1838
f 1616/1660/1763 1619/1663/1766 1687/1731/1838
f 1687/1731/1838 1619/1663/1766 1688/1732/1839
f 1619/1663/1766 1622/1666/1769 1688/1732/1839
f 1688/1732/1839 1622/1666/1769 1689/1733/1840
f 1622/1666/1769 1625/1669/1772 1689/1733/1840
f 1333/1377/1467 1689/1733/1840 1625/1669/1772
f 1665/1710/1816 1683/1727/1834 1684/1728/1835
f 1682/1726/1832 1683/1727/1833 1665/1710/1815
f 1666/1709/1814 1682/1726/1832 1665/1710/1815
f 1667/1711/1817 1665/1710/1816 1684/1728/1835
f 1667/1711/1817 1684/1728/1835 1685/1729/1836
f 1669/1713/1819 1667/1711/1817 1685/1729/1836
f 1669/1713/1819 1685/1729/1836 1686/1730/1837
f 1670/1714/1820 1669/1713/1819 1686/1730/1837
f 1670/1714/1820 1686/1730/1837 1687/1731/1838
f 1671/1715/1821 1670/1714/1820 1687/1731/1838
f 1671/1715/1821 1687/1731/1838 1688/1732/1839
f 1672/1716/1822 1671/1715/1821 1688/1732/1839
f 1672/1716/1822 1688/1732/1839 1689/1733/1840
f 1673/1717/1823 1672/1716/1822 1689/1733/1840
f 1673/1717/1823 1689/1733/1840 1333/1377/1467
f 1692/1734/1841 1691/1735/1842 1690/1736/1843
f 1693/1737/1844 1692/1734/1841 1690/1736/1843
f 1694/1738/1845 1693/1737/1844 1690/1736/1843
f 1694/1738/1845 1690/1736/1843 1695/1739/1846
f 1695/1739/1846 1690/1736/1843 1696/1740/1847
f 1696/1740/1847 1690/1736/1843 1697/1741/1848
f 1697/1741/1848 1690/1736/1843 1698/1742/1849
f 1698/1742/1849 1690/1736/1843 1699/1743/1850
f 1700/1744/1851 1690/1736/1843 1691/1735/1842
f 1690/1736/1843 1700/1744/1851 1701/1745/1852
f 1690/1736/1843 1701/1745/1852 1702/1746/1853
f 1690/1736/1843 1703/1747/1854 1699/1743/1850
f 1702/1746/1853 1703/1747/1854 1690/1736/1843
f 1211/1255/1343 1209/1253/1341 1508/1552/1653
f 1211/1255/1343 1508/1552/1653 1500/1544/1645
f 1194/1238/1326 1211/1255/1343 1500/1544/1645
f 1651/1695/1800 1705/1748/1855 1704/1749/1856
f 1652/1696/1801 1651/1695/1800 1704/1749/1856
f 1651/1695/1800 1602/1646/1747 1705/1748/1855
f 1602/1646/1747 1706/1750/1857 1705/1748/1855
f 1706/1750/1857 1602/1646/1747 1707/1751/1858
f 1602/1646/1747 1601/1645/1746 1707/1751/1858
f 1652/1696/1801 1704/1749/1856 1640/1684/1789
f 1638/1682/1787 1652/1696/1801 1640/1684/1789
f 1650/1694/1799 1652/1696/1801 1638/1682/1787
f 1636/1680/1785 1650/1694/1799 1638/1682/1787
f 1649/1693/1798 1650/1694/1799 1636/1680/1785
f 1637/1681/1786 1649/1693/1798 1636/1680/1785
f 1643/1687/1792 1649/1693/1798 1637/1681/1786
f 1263/1307/1395 1708/1752/1859 1265/1309/1397
f 1265/1309/1397 1708/1752/1859 1280/1324/1412
f 1138/1182/1267 1099/1143/1228 1100/1144/1229
f 1138/1182/1267 1149/1193/1278 1099/1143/1228
f 1552/1596/1697 1545/1589/1690 1245/1289/1377
f 1155/1199/1284 1552/1596/1697 1245/1289/1377
f 1552/1596/1697 1491/1535/1636 1545/1589/1690
f 1491/1535/1636 1507/1551/1652 1545/1589/1690
f 1155/1199/1284 1245/1289/1377 1244/1288/1376
f 1151/1195/1280 1155/1199/1284 1244/1288/1376
f 1151/1195/1280 1244/1288/1376 1199/1243/1331
f 1147/1191/1276 1151/1195/1280 1199/1243/1331
f 1200/1244/1332 1211/1255/1343 1194/1238/1326
f 1681/1725/1831 1680/1724/1830 1706/1750/1857
f 1707/1751/1858 1681/1725/1831 1706/1750/1857
f 1706/1750/1857 1680/1724/1830 1678/1722/1828
f 1705/1748/1855 1706/1750/1857 1678/1722/1828
f 1705/1748/1855 1678/1722/1828 1676/1720/1826
f 1704/1749/1856 1705/1748/1855 1676/1720/1826
f 1704/1749/1856 1676/1720/1826 1675/1719/1825
f 1640/1684/1789 1704/1749/1856 1675/1719/1825
f 1640/1684/1789 1675/1719/1825 1393/1437/1534
f 1260/1304/1392 1640/1684/1789 1393/1437/1534
f 1260/1304/1392 1393/1437/1534 1394/1438/1535
f 1259/1303/1391 1260/1304/1392 1394/1438/1535
f 1259/1303/1391 1394/1438/1535 1400/1444/1541
f 1263/1307/1395 1259/1303/1391 1400/1444/1541
f 1263/1307/1395 1400/1444/1541 1708/1752/1859
f 1400/1444/1541 1399/1443/1540 1708/1752/1859
f 1708/1752/1859 1399/1443/1540 1280/1324/1412
f 1399/1443/1540 1401/1445/1542 1280/1324/1412
f 1280/1324/1412 1401/1445/1542 1402/1446/1543
f 1279/1323/1411 1280/1324/1412 1402/1446/1543
f 1402/1446/1543 1709/1753/1860 1279/1323/1411
f 1709/1753/1860 1710/1754/1861 1279/1323/1411
f 1709/1753/1862 1427/1471/1863 1710/1754/1864
f 1427/1471/1863 1426/1470/1865 1710/1754/1864
f 1433/1477/1575 1182/1226/1311 1107/1151/1236
f 1558/1602/1703 1557/1601/1702 1565/1609/1710
f 1560/1604/1705 1558/1602/1703 1565/1609/1710
f 1565/1609/1710 1557/1601/1702 1566/1610/1711
f 1557/1601/1702 1556/1600/1701 1566/1610/1711
f 1566/1610/1711 1556/1600/1701 1555/1599/1700
f 1567/1611/1712 1566/1610/1711 1555/1599/1700
f 1567/1611/1712 1555/1599/1700 1559/1603/1704
f 1568/1612/1713 1567/1611/1712 1559/1603/1704
f 1568/1612/1713 1559/1603/1704 1161/1205/1290
f 1173/1217/1302 1568/1612/1713 1161/1205/1290
f 1499/1543/1644 1494/1538/1639 1496/1540/1641
f 1356/1400/1866 1310/1354/1444 1309/1353/1443
f 1712/1755/1867 1711/1756/1868 1297/1341/1429
f 1295/1339/1427 1712/1755/1867 1297/1341/1429
f 1713/1757/1869 1712/1755/1867 1295/1339/1427
f 1291/1335/1423 1713/1757/1869 1295/1339/1427
f 1714/1758/1870 1713/1757/1869 1291/1335/1423
f 1288/1332/1420 1714/1758/1870 1291/1335/1423
f 1715/1759/1871 1714/1758/1870 1288/1332/1420
f 1287/1331/1419 1715/1759/1871 1288/1332/1420
f 1716/1760/1872 1715/1759/1871 1287/1331/1419
f 1285/1329/1417 1716/1760/1872 1287/1331/1419
f 1717/1761/1873 1716/1760/1872 1285/1329/1417
f 1283/1327/1415 1717/1761/1873 1285/1329/1417
f 1718/1762/1874 1717/1761/1873 1283/1327/1415
f 1281/1325/1413 1718/1762/1874 1283/1327/1415
f 1719/1763/1875 1718/1762/1874 1281/1325/1413
f 1278/1322/1410 1719/1763/1875 1281/1325/1413
f 1713/1757/1876 1419/1463/1877 1712/1755/1878
f 1714/1758/1879 1420/1464/1880 1713/1757/1876
f 1420/1464/1880 1419/1463/1877 1713/1757/1876
f 1715/1759/1881 1421/1465/1882 1714/1758/1879
f 1421/1465/1882 1420/1464/1880 1714/1758/1879
f 1716/1760/1883 1422/1466/1884 1715/1759/1881
f 1422/1466/1884 1421/1465/1882 1715/1759/1881
f 1717/1761/1885 1423/1467/1886 1716/1760/1883
f 1423/1467/1886 1422/1466/1884 1716/1760/1883
f 1718/1762/1887 1424/1468/1888 1717/1761/1885
f 1424/1468/1888 1423/1467/1886 1717/1761/1885
f 1719/1763/1889 1425/1469/1890 1718/1762/1887
f 1425/1469/1890 1424/1468/1888 1718/1762/1887
f 1419/1463/1877 1418/1462/1891 1712/1755/1878
f 1712/1755/1878 1418/1462/1891 1711/1756/1892
f 1418/1462/1891 1417/1461/1893 1711/1756/1892
f 1711/1756/1868 1720/1764/1894 1299/1343/1431
f 1297/1341/1429 1711/1756/1868 1299/1343/1431
f 1711/1756/1892 1417/1461/1893 1720/1764/1895
f 1417/1461/1893 1428/1472/1896 1720/1764/1895
f 1720/1765/1894 1721/1766/1897 1398/1767/1539
f 1299/1768/1431 1720/1765/1894 1398/1767/1539
f 1398/1767/1539 1721/1766/1897 1402/1769/1543
f 1721/1766/1897 1709/1770/1860 1402/1769/1543
f 1720/1765/1895 1428/1771/1896 1721/1766/1898
f 1428/1771/1896 1722/1772/1899 1721/1766/1898
f 1721/1766/1898 1722/1772/1899 1709/1770/1862
f 1722/1772/1899 1427/1773/1863 1709/1770/1862
f 1722/1772/1900 1414/1774/1555 1427/1773/1568
f 1414/1774/1555 1415/1775/1556 1427/1773/1568
f 1413/1776/1554 1414/1774/1555 1722/1772/1900
f 1428/1771/1569 1413/1776/1554 1722/1772/1900
f 1710/1777/1861 1719/1778/1875 1278/1779/1410
f 1279/1780/1411 1710/1777/1861 1278/1779/1410
f 1710/1777/1864 1426/1781/1865 1719/1778/1889
f 1426/1781/1865 1425/1782/1890 1719/1778/1889
f 1724/1783/1901 1723/1784/1902 1593/1785/1738
f 1595/1786/1740 1724/1783/1901 1593/1785/1738
f 1593/1785/1738 1723/1784/1902 1591/1787/1736
f 1723/1784/1902 1725/1788/1903 1591/1787/1736
f 1591/1787/1736 1725/1788/1903 1582/1789/1727
f 1725/1788/1903 1726/1790/1904 1582/1789/1727
f 1582/1789/1727 1726/1790/1904 1583/1791/1728
f 1726/1790/1904 1727/1792/1905 1583/1791/1728
f 1583/1791/1728 1727/1792/1905 1589/1793/1734
f 1727/1792/1905 1728/1794/1906 1589/1793/1734
f 1724/1783/1907 1729/1795/1908 1723/1784/1909
f 1729/1795/1908 1730/1796/1910 1723/1784/1909
f 1723/1784/1909 1730/1796/1910 1725/1788/1911
f 1730/1796/1910 1731/1797/1912 1725/1788/1911
f 1725/1788/1911 1731/1797/1912 1726/1790/1913
f 1731/1797/1912 1732/1798/1914 1726/1790/1913
f 1726/1790/1913 1732/1798/1914 1727/1792/1915
f 1732/1798/1914 1733/1799/1916 1727/1792/1915
f 1727/1792/1915 1733/1799/1916 1728/1794/1917
f 1733/1799/1916 1734/1800/1918 1728/1794/1917
f 1728/1801/1906 1735/1802/1919 1588/1803/1733
f 1589/1804/1734 1728/1801/1906 1588/1803/1733
f 1588/1803/1733 1735/1802/1919 1600/1805/1745
f 1735/1802/1919 1736/1806/1920 1600/1805/1745
f 1728/1801/1917 1734/1807/1918 1735/1802/1921
f 1734/1807/1918 1737/1808/1922 1735/1802/1921
f 1735/1802/1921 1737/1808/1922 1736/1806/1923
f 1737/1808/1922 1738/1809/1924 1736/1806/1923
f 1736/1810/1920 1739/1811/1925 1601/1812/1746
f 1600/1813/1745 1736/1810/1920 1601/1812/1746
f 1601/1812/1746 1739/1811/1925 1707/1814/1858
f 1739/1811/1925 1740/1815/1926 1707/1814/1858
f 1736/1810/1923 1738/1816/1924 1739/1811/1927
f 1738/1816/1924 1741/1817/1928 1739/1811/1927
f 1739/1811/1927 1741/1817/1928 1740/1815/1929
f 1741/1817/1928 1742/1818/1930 1740/1815/1929
f 1744/1819/1931 1743/1820/1932 1597/1821/1742
f 1598/1822/1743 1744/1819/1931 1597/1821/1742
f 1744/1819/1933 1745/1823/1934 1743/1820/1935
f 1745/1823/1934 1746/1824/1936 1743/1820/1935
f 1743/1825/1932 1724/1826/1901 1595/1827/1740
f 1597/1828/1742 1743/1825/1932 1595/1827/1740
f 1743/1825/1935 1746/1829/1936 1724/1826/1907
f 1746/1829/1936 1729/1830/1908 1724/1826/1907
f 1747/1831/1937 1744/1832/1931 1598/1833/1743
f 1681/1834/1831 1747/1831/1937 1598/1833/1743
f 1747/1831/1938 1748/1835/1939 1744/1832/1933
f 1748/1835/1939 1745/1836/1934 1744/1832/1933
f 1740/1837/1926 1747/1838/1937 1681/1839/1831
f 1707/1751/1858 1740/1837/1926 1681/1839/1831
f 1740/1837/1929 1742/1840/1930 1747/1838/1938
f 1742/1840/1930 1748/1841/1939 1747/1838/1938
f 1416/1842/1557 1412/1843/1553 1425/1782/1566
f 1426/1781/1567 1416/1842/1557 1425/1782/1566
f 1691/1844/1842 1692/1845/1841 1730/1796/1940
f 1729/1795/1941 1691/1844/1842 1730/1796/1940
f 1730/1796/1940 1692/1845/1841 1731/1797/1942
f 1692/1845/1841 1693/1846/1844 1731/1797/1942
f 1731/1797/1942 1693/1846/1844 1732/1798/1943
f 1693/1846/1844 1694/1847/1845 1732/1798/1943
f 1732/1798/1943 1694/1847/1845 1733/1799/1944
f 1694/1847/1845 1695/1848/1846 1733/1799/1944
f 1733/1799/1944 1695/1848/1846 1734/1800/1945
f 1695/1848/1846 1696/1849/1847 1734/1800/1945
f 1696/1850/1847 1697/1851/1848 1737/1808/1946
f 1734/1807/1945 1696/1850/1847 1737/1808/1946
f 1737/1808/1946 1697/1851/1848 1738/1809/1947
f 1697/1851/1848 1698/1852/1849 1738/1809/1947
f 1698/1853/1849 1699/1854/1850 1741/1817/1948
f 1738/1816/1947 1698/1853/1849 1741/1817/1948
f 1741/1817/1948 1699/1854/1850 1742/1818/1949
f 1699/1854/1850 1703/1855/1854 1742/1818/1949
f 1701/1856/1852 1700/1857/1851 1746/1824/1950
f 1745/1823/1951 1701/1856/1852 1746/1824/1950
f 1700/1858/1851 1691/1859/1842 1729/1830/1941
f 1746/1829/1950 1700/1858/1851 1729/1830/1941
f 1702/1860/1853 1701/1861/1852 1745/1836/1951
f 1748/1835/1952 1702/1860/1853 1745/1836/1951
f 1703/1747/1854 1702/1862/1853 1748/1841/1952
f 1742/1840/1949 1703/1747/1854 1748/1841/1952
f 1751/1863/1953 1750/1864/1954 1749/1865/1955
f 1752/1866/1956 1751/1863/1953 1749/1865/1955
f 1753/1867/1957 1750/1864/1954 1751/1863/1953
f 1754/1868/1958 1753/1867/1957 1751/1863/1953
f 1752/1866/1956 1749/1865/1955 1755/1869/1959
f 1749/1865/1955 1756/1870/1960 1755/1869/1959
f 1757/1871/1961 1755/1869/1959 1756/1870/1960
f 1758/1872/1962 1757/1871/1961 1756/1870/1960
f 1758/1872/1962 1759/1873/1963 1757/1871/1961
f 1759/1873/1963 1760/1874/1964 1757/1871/1961
f 1761/1875/1965 1753/1867/1957 1754/1868/1958
f 1762/1876/1966 1761/1875/1965 1754/1868/1958
f 1761/1875/1965 1762/1876/1966 1763/1877/1967
f 1764/1878/1968 1761/1875/1965 1763/1877/1967
f 1764/1878/1968 1763/1877/1967 1765/1879/1969
f 1766/1880/1970 1764/1878/1968 1765/1879/1969
f 1759/1873/1963 1767/1881/1971 1760/1874/1964
f 1767/1881/1971 1768/1882/1972 1760/1874/1964
f 1768/1882/1972 1767/1881/1971 1769/1883/1973
f 1767/1881/1971 1770/1884/1974 1769/1883/1973
f 1769/1883/1973 1770/1884/1974 1771/1885/1975
f 1770/1884/1974 1772/1886/1976 1771/1885/1975
f 1763/1877/1967 1762/1876/1966 1773/1887/1977
f 1762/1876/1966 1774/1888/1978 1773/1887/1977
f 1773/1887/1977 1774/1888/1978 1775/1889/1979
f 1774/1888/1978 1776/1890/1980 1775/1889/1979
f 1775/1889/1979 1776/1890/1980 1777/1891/1981
f 1775/1889/1979 1777/1891/1981 1778/1892/1982
f 1779/1893/1983 1775/1889/1979 1778/1892/1982
f 1773/1887/1977 1775/1889/1979 1779/1893/1983
f 1776/1890/1980 1780/1894/1984 1777/1891/1981
f 1780/1894/1984 1776/1890/1980 1781/1895/1985
f 1776/1890/1980 1782/1896/1986 1781/1895/1985
f 1776/1890/1980 1774/1888/1978 1782/1896/1986
f 1781/1895/1985 1782/1896/1986 1783/1897/1987
f 1782/1896/1986 1784/1898/1988 1783/1897/1987
f 1783/1897/1987 1784/1898/1988 1785/1899/1989
f 1786/1900/1990 1783/1897/1987 1785/1899/1989
f 1786/1900/1990 1785/1899/1989 1787/1901/1991
f 1785/1899/1989 1788/1902/1992 1787/1901/1991
f 1789/1903/1993 1787/1901/1991 1788/1902/1992
f 1790/1904/1994 1789/1903/1993 1788/1902/1992
f 1790/1904/1994 1791/1905/1995 1789/1903/1993
f 1791/1905/1995 1792/1906/1996 1789/1903/1993
f 1792/1906/1996 1791/1905/1995 1793/1907/1997
f 1791/1905/1995 1794/1908/1998 1793/1907/1997
f 1793/1907/1997 1794/1908/1998 1795/1909/1999
f 1794/1908/1998 1796/1910/2000 1795/1909/1999
f 1795/1909/1999 1796/1910/2000 1797/1911/2001
f 1796/1910/2000 1798/1912/2002 1797/1911/2001
f 1794/1908/1998 1799/1913/2003 1796/1910/2000
f 1799/1913/2003 1794/1908/1998 1791/1905/1995
f 1799/1913/2003 1800/1914/2004 1796/1910/2000
f 1796/1910/2000 1800/1914/2004 1798/1912/2002
f 1801/1915/2005 1799/1913/2003 1791/1905/1995
f 1801/1915/2005 1791/1905/1995 1790/1904/1994
f 1802/1916/2006 1801/1915/2005 1790/1904/1994
f 1790/1904/1994 1788/1902/1992 1803/1917/2007
f 1802/1916/2006 1790/1904/1994 1803/1917/2007
f 1804/1918/2008 1803/1917/2007 1788/1902/1992
f 1800/1914/2004 1805/1919/2009 1798/1912/2002
f 1792/1906/1996 1793/1907/1997 1806/1920/2010
f 1792/1906/1996 1806/1920/2010 1807/1921/2011
f 1789/1903/1993 1792/1906/1996 1807/1921/2011
f 1789/1903/1993 1807/1921/2011 1787/1901/1991
f 1807/1921/2011 1808/1922/2012 1787/1901/1991
f 1786/1900/1990 1787/1901/1991 1808/1922/2012
f 1809/1923/2013 1786/1900/1990 1808/1922/2012
f 1786/1900/1990 1809/1923/2013 1783/1897/1987
f 1809/1923/2013 1810/1924/2014 1783/1897/1987
f 1781/1895/1985 1783/1897/1987 1810/1924/2014
f 1811/1925/2015 1781/1895/1985 1810/1924/2014
f 1780/1894/1984 1781/1895/1985 1811/1925/2015
f 1812/1926/2016 1780/1894/1984 1811/1925/2015
f 1780/1894/1984 1812/1926/2016 1813/1927/2017
f 1777/1891/1981 1780/1894/1984 1813/1927/2017
f 1777/1891/1981 1813/1927/2017 1814/1928/2018
f 1778/1892/1982 1777/1891/1981 1814/1928/2018
f 1815/1929/2019 1810/1924/2014 1809/1923/2013
f 1816/1930/2020 1815/1929/2019 1809/1923/2013
f 1817/1931/2021 1815/1929/2019 1816/1930/2020
f 1818/1932/2022 1817/1931/2021 1816/1930/2020
f 1819/1933/2023 1817/1931/2021 1818/1932/2022
f 1820/1934/2024 1819/1933/2023 1818/1932/2022
f 1821/1935/2025 1819/1933/2023 1820/1934/2024
f 1822/1936/2026 1821/1935/2025 1820/1934/2024
f 1811/1925/2015 1810/1924/2014 1815/1929/2019
f 1823/1937/2027 1811/1925/2015 1815/1929/2019
f 1823/1937/2027 1815/1929/2019 1817/1931/2021
f 1812/1926/2016 1811/1925/2015 1823/1937/2027
f 1824/1938/2028 1812/1926/2016 1823/1937/2027
f 1824/1938/2028 1823/1937/2027 1825/1939/2029
f 1825/1939/2029 1823/1937/2027 1817/1931/2021
f 1825/1939/2029 1817/1931/2021 1819/1933/2023
f 1826/1940/2030 1824/1938/2028 1825/1939/2029
f 1826/1940/2030 1825/1939/2029 1827/1941/2031
f 1827/1941/2031 1825/1939/2029 1819/1933/2023
f 1827/1941/2031 1819/1933/2023 1821/1935/2025
f 1828/1942/2032 1826/1940/2030 1827/1941/2031
f 1828/1942/2032 1827/1941/2031 1829/1943/2033
f 1829/1943/2033 1827/1941/2031 1821/1935/2025
f 1830/1944/2034 1828/1942/2032 1829/1943/2033
f 1820/1934/2024 1818/1932/2022 1831/1945/2035
f 1818/1932/2022 1832/1946/2036 1831/1945/2035
f 1818/1932/2022 1816/1930/2020 1832/1946/2036
f 1816/1930/2020 1833/1947/2037 1832/1946/2036
f 1816/1930/2020 1809/1923/2013 1833/1947/2037
f 1809/1923/2013 1808/1922/2012 1833/1947/2037
f 1834/1948/2038 1833/1947/2037 1808/1922/2012
f 1807/1921/2011 1834/1948/2038 1808/1922/2012
f 1835/1949/2039 1832/1946/2036 1833/1947/2037
f 1834/1948/2038 1835/1949/2039 1833/1947/2037
f 1836/1950/2040 1831/1945/2035 1832/1946/2036
f 1835/1949/2039 1836/1950/2040 1832/1946/2036
f 1836/1950/2040 1837/1951/2041 1831/1945/2035
f 1837/1951/2041 1838/1952/2042 1831/1945/2035
f 1820/1934/2024 1831/1945/2035 1838/1952/2042
f 1822/1936/2026 1820/1934/2024 1838/1952/2042
f 1807/1921/2011 1806/1920/2010 1834/1948/2038
f 1806/1920/2010 1839/1953/2043 1834/1948/2038
f 1834/1948/2038 1839/1953/2043 1835/1949/2039
f 1806/1920/2010 1840/1954/2044 1839/1953/2043
f 1840/1954/2044 1841/1955/2045 1839/1953/2043
f 1839/1953/2043 1841/1955/2045 1842/1956/2046
f 1839/1953/2043 1842/1956/2046 1835/1949/2039
f 1835/1949/2039 1842/1956/2046 1836/1950/2040
f 1841/1955/2045 1843/1957/2047 1842/1956/2046
f 1842/1956/2046 1843/1957/2047 1844/1958/2048
f 1842/1956/2046 1844/1958/2048 1836/1950/2040
f 1836/1950/2040 1844/1958/2048 1837/1951/2041
f 1843/1957/2047 1845/1959/2049 1844/1958/2048
f 1844/1958/2048 1845/1959/2049 1846/1960/2050
f 1844/1958/2048 1846/1960/2050 1837/1951/2041
f 1845/1959/2049 1847/1961/2051 1846/1960/2050
f 1841/1955/2045 1840/1954/2044 1848/1962/2052
f 1840/1954/2044 1849/1963/2053 1848/1962/2052
f 1841/1955/2045 1848/1962/2052 1850/1964/2054
f 1843/1957/2047 1841/1955/2045 1850/1964/2054
f 1843/1957/2047 1850/1964/2054 1851/1965/2055
f 1845/1959/2049 1843/1957/2047 1851/1965/2055
f 1845/1959/2049 1851/1965/2055 1847/1961/2051
f 1851/1965/2055 1852/1966/2056 1847/1961/2051
f 1848/1962/2052 1849/1963/2053 1853/1967/2057
f 1849/1963/2053 1854/1968/2058 1853/1967/2057
f 1848/1962/2052 1853/1967/2057 1855/1969/2059
f 1850/1964/2054 1848/1962/2052 1855/1969/2059
f 1850/1964/2054 1855/1969/2059 1856/1970/2060
f 1851/1965/2055 1850/1964/2054 1856/1970/2060
f 1851/1965/2055 1856/1970/2060 1852/1966/2056
f 1856/1970/2060 1857/1971/2061 1852/1966/2056
f 1852/1966/2056 1858/1972/2062 1847/1961/2051
f 1858/1972/2062 1859/1973/2063 1847/1961/2051
f 1847/1961/2051 1859/1973/2063 1846/1960/2050
f 1859/1973/2063 1860/1974/2064 1846/1960/2050
f 1846/1960/2050 1860/1974/2064 1837/1951/2041
f 1860/1974/2064 1861/1975/2065 1837/1951/2041
f 1837/1951/2041 1861/1975/2065 1838/1952/2042
f 1861/1975/2065 1862/1976/2066 1838/1952/2042
f 1838/1952/2042 1862/1976/2066 1822/1936/2067
f 1862/1976/2066 1863/1977/2068 1822/1936/2067
f 1822/1936/2067 1863/1977/2068 1821/1935/2025
f 1863/1977/2068 1864/1978/2069 1821/1935/2025
f 1821/1935/2025 1864/1978/2069 1829/1943/2033
f 1864/1978/2069 1865/1979/2070 1829/1943/2033
f 1829/1943/2033 1865/1979/2070 1830/1944/2034
f 1865/1979/2070 1866/1980/2071 1830/1944/2034
f 1830/1944/2034 1866/1980/2071 1867/1981/2072
f 1867/1981/2072 1868/1982/2073 1830/1944/2034
f 1869/1983/2074 1868/1982/2073 1867/1981/2072
f 1870/1984/2075 1868/1982/2073 1869/1983/2074
f 1871/1985/2076 1870/1984/2075 1869/1983/2074
f 1872/1986/2077 1870/1984/2075 1871/1985/2076
f 1873/1987/2078 1872/1986/2077 1871/1985/2076
f 1813/1927/2017 1872/1986/2077 1873/1987/2078
f 1814/1928/2018 1813/1927/2017 1873/1987/2078
f 1874/1988/2079 1869/1983/2074 1867/1981/2072
f 1813/1927/2017 1812/1926/2016 1872/1986/2077
f 1812/1926/2016 1824/1938/2028 1872/1986/2077
f 1872/1986/2077 1824/1938/2028 1870/1984/2075
f 1824/1938/2028 1826/1940/2030 1870/1984/2075
f 1870/1984/2075 1826/1940/2030 1868/1982/2073
f 1826/1940/2030 1828/1942/2032 1868/1982/2073
f 1868/1982/2073 1828/1942/2032 1830/1944/2034
f 1867/1981/2072 1875/1989/2080 1874/1988/2079
f 1866/1980/2071 1875/1989/2080 1867/1981/2072
f 1875/1989/2080 1876/1990/2081 1874/1988/2079
f 1874/1988/2079 1876/1990/2081 1877/1991/2082
f 1876/1990/2081 1878/1992/2083 1877/1991/2082
f 1877/1991/2082 1878/1992/2083 1879/1993/2084
f 1880/1994/2085 1877/1991/2082 1879/1993/2084
f 1880/1994/2085 1869/1983/2074 1877/1991/2082
f 1880/1994/2085 1881/1995/2086 1869/1983/2074
f 1881/1995/2086 1871/1985/2076 1869/1983/2074
f 1881/1995/2086 1882/1996/2087 1871/1985/2076
f 1882/1996/2087 1873/1987/2078 1871/1985/2076
f 1882/1996/2087 1883/1997/2088 1873/1987/2078
f 1883/1997/2088 1814/1928/2018 1873/1987/2078
f 1869/1983/2074 1874/1988/2079 1877/1991/2082
f 1884/1998/2089 1883/1997/2088 1882/1996/2087
f 1885/1999/2090 1884/1998/2089 1882/1996/2087
f 1885/1999/2090 1882/1996/2087 1881/1995/2086
f 1884/1998/2089 1885/1999/2090 1886/2000/2091
f 1887/2001/2092 1884/1998/2089 1886/2000/2091
f 1886/2000/2091 1885/1999/2090 1888/2002/2093
f 1885/1999/2090 1889/2003/2094 1888/2002/2093
f 1889/2003/2094 1885/1999/2090 1881/1995/2086
f 1889/2003/2094 1881/1995/2086 1880/1994/2085
f 1888/2002/2093 1889/2003/2094 1890/2004/2095
f 1889/2003/2094 1891/2005/2096 1890/2004/2095
f 1890/2004/2095 1891/2005/2096 1892/2006/2097
f 1891/2005/2096 1879/1993/2084 1892/2006/2097
f 1887/2001/2092 1886/2000/2091 1893/2007/2098
f 1894/2008/2099 1887/2001/2092 1893/2007/2098
f 1894/2008/2099 1893/2007/2098 1895/2009/2100
f 1893/2007/2098 1896/2010/2101 1895/2009/2100
f 1893/2007/2098 1897/2011/2102 1896/2010/2101
f 1886/2000/2091 1888/2002/2093 1897/2011/2102
f 1893/2007/2098 1886/2000/2091 1897/2011/2102
f 1897/2011/2102 1898/2012/2103 1896/2010/2101
f 1897/2011/2102 1899/2013/2104 1898/2012/2103
f 1888/2002/2093 1890/2004/2095 1899/2013/2104
f 1897/2011/2102 1888/2002/2093 1899/2013/2104
f 1899/2013/2104 1900/2014/2105 1898/2012/2103
f 1899/2013/2104 1901/2015/2106 1900/2014/2105
f 1890/2004/2095 1892/2006/2097 1901/2015/2106
f 1899/2013/2104 1890/2004/2095 1901/2015/2106
f 1901/2015/2106 1902/2016/2107 1900/2014/2105
f 1895/2009/2100 1896/2010/2101 1903/2017/2108
f 1904/2018/2109 1895/2009/2100 1903/2017/2108
f 1896/2010/2101 1898/2012/2103 1905/2019/2110
f 1903/2017/2108 1896/2010/2101 1905/2019/2110
f 1898/2012/2103 1900/2014/2105 1906/2020/2111
f 1905/2019/2110 1898/2012/2103 1906/2020/2111
f 1900/2014/2105 1902/2016/2107 1907/2021/2112
f 1906/2020/2111 1900/2014/2105 1907/2021/2112
f 1903/2017/2108 1908/2022/2113 1904/2018/2109
f 1908/2022/2113 1909/2023/2114 1904/2018/2109
f 1910/2024/2115 1908/2022/2113 1903/2017/2108
f 1905/2019/2110 1910/2024/2115 1903/2017/2108
f 1911/2025/2116 1910/2024/2115 1905/2019/2110
f 1906/2020/2111 1911/2025/2116 1905/2019/2110
f 1912/2026/2117 1911/2025/2116 1906/2020/2111
f 1907/2021/2112 1912/2026/2117 1906/2020/2111
f 1913/2027/2118 1909/2023/2114 1908/2022/2113
f 1914/2028/2119 1913/2027/2118 1908/2022/2113
f 1914/2028/2119 1908/2022/2113 1910/2024/2115
f 1915/2029/2120 1913/2027/2118 1914/2028/2119
f 1916/2030/2121 1915/2029/2120 1914/2028/2119
f 1916/2030/2121 1914/2028/2119 1917/2031/2122
f 1917/2031/2122 1914/2028/2119 1910/2024/2115
f 1917/2031/2122 1910/2024/2115 1911/2025/2116
f 1918/2032/2123 1916/2030/2121 1917/2031/2122
f 1918/2032/2123 1917/2031/2122 1919/2033/2124
f 1919/2033/2124 1917/2031/2122 1911/2025/2116
f 1919/2033/2124 1911/2025/2116 1912/2026/2117
f 1920/2034/2125 1918/2032/2123 1919/2033/2124
f 1920/2034/2125 1919/2033/2124 1921/2035/2126
f 1921/2035/2126 1919/2033/2124 1912/2026/2117
f 1922/2036/2127 1920/2034/2125 1921/2035/2126
f 1915/2029/2120 1916/2030/2121 1923/2037/2128
f 1924/2038/2129 1915/2029/2120 1923/2037/2128
f 1916/2030/2121 1918/2032/2123 1925/2039/2130
f 1923/2037/2128 1916/2030/2121 1925/2039/2130
f 1918/2032/2123 1920/2034/2125 1926/2040/2131
f 1925/2039/2130 1918/2032/2123 1926/2040/2131
f 1926/2040/2131 1920/2034/2125 1922/2036/2127
f 1927/2041/2132 1926/2040/2131 1922/2036/2127
f 1924/2038/2129 1923/2037/2128 1853/1967/2057
f 1854/1968/2058 1924/2038/2129 1853/1967/2057
f 1923/2037/2128 1925/2039/2130 1855/1969/2059
f 1853/1967/2057 1923/2037/2128 1855/1969/2059
f 1925/2039/2130 1926/2040/2131 1856/1970/2060
f 1855/1969/2059 1925/2039/2130 1856/1970/2060
f 1856/1970/2060 1926/2040/2131 1927/2041/2132
f 1857/1971/2061 1856/1970/2060 1927/2041/2132
f 1922/2036/2127 1928/2042/2133 1927/2041/2132
f 1929/2043/2134 1928/2042/2133 1922/2036/2127
f 1921/2035/2126 1929/2043/2134 1922/2036/2127
f 1930/2044/2135 1929/2043/2134 1921/2035/2126
f 1912/2026/2117 1930/2044/2135 1921/2035/2126
f 1931/2045/2136 1930/2044/2135 1912/2026/2117
f 1907/2021/2137 1931/2045/2136 1912/2026/2117
f 1932/2046/2138 1931/2045/2136 1907/2021/2137
f 1902/2016/2107 1932/2046/2138 1907/2021/2137
f 1933/2047/2139 1932/2046/2138 1902/2016/2107
f 1901/2015/2106 1933/2047/2139 1902/2016/2107
f 1934/2048/2140 1933/2047/2139 1901/2015/2106
f 1892/2006/2097 1934/2048/2140 1901/2015/2106
f 1935/2049/2141 1934/2048/2140 1892/2006/2097
f 1879/1993/2084 1935/2049/2141 1892/2006/2097
f 1878/1992/2083 1935/2049/2141 1879/1993/2084
f 1891/2005/2096 1880/1994/2085 1879/1993/2084
f 1891/2005/2096 1889/2003/2094 1880/1994/2085
f 1785/1899/1989 1804/1918/2008 1788/1902/1992
f 1804/1918/2008 1785/1899/1989 1936/2050/2142
f 1785/1899/1989 1784/1898/1988 1936/2050/2142
f 1937/2051/2143 1936/2050/2142 1784/1898/1988
f 1782/1896/1986 1937/2051/2143 1784/1898/1988
f 1774/1888/1978 1937/2051/2143 1782/1896/1986
f 1774/1888/1978 1762/1876/1966 1937/2051/2143
f 1762/1876/1966 1754/1868/1958 1937/2051/2143
f 1937/2051/2143 1754/1868/1958 1936/2050/2142
f 1804/1918/2008 1936/2050/2142 1751/1863/1953
f 1754/1868/1958 1751/1863/1953 1936/2050/2142
f 1752/1866/1956 1804/1918/2008 1751/1863/1953
f 1804/1918/2008 1752/1866/1956 1803/1917/2007
f 1752/1866/1956 1755/1869/1959 1803/1917/2007
f 1802/1916/2006 1803/1917/2007 1755/1869/1959
f 1757/1871/1961 1802/1916/2006 1755/1869/1959
f 1757/1871/1961 1760/1874/1964 1802/1916/2006
f 1760/1874/1964 1801/1915/2005 1802/1916/2006
f 1760/1874/1964 1768/1882/1972 1801/1915/2005
f 1768/1882/1972 1799/1913/2003 1801/1915/2005
f 1799/1913/2003 1768/1882/1972 1800/1914/2004
f 1768/1882/1972 1769/1883/1973 1800/1914/2004
f 1800/1914/2004 1769/1883/1973 1805/1919/2009
f 1769/1883/1973 1771/1885/1975 1805/1919/2009
f 1938/2052/2144 1773/1887/1977 1779/1893/1983
f 1763/1877/1967 1773/1887/1977 1938/2052/2144
f 1765/1879/1969 1763/1877/1967 1938/2052/2144
f 1795/1909/1999 1797/1911/2001 1854/1968/2058
f 1849/1963/2053 1795/1909/1999 1854/1968/2058
f 1793/1907/1997 1795/1909/1999 1849/1963/2053
f 1840/1954/2044 1793/1907/1997 1849/1963/2053
f 1793/1907/1997 1840/1954/2044 1806/1920/2010
f 1941/2053/2145 1940/2054/2146 1939/2055/2147
f 1942/2056/2148 1941/2053/2145 1939/2055/2147
f 1942/2056/2148 1943/2057/2149 1941/2053/2145
f 1943/2057/2149 1944/2058/2150 1941/2053/2145
f 1939/2055/2147 1940/2054/2146 1945/2059/2151
f 1946/2060/2152 1939/2055/2147 1945/2059/2151
f 1945/2059/2151 1947/2061/2153 1946/2060/2152
f 1947/2061/2153 1948/2062/2154 1946/2060/2152
f 1949/2063/2155 1948/2062/2154 1947/2061/2153
f 1950/2064/2156 1949/2063/2155 1947/2061/2153
f 1943/2057/2149 1951/2065/2157 1944/2058/2150
f 1951/2065/2157 1952/2066/2158 1944/2058/2150
f 1952/2066/2158 1951/2065/2157 1953/2067/2159
f 1951/2065/2157 1954/2068/2160 1953/2067/2159
f 1953/2067/2159 1954/2068/2160 1765/1879/1969
f 1954/2068/2160 1766/1880/1970 1765/1879/1969
f 1955/2069/2161 1949/2063/2155 1950/2064/2156
f 1956/2070/2162 1955/2069/2161 1950/2064/2156
f 1955/2069/2161 1956/2070/2162 1957/2071/2163
f 1958/2072/2164 1955/2069/2161 1957/2071/2163
f 1958/2072/2164 1957/2071/2163 1771/1885/1975
f 1772/1886/1976 1958/2072/2164 1771/1885/1975
f 1952/2066/2158 1953/2067/2159 1959/2073/2165
f 1960/2074/2166 1952/2066/2158 1959/2073/2165
f 1960/2074/2166 1959/2073/2165 1961/2075/2167
f 1962/2076/2168 1960/2074/2166 1961/2075/2167
f 1962/2076/2168 1961/2075/2167 1963/2077/2169
f 1963/2077/2169 1961/2075/2167 1778/1892/1982
f 1961/2075/2167 1779/1893/1983 1778/1892/1982
f 1961/2075/2167 1959/2073/2165 1779/1893/1983
f 1964/2078/2170 1962/2076/2168 1963/2077/2169
f 1962/2076/2168 1964/2078/2170 1965/2079/2171
f 1966/2080/2172 1962/2076/2168 1965/2079/2171
f 1960/2074/2166 1962/2076/2168 1966/2080/2172
f 1966/2080/2172 1965/2079/2171 1967/2081/2173
f 1968/2082/2174 1966/2080/2172 1967/2081/2173
f 1968/2082/2174 1967/2081/2173 1969/2083/2175
f 1967/2081/2173 1970/2084/2176 1969/2083/2175
f 1969/2083/2175 1970/2084/2176 1971/2085/2177
f 1972/2086/2178 1969/2083/2175 1971/2085/2177
f 1971/2085/2177 1973/2087/2179 1972/2086/2178
f 1973/2087/2179 1974/2088/2180 1972/2086/2178
f 1975/2089/2181 1974/2088/2180 1973/2087/2179
f 1976/2090/2182 1975/2089/2181 1973/2087/2179
f 1975/2089/2181 1976/2090/2182 1977/2091/2183
f 1978/2092/2184 1975/2089/2181 1977/2091/2183
f 1978/2092/2184 1977/2091/2183 1979/2093/2185
f 1980/2094/2186 1978/2092/2184 1979/2093/2185
f 1980/2094/2186 1979/2093/2185 1797/1911/2001
f 1798/1912/2002 1980/2094/2186 1797/1911/2001
f 1981/2095/2187 1978/2092/2184 1980/2094/2186
f 1978/2092/2184 1981/2095/2187 1975/2089/2181
f 1982/2096/2188 1981/2095/2187 1980/2094/2186
f 1982/2096/2188 1980/2094/2186 1798/1912/2002
f 1981/2095/2187 1983/2097/2189 1975/2089/2181
f 1975/2089/2181 1983/2097/2189 1974/2088/2180
f 1983/2097/2189 1984/2098/2190 1974/2088/2180
f 1974/2088/2180 1984/2098/2190 1985/2099/2191
f 1972/2086/2178 1974/2088/2180 1985/2099/2191
f 1985/2099/2191 1986/2100/2192 1972/2086/2178
f 1805/1919/2009 1982/2096/2188 1798/1912/2002
f 1797/1911/2001 1979/2093/2185 1854/1968/2058
f 1979/2093/2185 1924/2038/2129 1854/1968/2058
f 1979/2093/2185 1977/2091/2183 1924/2038/2129
f 1977/2091/2183 1915/2029/2120 1924/2038/2129
f 1915/2029/2120 1977/2091/2183 1913/2027/2118
f 1977/2091/2183 1976/2090/2182 1913/2027/2118
f 1913/2027/2118 1976/2090/2182 1909/2023/2114
f 1976/2090/2182 1973/2087/2179 1909/2023/2114
f 1909/2023/2114 1973/2087/2179 1971/2085/2177
f 1904/2018/2109 1909/2023/2114 1971/2085/2177
f 1971/2085/2177 1970/2084/2176 1904/2018/2109
f 1970/2084/2176 1895/2009/2100 1904/2018/2109
f 1895/2009/2100 1970/2084/2176 1967/2081/2173
f 1894/2008/2099 1895/2009/2100 1967/2081/2173
f 1967/2081/2173 1965/2079/2171 1894/2008/2099
f 1965/2079/2171 1887/2001/2092 1894/2008/2099
f 1965/2079/2171 1964/2078/2170 1887/2001/2092
f 1964/2078/2170 1884/1998/2089 1887/2001/2092
f 1884/1998/2089 1964/2078/2170 1883/1997/2088
f 1964/2078/2170 1963/2077/2169 1883/1997/2088
f 1883/1997/2088 1963/2077/2169 1814/1928/2018
f 1963/2077/2169 1778/1892/1982 1814/1928/2018
f 1986/2100/2192 1969/2083/2175 1972/2086/2178
f 1969/2083/2175 1986/2100/2192 1987/2101/2193
f 1968/2082/2174 1969/2083/2175 1987/2101/2193
f 1987/2101/2193 1988/2102/2194 1968/2082/2174
f 1988/2102/2194 1966/2080/2172 1968/2082/2174
f 1988/2102/2194 1960/2074/2166 1966/2080/2172
f 1952/2066/2158 1960/2074/2166 1988/2102/2194
f 1944/2058/2150 1952/2066/2158 1988/2102/2194
f 1944/2058/2150 1988/2102/2194 1987/2101/2193
f 1987/2101/2193 1986/2100/2192 1941/2053/2145
f 1941/2053/2145 1944/2058/2150 1987/2101/2193
f 1986/2100/2192 1940/2054/2146 1941/2053/2145
f 1940/2054/2146 1986/2100/2192 1985/2099/2191
f 1945/2059/2151 1940/2054/2146 1985/2099/2191
f 1985/2099/2191 1984/2098/2190 1945/2059/2151
f 1984/2098/2190 1947/2061/2153 1945/2059/2151
f 1950/2064/2156 1947/2061/2153 1984/2098/2190
f 1983/2097/2189 1950/2064/2156 1984/2098/2190
f 1956/2070/2162 1950/2064/2156 1983/2097/2189
f 1981/2095/2187 1956/2070/2162 1983/2097/2189
f 1956/2070/2162 1981/2095/2187 1982/2096/2188
f 1957/2071/2163 1956/2070/2162 1982/2096/2188
f 1957/2071/2163 1982/2096/2188 1805/1919/2009
f 1771/1885/1975 1957/2071/2163 1805/1919/2009
f 1959/2073/2165 1938/2052/2144 1779/1893/1983
f 1959/2073/2165 1953/2067/2159 1938/2052/2144
f 1953/2067/2159 1765/1879/1969 1938/2052/2144
f 1989/2103/2195 1858/1972/2062 1852/1966/2056
f 1857/1971/2061 1989/2103/2195 1852/1966/2056
f 1990/2104/2196 1989/2103/2195 1857/1971/2061
f 1927/2041/2132 1990/2104/2196 1857/1971/2061
f 1928/2042/2133 1990/2104/2196 1927/2041/2132
f 1993/2105/2197 1992/2106/2198 1991/2107/2199
f 1994/2108/2200 1993/2105/2197 1991/2107/2199
f 1993/2105/2197 1995/2109/2201 1992/2106/2198
f 1995/2109/2201 1996/2110/2202 1992/2106/2198
f 1994/2108/2200 1997/2111/2203 1993/2105/2197
f 1997/2111/2203 1998/2112/2204 1993/2105/2197
f 1993/2105/2197 1998/2112/2204 1995/2109/2201
f 1997/2111/2203 1999/2113/2205 1998/2112/2204
f 1999/2113/2205 2000/2114/2206 1998/2112/2204
f 1998/2112/2204 2000/2114/2206 2001/2115/2207
f 1998/2112/2204 2001/2115/2207 1995/2109/2201
f 2000/2114/2206 2002/2116/2208 2001/2115/2207
f 2000/2114/2206 1999/2113/2205 2003/2117/2209
f 1999/2113/2205 2004/2118/2210 2003/2117/2209
f 2000/2114/2206 2003/2117/2209 2005/2119/2211
f 2002/2116/2208 2000/2114/2206 2005/2119/2211
f 2004/2118/2210 2006/2120/2212 2003/2117/2209
f 2006/2120/2212 2007/2121/2213 2003/2117/2209
f 2003/2117/2209 2007/2121/2213 2005/2119/2211
f 2007/2121/2213 2006/2120/2212 2008/2122/2214
f 2006/2120/2212 2009/2123/2215 2008/2122/2214
f 2007/2121/2213 2008/2122/2214 2010/2124/2216
f 2011/2125/2217 2007/2121/2213 2010/2124/2216
f 2007/2121/2213 2011/2125/2217 2005/2119/2211
f 2008/2122/2214 2009/2123/2215 2012/2126/2218
f 2009/2123/2215 2013/2127/2219 2012/2126/2218
f 2012/2126/2218 2013/2127/2219 2014/2128/2220
f 2015/2129/2221 2012/2126/2218 2014/2128/2220
f 2016/2130/2222 2012/2126/2218 2015/2129/2221
f 2008/2122/2214 2012/2126/2218 2016/2130/2222
f 2010/2124/2216 2008/2122/2214 2016/2130/2222
f 2017/2131/2223 2016/2130/2222 2015/2129/2221
f 2015/2129/2221 2014/2128/2220 2018/2132/2224
f 2014/2128/2220 2019/2133/2225 2018/2132/2224
f 2015/2129/2221 2018/2132/2224 2020/2134/2226
f 2017/2131/2223 2015/2129/2221 2020/2134/2226
f 2021/2135/2227 2018/2132/2224 2019/2133/2225
f 2022/2136/2228 2021/2135/2227 2019/2133/2225
f 2023/2137/2229 2020/2134/2226 2018/2132/2224
f 2021/2135/2227 2023/2137/2229 2018/2132/2224
f 2022/2136/2228 2024/2138/2230 2021/2135/2227
f 2024/2138/2230 2025/2139/2231 2021/2135/2227
f 2021/2135/2227 2025/2139/2231 2023/2137/2229
f 2024/2138/2230 2026/2140/2232 2025/2139/2231
f 2026/2140/2232 2027/2141/2233 2025/2139/2231
f 2025/2139/2231 2027/2141/2233 2028/2142/2234
f 2025/2139/2231 2028/2142/2234 2023/2137/2229
f 2027/2141/2233 2029/2143/2235 2028/2142/2234
f 2027/2141/2233 2026/2140/2232 2030/2144/2236
f 2026/2140/2232 2031/2145/2237 2030/2144/2236
f 2031/2145/2237 2032/2146/2238 2030/2144/2236
f 2032/2146/2238 2033/2147/2239 2030/2144/2236
f 2033/2147/2239 2032/2146/2238 2034/2148/2240
f 2032/2146/2238 2035/2149/2241 2034/2148/2240
f 2033/2147/2239 2034/2148/2240 2036/2150/2242
f 2037/2151/2243 2033/2147/2239 2036/2150/2242
f 2033/2147/2239 2037/2151/2243 2038/2152/2244
f 2030/2144/2236 2033/2147/2239 2038/2152/2244
f 2027/2141/2233 2030/2144/2236 2038/2152/2244
f 2029/2143/2235 2027/2141/2233 2038/2152/2244
f 2034/2148/2240 2035/2149/2241 2039/2153/2245
f 2035/2149/2241 2040/2154/2246 2039/2153/2245
f 2039/2153/2245 2040/2154/2246 2041/2155/2247
f 2042/2156/2248 2039/2153/2245 2041/2155/2247
f 1992/2106/2198 2042/2156/2248 2041/2155/2247
f 1992/2106/2198 1996/2110/2202 2042/2156/2248
f 1996/2110/2202 2043/2157/2249 2042/2156/2248
f 1991/2107/2199 1992/2106/2198 2041/2155/2247
f 2044/2158/2250 2039/2153/2245 2042/2156/2248
f 2043/2157/2249 2044/2158/2250 2042/2156/2248
f 2034/2148/2240 2039/2153/2245 2044/2158/2250
f 2036/2150/2242 2034/2148/2240 2044/2158/2250
f 2046/2159/2251 2045/2160/2252 1996/2110/2202
f 1995/2109/2201 2046/2159/2251 1996/2110/2202
f 2046/2159/2251 2047/2161/2253 2045/2160/2252
f 2047/2161/2253 2048/2162/2254 2045/2160/2252
f 2047/2161/2253 2049/2163/2255 2048/2162/2254
f 2049/2163/2255 2050/2164/2256 2048/2162/2254
f 2049/2163/2255 2051/2165/2257 2050/2164/2256
f 2051/2165/2257 2052/2166/2258 2050/2164/2256
f 2052/2166/2258 2051/2165/2257 2053/2167/2259
f 2051/2165/2257 2054/2168/2260 2053/2167/2259
f 2054/2168/2260 2055/2169/2261 2053/2167/2259
f 2055/2169/2261 2056/2170/2262 2053/2167/2259
f 2057/2171/2263 2055/2169/2261 2054/2168/2260
f 2058/2172/2264 2057/2171/2263 2054/2168/2260
f 2058/2172/2264 2054/2168/2260 2051/2165/2257
f 2049/2163/2255 2058/2172/2264 2051/2165/2257
f 2059/2173/2265 2057/2171/2263 2058/2172/2264
f 2060/2174/2266 2059/2173/2265 2058/2172/2264
f 2060/2174/2266 2058/2172/2264 2049/2163/2255
f 2047/2161/2253 2060/2174/2266 2049/2163/2255
f 2061/2175/2267 2059/2173/2265 2060/2174/2266
f 2062/2176/2268 2061/2175/2267 2060/2174/2266
f 2062/2176/2268 2060/2174/2266 2047/2161/2253
f 2002/2116/2208 2061/2175/2267 2062/2176/2268
f 2001/2115/2207 2002/2116/2208 2062/2176/2268
f 2061/2175/2267 2002/2116/2208 2063/2177/2269
f 2002/2116/2208 2005/2119/2211 2063/2177/2269
f 2061/2175/2267 2063/2177/2269 2064/2178/2270
f 2059/2173/2265 2061/2175/2267 2064/2178/2270
f 2059/2173/2265 2064/2178/2270 2065/2179/2271
f 2057/2171/2263 2059/2173/2265 2065/2179/2271
f 2065/2179/2271 2056/2170/2262 2055/2169/2261
f 2057/2171/2263 2065/2179/2271 2055/2169/2261
f 2001/2115/2207 2062/2176/2268 2046/2159/2251
f 1995/2109/2201 2001/2115/2207 2046/2159/2251
f 2046/2159/2251 2062/2176/2268 2047/2161/2253
f 2005/2119/2211 2011/2125/2217 2063/2177/2269
f 2011/2125/2217 2066/2180/2272 2063/2177/2269
f 2063/2177/2269 2066/2180/2272 2064/2178/2270
f 2066/2180/2272 2011/2125/2217 2067/2181/2273
f 2011/2125/2217 2010/2124/2216 2067/2181/2273
f 2066/2180/2272 2067/2181/2273 2068/2182/2274
f 2069/2183/2275 2066/2180/2272 2068/2182/2274
f 2066/2180/2272 2069/2183/2275 2064/2178/2270
f 2064/2178/2270 2069/2183/2275 2065/2179/2271
f 2069/2183/2275 2068/2182/2274 2070/2184/2276
f 2071/2185/2277 2069/2183/2275 2070/2184/2276
f 2069/2183/2275 2071/2185/2277 2065/2179/2271
f 2071/2185/2277 2070/2184/2276 2072/2186/2278
f 2073/2187/2279 2071/2185/2277 2072/2186/2278
f 2065/2179/2271 2071/2185/2277 2073/2187/2279
f 2073/2187/2279 2072/2186/2278 2053/2167/2259
f 2072/2186/2278 2074/2188/2280 2053/2167/2259
f 2072/2186/2278 2070/2184/2276 2074/2188/2280
f 2074/2188/2280 2075/2189/2281 2053/2167/2259
f 2075/2189/2281 2074/2188/2280 2076/2190/2282
f 2074/2188/2280 2077/2191/2283 2076/2190/2282
f 2070/2184/2276 2068/2182/2274 2077/2191/2283
f 2070/2184/2276 2077/2191/2283 2074/2188/2280
f 2076/2190/2282 2077/2191/2283 2078/2192/2284
f 2077/2191/2283 2079/2193/2285 2078/2192/2284
f 2068/2182/2274 2067/2181/2273 2079/2193/2285
f 2068/2182/2274 2079/2193/2285 2077/2191/2283
f 2078/2192/2284 2079/2193/2285 2080/2194/2286
f 2079/2193/2285 2081/2195/2287 2080/2194/2286
f 2080/2194/2286 2081/2195/2287 2017/2131/2223
f 2081/2195/2287 2016/2130/2222 2017/2131/2223
f 2056/2170/2262 2073/2187/2279 2053/2167/2259
f 2056/2170/2262 2065/2179/2271 2073/2187/2279
f 2010/2124/2216 2016/2130/2222 2081/2195/2287
f 2067/2181/2273 2010/2124/2216 2081/2195/2287
f 2067/2181/2273 2081/2195/2287 2079/2193/2285
f 2080/2194/2286 2017/2131/2223 2082/2196/2288
f 2017/2131/2223 2020/2134/2226 2082/2196/2288
f 2080/2194/2286 2082/2196/2288 2083/2197/2289
f 2078/2192/2284 2080/2194/2286 2083/2197/2289
f 2078/2192/2284 2083/2197/2289 2084/2198/2290
f 2076/2190/2282 2078/2192/2284 2084/2198/2290
f 2076/2190/2282 2084/2198/2290 2085/2199/2291
f 2075/2189/2281 2076/2190/2282 2085/2199/2291
f 2075/2189/2281 2085/2199/2291 2086/2200/2292
f 2053/2167/2259 2075/2189/2281 2086/2200/2292
f 2053/2167/2259 2086/2200/2292 2087/2201/2293
f 2052/2166/2258 2053/2167/2259 2087/2201/2293
f 2052/2166/2258 2087/2201/2293 2088/2202/2294
f 2050/2164/2256 2052/2166/2258 2088/2202/2294
f 2050/2164/2256 2088/2202/2294 2089/2203/2295
f 2048/2162/2254 2050/2164/2256 2089/2203/2295
f 2048/2162/2254 2089/2203/2295 2090/2204/2296
f 2045/2160/2252 2048/2162/2254 2090/2204/2296
f 2045/2160/2252 2090/2204/2296 2043/2157/2249
f 1996/2110/2202 2045/2160/2252 2043/2157/2249
f 2090/2204/2296 2091/2205/2297 2043/2157/2249
f 2091/2205/2297 2044/2158/2250 2043/2157/2249
f 2092/2206/2298 2091/2205/2297 2090/2204/2296
f 2089/2203/2295 2092/2206/2298 2090/2204/2296
f 2093/2207/2299 2092/2206/2298 2089/2203/2295
f 2088/2202/2294 2093/2207/2299 2089/2203/2295
f 2094/2208/2300 2093/2207/2299 2088/2202/2294
f 2087/2201/2293 2094/2208/2300 2088/2202/2294
f 2094/2208/2300 2087/2201/2293 2086/2200/2292
f 2095/2209/2301 2094/2208/2300 2086/2200/2292
f 2096/2210/2302 2095/2209/2301 2086/2200/2292
f 2097/2211/2303 2096/2210/2302 2086/2200/2292
f 2096/2210/2302 2098/2212/2304 2095/2209/2301
f 2098/2212/2304 2099/2213/2305 2095/2209/2301
f 2099/2213/2305 2093/2207/2299 2094/2208/2300
f 2095/2209/2301 2099/2213/2305 2094/2208/2300
f 2098/2212/2304 2100/2214/2306 2099/2213/2305
f 2100/2214/2306 2101/2215/2307 2099/2213/2305
f 2101/2215/2307 2092/2206/2298 2093/2207/2299
f 2099/2213/2305 2101/2215/2307 2093/2207/2299
f 2100/2214/2306 2102/2216/2308 2101/2215/2307
f 2102/2216/2308 2103/2217/2309 2101/2215/2307
f 2103/2217/2309 2091/2205/2297 2092/2206/2298
f 2101/2215/2307 2103/2217/2309 2092/2206/2298
f 2102/2216/2308 2037/2151/2243 2103/2217/2309
f 2037/2151/2243 2036/2150/2242 2103/2217/2309
f 2037/2151/2243 2102/2216/2308 2104/2218/2310
f 2038/2152/2244 2037/2151/2243 2104/2218/2310
f 2102/2216/2308 2100/2214/2306 2105/2219/2311
f 2104/2218/2310 2102/2216/2308 2105/2219/2311
f 2100/2214/2306 2098/2212/2304 2106/2220/2312
f 2105/2219/2311 2100/2214/2306 2106/2220/2312
f 2106/2220/2312 2098/2212/2304 2096/2210/2302
f 2097/2211/2303 2106/2220/2312 2096/2210/2302
f 2103/2217/2309 2036/2150/2242 2091/2205/2297
f 2036/2150/2242 2044/2158/2250 2091/2205/2297
f 2029/2143/2235 2038/2152/2244 2104/2218/2310
f 2107/2221/2313 2029/2143/2235 2104/2218/2310
f 2107/2221/2313 2104/2218/2310 2105/2219/2311
f 2029/2143/2235 2107/2221/2313 2108/2222/2314
f 2028/2142/2234 2029/2143/2235 2108/2222/2314
f 2108/2222/2314 2107/2221/2313 2109/2223/2315
f 2107/2221/2313 2110/2224/2316 2109/2223/2315
f 2110/2224/2316 2107/2221/2313 2105/2219/2311
f 2110/2224/2316 2105/2219/2311 2106/2220/2312
f 2109/2223/2315 2110/2224/2316 2111/2225/2317
f 2110/2224/2316 2112/2226/2318 2111/2225/2317
f 2112/2226/2318 2110/2224/2316 2106/2220/2312
f 2111/2225/2317 2112/2226/2318 2113/2227/2319
f 2112/2226/2318 2114/2228/2320 2113/2227/2319
f 2112/2226/2318 2106/2220/2312 2114/2228/2320
f 2113/2227/2319 2114/2228/2320 2086/2200/2292
f 2115/2229/2321 2113/2227/2319 2086/2200/2292
f 2111/2225/2317 2113/2227/2319 2115/2229/2321
f 2085/2199/2291 2115/2229/2321 2086/2200/2292
f 2115/2229/2321 2085/2199/2291 2084/2198/2290
f 2116/2230/2322 2115/2229/2321 2084/2198/2290
f 2109/2223/2315 2111/2225/2317 2116/2230/2322
f 2116/2230/2322 2111/2225/2317 2115/2229/2321
f 2116/2230/2322 2084/2198/2290 2083/2197/2289
f 2117/2231/2323 2116/2230/2322 2083/2197/2289
f 2108/2222/2314 2109/2223/2315 2117/2231/2323
f 2117/2231/2323 2109/2223/2315 2116/2230/2322
f 2117/2231/2323 2083/2197/2289 2082/2196/2288
f 2118/2232/2324 2117/2231/2323 2082/2196/2288
f 2118/2232/2324 2082/2196/2288 2020/2134/2226
f 2023/2137/2229 2118/2232/2324 2020/2134/2226
f 2114/2228/2320 2097/2211/2303 2086/2200/2292
f 2106/2220/2312 2097/2211/2303 2114/2228/2320
f 2023/2137/2229 2028/2142/2234 2118/2232/2324
f 2028/2142/2234 2108/2222/2314 2118/2232/2324
f 2118/2232/2324 2108/2222/2314 2117/2231/2323
f 2121/2233/2325 2120/2234/2326 2119/2235/2327
f 2121/2233/2325 2119/2235/2327 1997/2236/2328
f 2122/2237/2329 2121/2233/2325 1997/2236/2328
f 2120/2234/2326 2121/2233/2325 2122/2237/2330
f 1999/2238/2331 2120/2234/2326 2122/2237/2330
f 2119/2235/2327 2120/2234/2326 1999/2238/2332
f 1997/2236/2333 2119/2235/2327 1999/2238/2332
f 2125/2239/2334 2124/2240/2335 2123/2241/2336
f 2126/2242/2337 2125/2239/2334 2123/2241/2336
f 2127/2243/2338 2125/2239/2334 2126/2242/2337
f 2128/2244/2339 2127/2243/2338 2126/2242/2337
f 2129/2245/2340 2127/2243/2338 2128/2244/2339
f 2122/2246/2330 2129/2245/2340 2128/2244/2339
f 2130/2247/2341 2129/2245/2340 2122/2246/2330
f 1997/2248/2342 2130/2247/2341 2122/2246/2330
f 2131/2249/2343 2130/2247/2341 1997/2248/2342
f 1994/2250/2344 2131/2249/2343 1997/2248/2342
f 2132/2251/2345 2131/2249/2343 1994/2250/2344
f 1991/2252/2346 2132/2251/2345 1994/2250/2344
f 2124/2240/2335 2132/2251/2345 1991/2252/2346
f 2123/2241/2336 2124/2240/2335 1991/2252/2346
f 2125/2239/2334 2133/2253/2347 2124/2240/2335
f 2127/2243/2338 2133/2253/2347 2125/2239/2334
f 2129/2245/2340 2133/2253/2347 2127/2243/2338
f 2130/2247/2341 2133/2253/2347 2129/2245/2340
f 2131/2249/2343 2133/2253/2347 2130/2247/2341
f 2132/2251/2345 2133/2253/2347 2131/2249/2343
f 2124/2240/2335 2133/2253/2347 2132/2251/2345
f 2135/2254/2348 2134/2255/2349 2004/2256/2350
f 1999/2257/2331 2135/2254/2348 2004/2256/2350
f 2136/2258/2351 2135/2254/2348 1999/2257/2331
f 2122/2259/2330 2136/2258/2351 1999/2257/2331
f 2137/2260/2352 2136/2258/2351 2122/2259/2330
f 2128/2261/2339 2137/2260/2352 2122/2259/2330
f 2138/2262/2353 2137/2260/2352 2128/2261/2339
f 2139/2263/2354 2138/2262/2353 2128/2261/2339
f 2135/2254/2348 2140/2264/2355 2134/2255/2349
f 2136/2258/2351 2140/2264/2355 2135/2254/2348
f 2137/2260/2352 2140/2264/2355 2136/2258/2351
f 2138/2262/2353 2140/2264/2355 2137/2260/2352
f 2142/2265/2356 2141/2266/2357 2139/2267/2354
f 2128/2268/2339 2142/2265/2356 2139/2267/2354
f 2143/2269/2358 2142/2265/2356 2128/2268/2339
f 2126/2270/2337 2143/2269/2358 2128/2268/2339
f 2142/2265/2356 2144/2271/2359 2141/2266/2357
f 2144/2271/2359 2145/2272/2360 2141/2266/2357
f 2146/2273/2361 2144/2271/2359 2142/2265/2356
f 2143/2269/2358 2146/2273/2361 2142/2265/2356
f 2144/2271/2359 2147/2274/2362 2145/2272/2360
f 2146/2273/2361 2147/2274/2362 2144/2271/2359
f 2149/2275/2363 2148/2276/2364 2123/2277/2365
f 1991/2278/2366 2149/2275/2363 2123/2277/2365
f 2149/2275/2363 1991/2278/2367 2150/2279/2368
f 2149/2275/2363 2150/2279/2368 2148/2276/2364
f 2148/2276/2364 2150/2279/2368 2123/2277/2369
f 1991/2278/2367 2041/2280/2367 2150/2279/2368
f 2150/2279/2368 2041/2280/2370 2123/2277/2369
f 2153/2281/2371 2152/2282/2372 2151/2283/2373
f 2151/2283/2373 2152/2282/2372 2009/2284/2374
f 2152/2282/2372 2154/2285/2375 2009/2284/2374
f 2152/2282/2372 2153/2281/2371 2154/2285/2376
f 2153/2281/2371 2006/2286/2377 2154/2285/2376
f 2151/2283/2373 2009/2284/2378 2006/2286/2379
f 2153/2281/2371 2151/2283/2373 2006/2286/2379
f 2157/2287/2380 2156/2288/2381 2155/2289/2382
f 2158/2290/2383 2157/2287/2380 2155/2289/2382
f 2157/2287/2380 2159/2291/2384 2156/2288/2381
f 2159/2291/2384 2160/2292/2385 2156/2288/2381
f 2159/2291/2384 2161/2293/2386 2160/2292/2385
f 2161/2293/2386 2154/2294/2376 2160/2292/2385
f 2161/2293/2386 2162/2295/2387 2154/2294/2376
f 2162/2295/2387 2009/2296/2388 2154/2294/2376
f 2162/2295/2387 2163/2297/2389 2009/2296/2388
f 2163/2297/2389 2013/2298/2390 2009/2296/2388
f 2163/2297/2389 2164/2299/2391 2013/2298/2390
f 2164/2299/2391 2014/2300/2392 2013/2298/2390
f 2158/2290/2383 2155/2289/2382 2014/2300/2392
f 2164/2299/2391 2158/2290/2383 2014/2300/2392
f 2165/2301/2393 2157/2287/2380 2158/2290/2383
f 2165/2301/2393 2159/2291/2384 2157/2287/2380
f 2165/2301/2393 2161/2293/2386 2159/2291/2384
f 2165/2301/2393 2162/2295/2387 2161/2293/2386
f 2165/2301/2393 2163/2297/2389 2162/2295/2387
f 2165/2301/2393 2164/2299/2391 2163/2297/2389
f 2165/2301/2393 2158/2290/2383 2164/2299/2391
f 2166/2302/2394 2006/2303/2377 2004/2256/2350
f 2134/2255/2349 2166/2302/2394 2004/2256/2350
f 2166/2302/2394 2167/2304/2395 2006/2303/2377
f 2167/2304/2395 2154/2305/2376 2006/2303/2377
f 2167/2304/2395 2168/2306/2396 2154/2305/2376
f 2168/2306/2396 2160/2307/2385 2154/2305/2376
f 2168/2306/2396 2138/2262/2353 2160/2307/2385
f 2138/2262/2353 2139/2263/2354 2160/2307/2385
f 2140/2264/2355 2166/2302/2394 2134/2255/2349
f 2140/2264/2355 2167/2304/2395 2166/2302/2394
f 2140/2264/2355 2168/2306/2396 2167/2304/2395
f 2140/2264/2355 2138/2262/2353 2168/2306/2396
f 2169/2308/2397 2160/2309/2385 2139/2267/2354
f 2141/2266/2357 2169/2308/2397 2139/2267/2354
f 2169/2308/2397 2170/2310/2398 2160/2309/2385
f 2170/2310/2398 2156/2311/2381 2160/2309/2385
f 2171/2312/2399 2169/2308/2397 2141/2266/2357
f 2145/2272/2360 2171/2312/2399 2141/2266/2357
f 2172/2313/2400 2170/2310/2398 2169/2308/2397
f 2171/2312/2399 2172/2313/2400 2169/2308/2397
f 2147/2274/2362 2171/2312/2399 2145/2272/2360
f 2147/2274/2362 2172/2313/2400 2171/2312/2399
f 2173/2314/2401 2014/2315/2402 2155/2316/2403
f 2174/2317/2404 2173/2314/2401 2155/2316/2403
f 2173/2314/2401 2174/2317/2404 2175/2318/2405
f 2175/2318/2405 2174/2317/2404 2155/2316/2406
f 2173/2314/2401 2175/2318/2405 2019/2319/2407
f 2014/2315/2407 2173/2314/2401 2019/2319/2407
f 2019/2319/2408 2175/2318/2405 2155/2316/2406
f 2178/2320/2409 2177/2321/2410 2176/2322/2411
f 2176/2322/2411 2177/2321/2410 2035/2323/2412
f 2177/2321/2410 2179/2324/2413 2035/2323/2412
f 2177/2321/2410 2178/2320/2409 2179/2324/2414
f 2178/2320/2409 2032/2325/2415 2179/2324/2414
f 2176/2322/2411 2035/2323/2416 2032/2325/2417
f 2178/2320/2409 2176/2322/2411 2032/2325/2417
f 2180/2326/2418 2126/2242/2337 2123/2241/2419
f 2181/2327/2420 2180/2326/2418 2123/2241/2419
f 2180/2326/2418 2182/2328/2421 2126/2242/2337
f 2182/2328/2421 2183/2329/2422 2126/2242/2337
f 2182/2328/2421 2184/2330/2423 2183/2329/2422
f 2184/2330/2423 2179/2331/2414 2183/2329/2422
f 2184/2330/2423 2185/2332/2424 2179/2331/2414
f 2185/2332/2424 2035/2333/2425 2179/2331/2414
f 2185/2332/2424 2186/2334/2426 2035/2333/2425
f 2186/2334/2426 2040/2335/2427 2035/2333/2425
f 2186/2334/2426 2187/2336/2428 2040/2335/2427
f 2187/2336/2428 2041/2337/2429 2040/2335/2427
f 2181/2327/2420 2123/2241/2419 2041/2337/2429
f 2187/2336/2428 2181/2327/2420 2041/2337/2429
f 2188/2338/2430 2180/2326/2418 2181/2327/2420
f 2188/2338/2430 2182/2328/2421 2180/2326/2418
f 2188/2338/2430 2184/2330/2423 2182/2328/2421
f 2188/2338/2430 2185/2332/2424 2184/2330/2423
f 2188/2338/2430 2186/2334/2426 2185/2332/2424
f 2188/2338/2430 2187/2336/2428 2186/2334/2426
f 2188/2338/2430 2181/2327/2420 2187/2336/2428
f 2189/2339/2431 2032/2340/2415 2031/2341/2432
f 2190/2342/2433 2189/2339/2431 2031/2341/2432
f 2189/2339/2431 2191/2343/2434 2032/2340/2415
f 2191/2343/2434 2179/2344/2414 2032/2340/2415
f 2191/2343/2434 2192/2345/2435 2179/2344/2414
f 2192/2345/2435 2183/2346/2422 2179/2344/2414
f 2192/2345/2435 2193/2347/2436 2183/2346/2422
f 2193/2347/2436 2194/2348/2437 2183/2346/2422
f 2195/2349/2438 2189/2339/2431 2190/2342/2433
f 2195/2349/2438 2191/2343/2434 2189/2339/2431
f 2195/2349/2438 2192/2345/2435 2191/2343/2434
f 2195/2349/2438 2193/2347/2436 2192/2345/2435
f 2196/2350/2439 2183/2351/2422 2194/2352/2437
f 2197/2353/2440 2196/2350/2439 2194/2352/2437
f 2196/2350/2439 2143/2269/2358 2183/2351/2422
f 2143/2269/2358 2126/2270/2337 2183/2351/2422
f 2198/2354/2441 2196/2350/2439 2197/2353/2440
f 2199/2355/2442 2198/2354/2441 2197/2353/2440
f 2146/2273/2361 2143/2269/2358 2196/2350/2439
f 2198/2354/2441 2146/2273/2361 2196/2350/2439
f 2147/2274/2362 2198/2354/2441 2199/2355/2442
f 2147/2274/2362 2146/2273/2361 2198/2354/2441
f 2202/2356/2443 2201/2357/2444 2200/2358/2445
f 2202/2356/2443 2200/2358/2445 2024/2359/2446
f 2203/2360/2447 2202/2356/2443 2024/2359/2446
f 2201/2357/2444 2202/2356/2443 2203/2360/2448
f 2026/2361/2449 2201/2357/2444 2203/2360/2448
f 2200/2358/2445 2201/2357/2444 2026/2361/2450
f 2024/2359/2451 2200/2358/2445 2026/2361/2450
f 2205/2362/2452 2204/2363/2453 2155/2289/2454
f 2156/2288/2381 2205/2362/2452 2155/2289/2454
f 2206/2364/2455 2205/2362/2452 2156/2288/2381
f 2207/2365/2456 2206/2364/2455 2156/2288/2381
f 2208/2366/2457 2206/2364/2455 2207/2365/2456
f 2203/2367/2448 2208/2366/2457 2207/2365/2456
f 2209/2368/2458 2208/2366/2457 2203/2367/2448
f 2024/2369/2459 2209/2368/2458 2203/2367/2448
f 2210/2370/2460 2209/2368/2458 2024/2369/2459
f 2022/2371/2461 2210/2370/2460 2024/2369/2459
f 2211/2372/2462 2210/2370/2460 2022/2371/2461
f 2019/2373/2463 2211/2372/2462 2022/2371/2461
f 2204/2363/2453 2211/2372/2462 2019/2373/2463
f 2155/2289/2454 2204/2363/2453 2019/2373/2463
f 2205/2362/2452 2212/2374/2464 2204/2363/2453
f 2206/2364/2455 2212/2374/2464 2205/2362/2452
f 2208/2366/2457 2212/2374/2464 2206/2364/2455
f 2209/2368/2458 2212/2374/2464 2208/2366/2457
f 2210/2370/2460 2212/2374/2464 2209/2368/2458
f 2211/2372/2462 2212/2374/2464 2210/2370/2460
f 2204/2363/2453 2212/2374/2464 2211/2372/2462
f 2213/2375/2465 2190/2342/2433 2031/2341/2432
f 2026/2376/2449 2213/2375/2465 2031/2341/2432
f 2214/2377/2466 2213/2375/2465 2026/2376/2449
f 2203/2378/2448 2214/2377/2466 2026/2376/2449
f 2215/2379/2467 2214/2377/2466 2203/2378/2448
f 2207/2380/2456 2215/2379/2467 2203/2378/2448
f 2193/2347/2436 2215/2379/2467 2207/2380/2456
f 2194/2348/2437 2193/2347/2436 2207/2380/2456
f 2213/2375/2465 2195/2349/2438 2190/2342/2433
f 2214/2377/2466 2195/2349/2438 2213/2375/2465
f 2215/2379/2467 2195/2349/2438 2214/2377/2466
f 2193/2347/2436 2195/2349/2438 2215/2379/2467
f 2216/2381/2468 2197/2353/2440 2194/2352/2437
f 2207/2382/2456 2216/2381/2468 2194/2352/2437
f 2170/2310/2398 2216/2381/2468 2207/2382/2456
f 2156/2311/2381 2170/2310/2398 2207/2382/2456
f 2216/2381/2468 2217/2383/2469 2197/2353/2440
f 2217/2383/2469 2199/2355/2442 2197/2353/2440
f 2172/2313/2400 2217/2383/2469 2216/2381/2468
f 2170/2310/2398 2172/2313/2400 2216/2381/2468
f 2217/2383/2469 2147/2274/2362 2199/2355/2442
f 2172/2313/2400 2147/2274/2362 2217/2383/2469
f 2220/2384/2470 2219/2385/2471 2218/2386/2472
f 2221/2387/2473 2220/2384/2470 2218/2386/2472
f 2222/2388/2474 2220/2384/2470 2221/2387/2473
f 2223/2389/2475 2222/2388/2474 2221/2387/2473
f 2222/2388/2474 2224/2390/2476 2220/2384/2470
f 2224/2390/2476 2225/2391/2477 2220/2384/2470
f 2220/2384/2470 2225/2391/2477 2219/2385/2471
f 2225/2391/2477 2226/2392/2478 2219/2385/2471
f 2227/2393/2479 2222/2388/2474 2223/2389/2475
f 2228/2394/2480 2227/2393/2479 2223/2389/2475
f 2229/2395/2481 2227/2393/2479 2228/2394/2480
f 2230/2396/2482 2229/2395/2481 2228/2394/2480
f 2229/2395/2481 2231/2397/2483 2227/2393/2479
f 2231/2397/2483 2232/2398/2484 2227/2393/2479
f 2232/2398/2484 2224/2390/2476 2222/2388/2474
f 2227/2393/2479 2232/2398/2484 2222/2388/2474
f 2232/2398/2484 2233/2399/2485 2224/2390/2476
f 2233/2399/2485 2234/2400/2486 2224/2390/2476
f 2224/2390/2476 2234/2400/2486 2225/2391/2477
f 2235/2401/2487 2233/2399/2485 2232/2398/2484
f 2231/2397/2483 2235/2401/2487 2232/2398/2484
f 2235/2401/2487 2236/2402/2488 2233/2399/2485
f 2236/2402/2488 2237/2403/2489 2233/2399/2485
f 2233/2399/2485 2237/2403/2489 2234/2400/2486
f 2237/2403/2489 2238/2404/2490 2234/2400/2486
f 2225/2391/2477 2239/2405/2491 2226/2392/2478
f 2234/2400/2486 2239/2405/2491 2225/2391/2477
f 2234/2400/2486 2238/2404/2490 2239/2405/2491
f 2239/2405/2491 2240/2406/2492 2226/2392/2478
f 2238/2404/2490 2241/2407/2493 2239/2405/2491
f 2239/2405/2491 2241/2407/2493 2240/2406/2492
f 2241/2407/2493 2242/2408/2494 2240/2406/2492
f 2243/2409/2495 2229/2395/2481 2230/2396/2482
f 2244/2410/2496 2243/2409/2495 2230/2396/2482
f 2245/2411/2497 2243/2409/2495 2244/2410/2496
f 2246/2412/2498 2245/2411/2497 2244/2410/2496
f 2245/2411/2497 2247/2413/2499 2243/2409/2495
f 2247/2413/2499 2248/2414/2500 2243/2409/2495
f 2243/2409/2495 2248/2414/2500 2229/2395/2481
f 2248/2414/2500 2231/2397/2483 2229/2395/2481
f 2249/2415/2501 2245/2411/2497 2246/2412/2498
f 2250/2416/2502 2249/2415/2501 2246/2412/2498
f 2251/2417/2503 2249/2415/2501 2250/2416/2502
f 2252/2418/2504 2251/2417/2503 2250/2416/2502
f 2251/2417/2503 2253/2419/2505 2249/2415/2501
f 2253/2419/2505 2254/2420/2506 2249/2415/2501
f 2254/2420/2506 2247/2413/2499 2245/2411/2497
f 2249/2415/2501 2254/2420/2506 2245/2411/2497
f 2254/2420/2506 2255/2421/2507 2247/2413/2499
f 2255/2421/2507 2256/2422/2508 2247/2413/2499
f 2247/2413/2499 2256/2422/2508 2248/2414/2500
f 2257/2423/2509 2255/2421/2507 2254/2420/2506
f 2253/2419/2505 2257/2423/2509 2254/2420/2506
f 2257/2423/2509 2258/2424/2510 2255/2421/2507
f 2258/2424/2510 2259/2425/2511 2255/2421/2507
f 2255/2421/2507 2259/2425/2511 2256/2422/2508
f 2259/2425/2511 2260/2426/2512 2256/2422/2508
f 2248/2414/2500 2261/2427/2513 2231/2397/2483
f 2256/2422/2508 2261/2427/2513 2248/2414/2500
f 2256/2422/2508 2260/2426/2512 2261/2427/2513
f 2261/2427/2513 2235/2401/2487 2231/2397/2483
f 2260/2426/2512 2262/2428/2514 2261/2427/2513
f 2261/2427/2513 2262/2428/2514 2235/2401/2487
f 2262/2428/2514 2236/2402/2488 2235/2401/2487
f 2236/2402/2488 2262/2428/2514 2263/2429/2515
f 2263/2429/2515 2264/2430/2516 2236/2402/2488
f 2264/2430/2516 2237/2403/2489 2236/2402/2488
f 2265/2431/2517 2264/2430/2516 2263/2429/2515
f 2266/2432/2518 2265/2431/2517 2263/2429/2515
f 2265/2431/2517 2267/2433/2519 2264/2430/2516
f 2267/2433/2519 2268/2434/2520 2264/2430/2516
f 2264/2430/2516 2268/2434/2520 2237/2403/2489
f 2268/2434/2520 2238/2404/2490 2237/2403/2489
f 2269/2435/2521 2265/2431/2517 2266/2432/2518
f 2270/2436/2522 2269/2435/2521 2266/2432/2518
f 2271/2437/2523 2269/2435/2521 2270/2436/2522
f 2272/2438/2524 2271/2437/2523 2270/2436/2522
f 2271/2437/2523 2273/2439/2525 2269/2435/2521
f 2273/2439/2525 2274/2440/2526 2269/2435/2521
f 2274/2440/2526 2267/2433/2519 2265/2431/2517
f 2269/2435/2521 2274/2440/2526 2265/2431/2517
f 2274/2440/2526 2275/2441/2527 2267/2433/2519
f 2275/2441/2527 2276/2442/2528 2267/2433/2519
f 2267/2433/2519 2276/2442/2528 2268/2434/2520
f 2277/2443/2529 2275/2441/2527 2274/2440/2526
f 2273/2439/2525 2277/2443/2529 2274/2440/2526
f 2277/2443/2529 2278/2444/2530 2275/2441/2527
f 2278/2444/2530 2279/2445/2531 2275/2441/2527
f 2275/2441/2527 2279/2445/2531 2276/2442/2528
f 2279/2445/2531 2278/2444/2530 2280/2446/2532
f 2279/2445/2531 2280/2446/2532 2281/2447/2533
f 2281/2447/2533 2280/2446/2532 2282/2448/2534
f 2281/2447/2533 2282/2448/2534 2283/2449/2535
f 2283/2449/2535 2282/2448/2534 2284/2450/2536
f 2283/2449/2535 2284/2450/2536 2285/2451/2537
f 2285/2451/2537 2284/2450/2536 2286/2452/2538
f 2284/2450/2536 2287/2453/2539 2286/2452/2538
f 2288/2454/2540 2283/2449/2535 2285/2451/2537
f 2282/2448/2534 2289/2455/2541 2284/2450/2536
f 2284/2450/2536 2289/2455/2541 2287/2453/2539
f 2289/2455/2541 2290/2456/2542 2287/2453/2539
f 2291/2457/2543 2283/2449/2535 2288/2454/2540
f 2291/2457/2543 2281/2447/2533 2283/2449/2535
f 2292/2458/2544 2291/2457/2543 2288/2454/2540
f 2293/2459/2545 2291/2457/2543 2292/2458/2544
f 2242/2408/2494 2293/2459/2545 2292/2458/2544
f 2294/2460/2546 2281/2447/2533 2291/2457/2543
f 2293/2459/2545 2294/2460/2546 2291/2457/2543
f 2280/2446/2532 2295/2461/2547 2282/2448/2534
f 2282/2448/2534 2295/2461/2547 2289/2455/2541
f 2280/2446/2532 2296/2462/2548 2295/2461/2547
f 2278/2444/2530 2296/2462/2548 2280/2446/2532
f 2296/2462/2548 2297/2463/2549 2295/2461/2547
f 2289/2455/2541 2298/2464/2550 2290/2456/2542
f 2295/2461/2547 2298/2464/2550 2289/2455/2541
f 2295/2461/2547 2297/2463/2549 2298/2464/2550
f 2298/2464/2550 2299/2465/2551 2290/2456/2542
f 2297/2463/2549 2300/2466/2552 2298/2464/2550
f 2298/2464/2550 2300/2466/2552 2299/2465/2551
f 2300/2466/2552 2301/2467/2553 2299/2465/2551
f 2294/2460/2546 2293/2459/2545 2302/2468/2554
f 2276/2442/2528 2294/2460/2546 2302/2468/2554
f 2279/2445/2531 2294/2460/2546 2276/2442/2528
f 2294/2460/2546 2279/2445/2531 2281/2447/2533
f 2276/2442/2528 2302/2468/2554 2268/2434/2520
f 2268/2434/2520 2302/2468/2554 2238/2404/2490
f 2302/2468/2554 2241/2407/2493 2238/2404/2490
f 2302/2468/2554 2293/2459/2545 2241/2407/2493
f 2293/2459/2545 2242/2408/2494 2241/2407/2493
f 2301/2467/2553 2300/2466/2552 2303/2469/2555
f 2300/2466/2552 2304/2470/2556 2303/2469/2555
f 2300/2466/2552 2297/2463/2549 2304/2470/2556
f 2303/2469/2555 2304/2470/2556 2305/2471/2557
f 2304/2470/2556 2306/2472/2558 2305/2471/2557
f 2305/2471/2557 2306/2472/2558 2307/2473/2559
f 2306/2472/2558 2308/2474/2560 2307/2473/2559
f 2307/2473/2559 2308/2474/2560 2309/2475/2561
f 2308/2474/2560 2310/2476/2562 2309/2475/2561
f 2306/2472/2558 2311/2477/2563 2308/2474/2560
f 2311/2477/2563 2312/2478/2564 2308/2474/2560
f 2308/2474/2560 2312/2478/2564 2310/2476/2562
f 2312/2478/2564 2313/2479/2565 2310/2476/2562
f 2314/2480/2566 2311/2477/2563 2306/2472/2558
f 2304/2470/2556 2314/2480/2566 2306/2472/2558
f 2297/2463/2549 2314/2480/2566 2304/2470/2556
f 2314/2480/2566 2315/2481/2567 2311/2477/2563
f 2315/2481/2567 2316/2482/2568 2311/2477/2563
f 2311/2477/2563 2316/2482/2568 2312/2478/2564
f 2296/2462/2548 2315/2481/2567 2314/2480/2566
f 2297/2463/2549 2296/2462/2548 2314/2480/2566
f 2296/2462/2548 2278/2444/2530 2315/2481/2567
f 2278/2444/2530 2317/2483/2569 2315/2481/2567
f 2315/2481/2567 2317/2483/2569 2316/2482/2568
f 2317/2483/2569 2318/2484/2570 2316/2482/2568
f 2312/2478/2564 2319/2485/2571 2313/2479/2565
f 2316/2482/2568 2319/2485/2571 2312/2478/2564
f 2316/2482/2568 2318/2484/2570 2319/2485/2571
f 2319/2485/2571 2320/2486/2572 2313/2479/2565
f 2318/2484/2570 2321/2487/2573 2319/2485/2571
f 2319/2485/2571 2321/2487/2573 2320/2486/2572
f 2321/2487/2573 2322/2488/2574 2320/2486/2572
f 2321/2487/2573 2323/2489/2575 2322/2488/2574
f 2323/2489/2575 2324/2490/2576 2322/2488/2574
f 2325/2491/2577 2323/2489/2575 2321/2487/2573
f 2318/2484/2570 2325/2491/2577 2321/2487/2573
f 2325/2491/2577 2326/2492/2578 2323/2489/2575
f 2326/2492/2578 2327/2493/2579 2323/2489/2575
f 2323/2489/2575 2327/2493/2579 2324/2490/2576
f 2327/2493/2579 2328/2494/2580 2324/2490/2576
f 2329/2495/2581 2325/2491/2577 2318/2484/2570
f 2317/2483/2569 2329/2495/2581 2318/2484/2570
f 2277/2443/2529 2329/2495/2581 2317/2483/2569
f 2278/2444/2530 2277/2443/2529 2317/2483/2569
f 2277/2443/2529 2273/2439/2525 2329/2495/2581
f 2273/2439/2525 2330/2496/2582 2329/2495/2581
f 2330/2496/2582 2326/2492/2578 2325/2491/2577
f 2329/2495/2581 2330/2496/2582 2325/2491/2577
f 2330/2496/2582 2331/2497/2583 2326/2492/2578
f 2331/2497/2583 2332/2498/2584 2326/2492/2578
f 2326/2492/2578 2332/2498/2584 2327/2493/2579
f 2271/2437/2523 2331/2497/2583 2330/2496/2582
f 2273/2439/2525 2271/2437/2523 2330/2496/2582
f 2271/2437/2523 2272/2438/2524 2331/2497/2583
f 2272/2438/2524 2333/2499/2585 2331/2497/2583
f 2331/2497/2583 2333/2499/2585 2332/2498/2584
f 2333/2499/2585 2334/2500/2586 2332/2498/2584
f 2327/2493/2579 2335/2501/2587 2328/2494/2580
f 2332/2498/2584 2335/2501/2587 2327/2493/2579
f 2332/2498/2584 2334/2500/2586 2335/2501/2587
f 2335/2501/2587 2336/2502/2588 2328/2494/2580
f 2334/2500/2586 2337/2503/2589 2335/2501/2587
f 2335/2501/2587 2337/2503/2589 2336/2502/2588
f 2337/2503/2589 2338/2504/2590 2336/2502/2588
f 2338/2504/2590 2337/2503/2589 2339/2505/2591
f 2340/2506/2592 2338/2504/2590 2339/2505/2591
f 2340/2506/2592 2339/2505/2591 2341/2507/2593
f 2341/2507/2593 2339/2505/2591 2342/2508/2594
f 2341/2507/2593 2342/2508/2594 2343/2509/2595
f 2343/2509/2595 2342/2508/2594 2344/2510/2596
f 2343/2509/2595 2344/2510/2596 2345/2511/2597
f 2345/2511/2597 2344/2510/2596 2346/2512/2598
f 2344/2510/2596 2347/2513/2599 2346/2512/2598
f 2348/2514/2600 2346/2512/2598 2347/2513/2599
f 2349/2515/2601 2348/2514/2600 2347/2513/2599
f 2349/2515/2601 2347/2513/2599 2350/2516/2602
f 2351/2517/2603 2349/2515/2601 2350/2516/2602
f 2351/2517/2603 2350/2516/2602 2352/2518/2604
f 2353/2519/2605 2351/2517/2603 2352/2518/2604
f 2353/2519/2605 2352/2518/2604 2272/2438/2524
f 2270/2436/2522 2353/2519/2605 2272/2438/2524
f 2354/2520/2606 2353/2519/2605 2270/2436/2522
f 2266/2432/2518 2354/2520/2606 2270/2436/2522
f 2355/2521/2607 2351/2517/2603 2353/2519/2605
f 2354/2520/2606 2355/2521/2607 2353/2519/2605
f 2356/2522/2608 2354/2520/2606 2266/2432/2518
f 2263/2429/2515 2356/2522/2608 2266/2432/2518
f 2262/2428/2514 2356/2522/2608 2263/2429/2515
f 2262/2428/2514 2260/2426/2512 2356/2522/2608
f 2260/2426/2512 2357/2523/2609 2356/2522/2608
f 2357/2523/2609 2355/2521/2607 2354/2520/2606
f 2356/2522/2608 2357/2523/2609 2354/2520/2606
f 2357/2523/2609 2358/2524/2610 2355/2521/2607
f 2358/2524/2610 2359/2525/2611 2355/2521/2607
f 2355/2521/2607 2359/2525/2611 2351/2517/2603
f 2259/2425/2511 2358/2524/2610 2357/2523/2609
f 2260/2426/2512 2259/2425/2511 2357/2523/2609
f 2259/2425/2511 2258/2424/2510 2358/2524/2610
f 2258/2424/2510 2360/2526/2612 2358/2524/2610
f 2358/2524/2610 2360/2526/2612 2359/2525/2611
f 2360/2526/2612 2361/2527/2613 2359/2525/2611
f 2359/2525/2611 2361/2527/2613 2349/2515/2601
f 2359/2525/2611 2349/2515/2601 2351/2517/2603
f 2361/2527/2613 2348/2514/2600 2349/2515/2601
f 2348/2514/2600 2361/2527/2613 2362/2528/2614
f 2363/2529/2615 2348/2514/2600 2362/2528/2614
f 2363/2529/2615 2362/2528/2614 2364/2530/2616
f 2365/2531/2617 2363/2529/2615 2364/2530/2616
f 2365/2531/2617 2364/2530/2616 2366/2532/2618
f 2366/2532/2618 2364/2530/2616 2367/2533/2619
f 2366/2532/2618 2367/2533/2619 2368/2534/2620
f 2368/2534/2620 2367/2533/2619 2369/2535/2621
f 2367/2533/2619 2370/2536/2622 2369/2535/2621
f 2371/2537/2623 2366/2532/2618 2368/2534/2620
f 2364/2530/2616 2372/2538/2624 2367/2533/2619
f 2367/2533/2619 2372/2538/2624 2370/2536/2622
f 2364/2530/2616 2362/2528/2614 2372/2538/2624
f 2372/2538/2624 2373/2539/2625 2370/2536/2622
f 2374/2540/2626 2366/2532/2618 2371/2537/2623
f 2374/2540/2626 2365/2531/2617 2366/2532/2618
f 2375/2541/2627 2374/2540/2626 2371/2537/2623
f 2376/2542/2628 2374/2540/2626 2375/2541/2627
f 2377/2543/2629 2376/2542/2628 2375/2541/2627
f 2378/2544/2630 2365/2531/2617 2374/2540/2626
f 2376/2542/2628 2378/2544/2630 2374/2540/2626
f 2379/2545/2631 2363/2529/2615 2365/2531/2617
f 2378/2544/2630 2379/2545/2631 2365/2531/2617
f 2372/2538/2624 2380/2546/2632 2373/2539/2625
f 2380/2546/2632 2381/2547/2633 2373/2539/2625
f 2362/2528/2614 2380/2546/2632 2372/2538/2624
f 2362/2528/2614 2361/2527/2613 2380/2546/2632
f 2361/2527/2613 2360/2526/2612 2380/2546/2632
f 2380/2546/2632 2360/2526/2612 2381/2547/2633
f 2360/2526/2612 2258/2424/2510 2381/2547/2633
f 2379/2545/2631 2378/2544/2630 2382/2548/2634
f 2379/2545/2631 2382/2548/2634 2345/2511/2597
f 2345/2511/2597 2382/2548/2634 2383/2549/2635
f 2383/2549/2635 2343/2509/2595 2345/2511/2597
f 2384/2550/2636 2343/2509/2595 2383/2549/2635
f 2385/2551/2637 2384/2550/2636 2383/2549/2635
f 2386/2552/2638 2384/2550/2636 2385/2551/2637
f 2387/2553/2639 2386/2552/2638 2385/2551/2637
f 2386/2552/2638 2388/2554/2640 2384/2550/2636
f 2388/2554/2640 2341/2507/2593 2384/2550/2636
f 2384/2550/2636 2341/2507/2593 2343/2509/2595
f 2388/2554/2640 2340/2506/2592 2341/2507/2593
f 2385/2551/2637 2389/2555/2641 2387/2553/2639
f 2389/2555/2641 2390/2556/2642 2387/2553/2639
f 2391/2557/2643 2389/2555/2641 2385/2551/2637
f 2383/2549/2635 2391/2557/2643 2385/2551/2637
f 2382/2548/2634 2391/2557/2643 2383/2549/2635
f 2391/2557/2643 2392/2558/2644 2389/2555/2641
f 2392/2558/2644 2393/2559/2645 2389/2555/2641
f 2389/2555/2641 2393/2559/2645 2390/2556/2642
f 2393/2559/2645 2394/2560/2646 2390/2556/2642
f 2395/2561/2647 2392/2558/2644 2391/2557/2643
f 2382/2548/2634 2395/2561/2647 2391/2557/2643
f 2378/2544/2630 2395/2561/2647 2382/2548/2634
f 2395/2561/2647 2396/2562/2648 2392/2558/2644
f 2396/2562/2648 2397/2563/2649 2392/2558/2644
f 2392/2558/2644 2397/2563/2649 2393/2559/2645
f 2376/2542/2628 2396/2562/2648 2395/2561/2647
f 2378/2544/2630 2376/2542/2628 2395/2561/2647
f 2376/2542/2628 2377/2543/2629 2396/2562/2648
f 2377/2543/2629 2398/2564/2650 2396/2562/2648
f 2396/2562/2648 2398/2564/2650 2397/2563/2649
f 2398/2564/2650 2399/2565/2651 2397/2563/2649
f 2393/2559/2645 2400/2566/2652 2394/2560/2646
f 2397/2563/2649 2400/2566/2652 2393/2559/2645
f 2397/2563/2649 2399/2565/2651 2400/2566/2652
f 2400/2566/2652 2401/2567/2653 2394/2560/2646
f 2399/2565/2651 2402/2568/2654 2400/2566/2652
f 2400/2566/2652 2402/2568/2654 2401/2567/2653
f 2402/2568/2654 2403/2569/2655 2401/2567/2653
f 2394/2560/2646 2401/2567/2653 2404/2570/2656
f 2394/2560/2646 2404/2570/2656 2405/2571/2657
f 2390/2556/2642 2394/2560/2646 2405/2571/2657
f 2390/2556/2642 2405/2571/2657 2406/2572/2658
f 2406/2572/2658 2405/2571/2657 2407/2573/2659
f 2407/2573/2659 2408/2574/2660 2406/2572/2658
f 2408/2574/2660 2409/2575/2661 2406/2572/2658
f 2406/2572/2658 2409/2575/2661 2387/2553/2639
f 2387/2553/2639 2390/2556/2642 2406/2572/2658
f 2409/2575/2661 2386/2552/2638 2387/2553/2639
f 2408/2574/2660 2410/2576/2662 2409/2575/2661
f 2410/2576/2662 2411/2577/2663 2409/2575/2661
f 2409/2575/2661 2411/2577/2663 2386/2552/2638
f 2411/2577/2663 2388/2554/2640 2386/2552/2638
f 2412/2578/2664 2408/2574/2660 2407/2573/2659
f 2413/2579/2665 2412/2578/2664 2407/2573/2659
f 2414/2580/2666 2412/2578/2664 2413/2579/2665
f 2415/2581/2667 2414/2580/2666 2413/2579/2665
f 2414/2580/2666 2416/2582/2668 2412/2578/2664
f 2416/2582/2668 2417/2583/2669 2412/2578/2664
f 2417/2583/2669 2410/2576/2662 2408/2574/2660
f 2412/2578/2664 2417/2583/2669 2408/2574/2660
f 2417/2583/2669 2418/2584/2670 2410/2576/2662
f 2418/2584/2670 2419/2585/2671 2410/2576/2662
f 2410/2576/2662 2419/2585/2671 2411/2577/2663
f 2420/2586/2672 2418/2584/2670 2417/2583/2669
f 2416/2582/2668 2420/2586/2672 2417/2583/2669
f 2420/2586/2672 2421/2587/2673 2418/2584/2670
f 2421/2587/2673 2422/2588/2674 2418/2584/2670
f 2418/2584/2670 2422/2588/2674 2419/2585/2671
f 2421/2587/2673 2423/2589/2675 2422/2588/2674
f 2423/2589/2675 2424/2590/2676 2422/2588/2674
f 2422/2588/2674 2424/2590/2676 2425/2591/2677
f 2422/2588/2674 2425/2591/2677 2419/2585/2671
f 2424/2590/2676 2426/2592/2678 2425/2591/2677
f 2425/2591/2677 2426/2592/2678 2427/2593/2679
f 2426/2592/2678 2428/2594/2680 2427/2593/2679
f 2427/2593/2679 2428/2594/2680 2338/2504/2590
f 2428/2594/2680 2336/2502/2588 2338/2504/2590
f 2426/2592/2678 2429/2595/2681 2428/2594/2680
f 2429/2595/2681 2430/2596/2682 2428/2594/2680
f 2428/2594/2680 2430/2596/2682 2336/2502/2588
f 2430/2596/2682 2328/2494/2580 2336/2502/2588
f 2423/2589/2675 2431/2597/2683 2424/2590/2676
f 2431/2597/2683 2432/2598/2684 2424/2590/2676
f 2432/2598/2684 2429/2595/2681 2426/2592/2678
f 2424/2590/2676 2432/2598/2684 2426/2592/2678
f 2432/2598/2684 2433/2599/2685 2429/2595/2681
f 2433/2599/2685 2434/2600/2686 2429/2595/2681
f 2429/2595/2681 2434/2600/2686 2430/2596/2682
f 2435/2601/2687 2433/2599/2685 2432/2598/2684
f 2431/2597/2683 2435/2601/2687 2432/2598/2684
f 2435/2601/2687 2436/2602/2688 2433/2599/2685
f 2436/2602/2688 2437/2603/2689 2433/2599/2685
f 2433/2599/2685 2437/2603/2689 2434/2600/2686
f 2437/2603/2689 2436/2602/2688 2438/2604/2690
f 2439/2605/2691 2437/2603/2689 2438/2604/2690
f 2439/2605/2691 2438/2604/2690 2440/2606/2692
f 2441/2607/2693 2439/2605/2691 2440/2606/2692
f 2441/2607/2693 2440/2606/2692 2442/2608/2694
f 2443/2609/2695 2441/2607/2693 2442/2608/2694
f 2443/2609/2695 2442/2608/2694 2444/2610/2696
f 2445/2611/2697 2443/2609/2695 2444/2610/2696
f 2446/2612/2698 2443/2609/2695 2445/2611/2697
f 2447/2613/2699 2446/2612/2698 2445/2611/2697
f 2448/2614/2700 2441/2607/2693 2443/2609/2695
f 2446/2612/2698 2448/2614/2700 2443/2609/2695
f 2449/2615/2701 2446/2612/2698 2447/2613/2699
f 2450/2616/2702 2449/2615/2701 2447/2613/2699
f 2310/2476/2562 2449/2615/2701 2450/2616/2702
f 2309/2475/2561 2310/2476/2562 2450/2616/2702
f 2310/2476/2562 2313/2479/2565 2449/2615/2701
f 2313/2479/2565 2451/2617/2703 2449/2615/2701
f 2451/2617/2703 2448/2614/2700 2446/2612/2698
f 2449/2615/2701 2451/2617/2703 2446/2612/2698
f 2451/2617/2703 2452/2618/2704 2448/2614/2700
f 2452/2618/2704 2453/2619/2705 2448/2614/2700
f 2448/2614/2700 2453/2619/2705 2441/2607/2693
f 2320/2486/2572 2452/2618/2704 2451/2617/2703
f 2313/2479/2565 2320/2486/2572 2451/2617/2703
f 2320/2486/2572 2322/2488/2574 2452/2618/2704
f 2322/2488/2574 2454/2620/2706 2452/2618/2704
f 2452/2618/2704 2454/2620/2706 2453/2619/2705
f 2454/2620/2706 2455/2621/2707 2453/2619/2705
f 2453/2619/2705 2455/2621/2707 2439/2605/2691
f 2453/2619/2705 2439/2605/2691 2441/2607/2693
f 2455/2621/2707 2437/2603/2689 2439/2605/2691
f 2437/2603/2689 2455/2621/2707 2434/2600/2686
f 2455/2621/2707 2454/2620/2706 2456/2622/2708
f 2434/2600/2686 2455/2621/2707 2456/2622/2708
f 2434/2600/2686 2456/2622/2708 2430/2596/2682
f 2430/2596/2682 2456/2622/2708 2328/2494/2580
f 2456/2622/2708 2324/2490/2576 2328/2494/2580
f 2454/2620/2706 2322/2488/2574 2324/2490/2576
f 2456/2622/2708 2454/2620/2706 2324/2490/2576
f 2346/2512/2598 2348/2514/2600 2363/2529/2615
f 2379/2545/2631 2346/2512/2598 2363/2529/2615
f 2346/2512/2598 2379/2545/2631 2345/2511/2597
f 2459/2623/2709 2458/2624/2710 2457/2625/2711
f 2460/2626/2712 2459/2623/2709 2457/2625/2711
f 2461/2627/2713 2459/2623/2709 2460/2626/2712
f 2462/2628/2714 2461/2627/2713 2460/2626/2712
f 2461/2627/2713 2463/2629/2715 2459/2623/2709
f 2463/2629/2715 2464/2630/2716 2459/2623/2709
f 2459/2623/2709 2464/2630/2716 2458/2624/2710
f 2464/2630/2716 2465/2631/2717 2458/2624/2710
f 2466/2632/2718 2461/2627/2713 2462/2628/2714
f 2467/2633/2719 2466/2632/2718 2462/2628/2714
f 2468/2634/2720 2466/2632/2718 2467/2633/2719
f 2469/2635/2721 2468/2634/2720 2467/2633/2719
f 2468/2634/2720 2470/2636/2722 2466/2632/2718
f 2470/2636/2722 2471/2637/2723 2466/2632/2718
f 2471/2637/2723 2463/2629/2715 2461/2627/2713
f 2466/2632/2718 2471/2637/2723 2461/2627/2713
f 2471/2637/2723 2472/2638/2724 2463/2629/2715
f 2472/2638/2724 2473/2639/2725 2463/2629/2715
f 2463/2629/2715 2473/2639/2725 2464/2630/2716
f 2474/2640/2726 2472/2638/2724 2471/2637/2723
f 2470/2636/2722 2474/2640/2726 2471/2637/2723
f 2474/2640/2726 2475/2641/2727 2472/2638/2724
f 2475/2641/2727 2476/2642/2728 2472/2638/2724
f 2472/2638/2724 2476/2642/2728 2473/2639/2725
f 2476/2642/2728 2477/2643/2729 2473/2639/2725
f 2464/2630/2716 2478/2644/2730 2465/2631/2717
f 2473/2639/2725 2478/2644/2730 2464/2630/2716
f 2473/2639/2725 2477/2643/2729 2478/2644/2730
f 2478/2644/2730 2479/2645/2731 2465/2631/2717
f 2477/2643/2729 2480/2646/2732 2478/2644/2730
f 2478/2644/2730 2480/2646/2732 2479/2645/2731
f 2480/2646/2732 2481/2647/2733 2479/2645/2731
f 2482/2648/2734 2468/2634/2720 2469/2635/2721
f 2483/2649/2735 2482/2648/2734 2469/2635/2721
f 2484/2650/2736 2482/2648/2734 2483/2649/2735
f 2485/2651/2737 2484/2650/2736 2483/2649/2735
f 2484/2650/2736 2486/2652/2738 2482/2648/2734
f 2486/2652/2738 2487/2653/2739 2482/2648/2734
f 2482/2648/2734 2487/2653/2739 2468/2634/2720
f 2487/2653/2739 2470/2636/2722 2468/2634/2720
f 2488/2654/2740 2484/2650/2736 2485/2651/2737
f 2489/2655/2741 2488/2654/2740 2485/2651/2737
f 2490/2656/2742 2488/2654/2740 2489/2655/2741
f 2491/2657/2743 2490/2656/2742 2489/2655/2741
f 2490/2656/2742 2492/2658/2744 2488/2654/2740
f 2492/2658/2744 2493/2659/2745 2488/2654/2740
f 2493/2659/2745 2486/2652/2738 2484/2650/2736
f 2488/2654/2740 2493/2659/2745 2484/2650/2736
f 2493/2659/2745 2494/2660/2746 2486/2652/2738
f 2494/2660/2746 2495/2661/2747 2486/2652/2738
f 2486/2652/2738 2495/2661/2747 2487/2653/2739
f 2496/2662/2748 2494/2660/2746 2493/2659/2745
f 2492/2658/2744 2496/2662/2748 2493/2659/2745
f 2496/2662/2748 2497/2663/2749 2494/2660/2746
f 2497/2663/2749 2498/2664/2750 2494/2660/2746
f 2494/2660/2746 2498/2664/2750 2495/2661/2747
f 2498/2664/2750 2499/2665/2751 2495/2661/2747
f 2487/2653/2739 2500/2666/2752 2470/2636/2722
f 2495/2661/2747 2500/2666/2752 2487/2653/2739
f 2495/2661/2747 2499/2665/2751 2500/2666/2752
f 2500/2666/2752 2474/2640/2726 2470/2636/2722
f 2499/2665/2751 2501/2667/2753 2500/2666/2752
f 2500/2666/2752 2501/2667/2753 2474/2640/2726
f 2501/2667/2753 2475/2641/2727 2474/2640/2726
f 2502/2668/2754 2490/2656/2742 2491/2657/2743
f 2503/2669/2755 2502/2668/2754 2491/2657/2743
f 2504/2670/2756 2502/2668/2754 2503/2669/2755
f 2505/2671/2757 2504/2670/2756 2503/2669/2755
f 2504/2670/2756 2506/2672/2758 2502/2668/2754
f 2506/2672/2758 2507/2673/2759 2502/2668/2754
f 2502/2668/2754 2507/2673/2759 2490/2656/2742
f 2507/2673/2759 2492/2658/2744 2490/2656/2742
f 2508/2674/2760 2504/2670/2756 2505/2671/2757
f 2509/2675/2761 2508/2674/2760 2505/2671/2757
f 2510/2676/2762 2508/2674/2760 2509/2675/2761
f 2511/2677/2763 2510/2676/2762 2509/2675/2761
f 2510/2676/2762 2512/2678/2764 2508/2674/2760
f 2512/2678/2764 2513/2679/2765 2508/2674/2760
f 2513/2679/2765 2506/2672/2758 2504/2670/2756
f 2508/2674/2760 2513/2679/2765 2504/2670/2756
f 2513/2679/2765 2514/2680/2766 2506/2672/2758
f 2514/2680/2766 2515/2681/2767 2506/2672/2758
f 2506/2672/2758 2515/2681/2767 2507/2673/2759
f 2516/2682/2768 2514/2680/2766 2513/2679/2765
f 2512/2678/2764 2516/2682/2768 2513/2679/2765
f 2516/2682/2768 2517/2683/2769 2514/2680/2766
f 2517/2683/2769 2518/2684/2770 2514/2680/2766
f 2514/2680/2766 2518/2684/2770 2515/2681/2767
f 2518/2684/2770 2519/2685/2771 2515/2681/2767
f 2507/2673/2759 2520/2686/2772 2492/2658/2744
f 2515/2681/2767 2520/2686/2772 2507/2673/2759
f 2515/2681/2767 2519/2685/2771 2520/2686/2772
f 2520/2686/2772 2496/2662/2748 2492/2658/2744
f 2519/2685/2771 2521/2687/2773 2520/2686/2772
f 2520/2686/2772 2521/2687/2773 2496/2662/2748
f 2521/2687/2773 2497/2663/2749 2496/2662/2748
f 2516/2682/2768 2522/2688/2774 2517/2683/2769
f 2522/2688/2774 2523/2689/2775 2517/2683/2769
f 2524/2690/2776 2522/2688/2774 2516/2682/2768
f 2512/2678/2764 2524/2690/2776 2516/2682/2768
f 2524/2690/2776 2525/2691/2777 2522/2688/2774
f 2525/2691/2777 2526/2692/2778 2522/2688/2774
f 2522/2688/2774 2526/2692/2778 2523/2689/2775
f 2526/2692/2778 2527/2693/2779 2523/2689/2775
f 2528/2694/2780 2525/2691/2777 2524/2690/2776
f 2529/2695/2781 2528/2694/2780 2524/2690/2776
f 2529/2695/2781 2524/2690/2776 2512/2678/2764
f 2510/2676/2762 2529/2695/2781 2512/2678/2764
f 2530/2696/2782 2529/2695/2781 2510/2676/2762
f 2511/2677/2763 2530/2696/2782 2510/2676/2762
f 2531/2697/2783 2528/2694/2780 2529/2695/2781
f 2530/2696/2782 2531/2697/2783 2529/2695/2781
f 2528/2694/2780 2532/2698/2784 2525/2691/2777
f 2532/2698/2784 2533/2699/2785 2525/2691/2777
f 2525/2691/2777 2533/2699/2785 2526/2692/2778
f 2534/2700/2786 2532/2698/2784 2528/2694/2780
f 2531/2697/2783 2534/2700/2786 2528/2694/2780
f 2534/2700/2786 2535/2701/2787 2532/2698/2784
f 2535/2701/2787 2536/2702/2788 2532/2698/2784
f 2532/2698/2784 2536/2702/2788 2533/2699/2785
f 2536/2702/2788 2537/2703/2789 2533/2699/2785
f 2526/2692/2778 2538/2704/2790 2527/2693/2779
f 2533/2699/2785 2538/2704/2790 2526/2692/2778
f 2533/2699/2785 2537/2703/2789 2538/2704/2790
f 2538/2704/2790 2539/2705/2791 2527/2693/2779
f 2537/2703/2789 2540/2706/2792 2538/2704/2790
f 2538/2704/2790 2540/2706/2792 2539/2705/2791
f 2540/2706/2792 2541/2707/2793 2539/2705/2791
f 2541/2707/2793 2540/2706/2792 2542/2708/2794
f 2543/2709/2795 2541/2707/2793 2542/2708/2794
f 2543/2709/2795 2542/2708/2794 2544/2710/2796
f 2544/2710/2796 2542/2708/2794 2545/2711/2797
f 2544/2710/2796 2545/2711/2797 2546/2712/2798
f 2547/2713/2799 2544/2710/2796 2546/2712/2798
f 2547/2713/2799 2546/2712/2798 2548/2714/2800
f 2549/2715/2801 2547/2713/2799 2548/2714/2800
f 2549/2715/2801 2548/2714/2800 2550/2716/2802
f 2549/2715/2801 2550/2716/2802 2551/2717/2803
f 2551/2717/2803 2550/2716/2802 2552/2718/2804
f 2550/2716/2802 2553/2719/2805 2552/2718/2804
f 2552/2718/2804 2553/2719/2805 2554/2720/2806
f 2553/2719/2805 2555/2721/2807 2554/2720/2806
f 2554/2720/2806 2555/2721/2807 2556/2722/2808
f 2555/2721/2807 2557/2723/2809 2556/2722/2808
f 2553/2719/2805 2558/2724/2810 2555/2721/2807
f 2558/2724/2810 2559/2725/2811 2555/2721/2807
f 2555/2721/2807 2559/2725/2811 2557/2723/2809
f 2559/2725/2811 2560/2726/2812 2557/2723/2809
f 2561/2727/2813 2549/2715/2801 2551/2717/2803
f 2548/2714/2800 2562/2728/2814 2550/2716/2802
f 2562/2728/2814 2558/2724/2810 2553/2719/2805
f 2550/2716/2802 2562/2728/2814 2553/2719/2805
f 2561/2727/2813 2551/2717/2803 2563/2729/2815
f 2564/2730/2816 2561/2727/2813 2563/2729/2815
f 2564/2730/2816 2563/2729/2815 2565/2731/2817
f 2565/2731/2817 2563/2729/2815 2566/2732/2818
f 2565/2731/2817 2566/2732/2818 2567/2733/2819
f 2567/2733/2819 2566/2732/2818 2568/2734/2820
f 2567/2733/2819 2568/2734/2820 2569/2735/2821
f 2569/2735/2821 2568/2734/2820 2570/2736/2822
f 2568/2734/2820 2571/2737/2823 2570/2736/2822
f 2572/2738/2824 2567/2733/2819 2569/2735/2821
f 2566/2732/2818 2573/2739/2825 2568/2734/2820
f 2568/2734/2820 2573/2739/2825 2571/2737/2823
f 2573/2739/2825 2574/2740/2826 2571/2737/2823
f 2575/2741/2827 2567/2733/2819 2572/2738/2824
f 2575/2741/2827 2565/2731/2817 2567/2733/2819
f 2576/2742/2828 2575/2741/2827 2572/2738/2824
f 2577/2743/2829 2575/2741/2827 2576/2742/2828
f 2578/2744/2830 2577/2743/2829 2576/2742/2828
f 2579/2745/2831 2565/2731/2817 2575/2741/2827
f 2577/2743/2829 2579/2745/2831 2575/2741/2827
f 2579/2745/2831 2564/2730/2816 2565/2731/2817
f 2573/2739/2825 2580/2746/2832 2574/2740/2826
f 2580/2746/2832 2581/2747/2833 2574/2740/2826
f 2582/2748/2834 2580/2746/2832 2573/2739/2825
f 2566/2732/2818 2582/2748/2834 2573/2739/2825
f 2563/2729/2815 2582/2748/2834 2566/2732/2818
f 2563/2729/2815 2551/2717/2803 2582/2748/2834
f 2551/2717/2803 2552/2718/2804 2582/2748/2834
f 2582/2748/2834 2552/2718/2804 2580/2746/2832
f 2552/2718/2804 2554/2720/2806 2580/2746/2832
f 2580/2746/2832 2554/2720/2806 2581/2747/2833
f 2554/2720/2806 2556/2722/2808 2581/2747/2833
f 2578/2744/2830 2576/2742/2828 2583/2749/2835
f 2576/2742/2828 2584/2750/2836 2583/2749/2835
f 2583/2749/2835 2584/2750/2836 2585/2751/2837
f 2584/2750/2836 2586/2752/2838 2585/2751/2837
f 2585/2751/2837 2586/2752/2838 2587/2753/2839
f 2586/2752/2838 2588/2754/2840 2587/2753/2839
f 2587/2753/2839 2588/2754/2840 2589/2755/2841
f 2588/2754/2840 2590/2756/2842 2589/2755/2841
f 2586/2752/2838 2591/2757/2843 2588/2754/2840
f 2591/2757/2843 2592/2758/2844 2588/2754/2840
f 2588/2754/2840 2592/2758/2844 2590/2756/2842
f 2592/2758/2844 2593/2759/2845 2590/2756/2842
f 2594/2760/2846 2591/2757/2843 2586/2752/2838
f 2584/2750/2836 2594/2760/2846 2586/2752/2838
f 2572/2738/2824 2594/2760/2846 2584/2750/2836
f 2576/2742/2828 2572/2738/2824 2584/2750/2836
f 2594/2760/2846 2595/2761/2847 2591/2757/2843
f 2595/2761/2847 2596/2762/2848 2591/2757/2843
f 2591/2757/2843 2596/2762/2848 2592/2758/2844
f 2569/2735/2821 2595/2761/2847 2594/2760/2846
f 2572/2738/2824 2569/2735/2821 2594/2760/2846
f 2569/2735/2821 2570/2736/2822 2595/2761/2847
f 2570/2736/2822 2597/2763/2849 2595/2761/2847
f 2595/2761/2847 2597/2763/2849 2596/2762/2848
f 2597/2763/2849 2598/2764/2850 2596/2762/2848
f 2592/2758/2844 2599/2765/2851 2593/2759/2845
f 2596/2762/2848 2599/2765/2851 2592/2758/2844
f 2596/2762/2848 2598/2764/2850 2599/2765/2851
f 2599/2765/2851 2600/2766/2852 2593/2759/2845
f 2598/2764/2850 2601/2767/2853 2599/2765/2851
f 2599/2765/2851 2601/2767/2853 2600/2766/2852
f 2601/2767/2853 2602/2768/2854 2600/2766/2852
f 2593/2759/2845 2600/2766/2852 2603/2769/2855
f 2593/2759/2845 2603/2769/2855 2604/2770/2856
f 2590/2756/2842 2593/2759/2845 2604/2770/2856
f 2590/2756/2842 2604/2770/2856 2605/2771/2857
f 2605/2771/2857 2604/2770/2856 2606/2772/2858
f 2604/2770/2856 2607/2773/2859 2606/2772/2858
f 2604/2770/2856 2603/2769/2855 2607/2773/2859
f 2606/2772/2858 2607/2773/2859 2608/2774/2860
f 2607/2773/2859 2609/2775/2861 2608/2774/2860
f 2608/2774/2860 2609/2775/2861 2481/2647/2733
f 2609/2775/2861 2610/2776/2862 2481/2647/2733
f 2607/2773/2859 2611/2777/2863 2609/2775/2861
f 2603/2769/2855 2611/2777/2863 2607/2773/2859
f 2611/2777/2863 2612/2778/2864 2609/2775/2861
f 2609/2775/2861 2612/2778/2864 2610/2776/2862
f 2612/2778/2864 2613/2779/2865 2610/2776/2862
f 2589/2755/2841 2590/2756/2842 2605/2771/2857
f 2603/2769/2855 2614/2780/2866 2611/2777/2863
f 2614/2780/2866 2615/2781/2867 2611/2777/2863
f 2611/2777/2863 2615/2781/2867 2612/2778/2864
f 2600/2766/2852 2614/2780/2866 2603/2769/2855
f 2600/2766/2852 2602/2768/2854 2614/2780/2866
f 2602/2768/2854 2616/2782/2868 2614/2780/2866
f 2614/2780/2866 2616/2782/2868 2615/2781/2867
f 2616/2782/2868 2617/2783/2869 2615/2781/2867
f 2612/2778/2864 2618/2784/2870 2613/2779/2865
f 2615/2781/2867 2618/2784/2870 2612/2778/2864
f 2615/2781/2867 2617/2783/2869 2618/2784/2870
f 2618/2784/2870 2619/2785/2871 2613/2779/2865
f 2617/2783/2869 2620/2786/2872 2618/2784/2870
f 2618/2784/2870 2620/2786/2872 2619/2785/2871
f 2620/2786/2872 2621/2787/2873 2619/2785/2871
f 2481/2647/2733 2610/2776/2862 2479/2645/2731
f 2613/2779/2865 2619/2785/2871 2622/2788/2874
f 2613/2779/2865 2622/2788/2874 2623/2789/2875
f 2479/2645/2731 2623/2789/2875 2465/2631/2717
f 2623/2789/2875 2624/2790/2876 2465/2631/2717
f 2623/2789/2875 2622/2788/2874 2624/2790/2876
f 2465/2631/2717 2624/2790/2876 2458/2624/2710
f 2624/2790/2876 2625/2791/2877 2458/2624/2710
f 2458/2624/2710 2625/2791/2877 2457/2625/2711
f 2625/2791/2877 2626/2792/2878 2457/2625/2711
f 2624/2790/2876 2627/2793/2879 2625/2791/2877
f 2622/2788/2874 2627/2793/2879 2624/2790/2876
f 2627/2793/2879 2628/2794/2880 2625/2791/2877
f 2625/2791/2877 2628/2794/2880 2626/2792/2878
f 2628/2794/2880 2629/2795/2881 2626/2792/2878
f 2610/2776/2862 2623/2789/2875 2479/2645/2731
f 2610/2776/2862 2613/2779/2865 2623/2789/2875
f 2622/2788/2874 2630/2796/2882 2627/2793/2879
f 2630/2796/2882 2631/2797/2883 2627/2793/2879
f 2627/2793/2879 2631/2797/2883 2628/2794/2880
f 2619/2785/2871 2630/2796/2882 2622/2788/2874
f 2619/2785/2871 2621/2787/2873 2630/2796/2882
f 2621/2787/2873 2632/2798/2884 2630/2796/2882
f 2630/2796/2882 2632/2798/2884 2631/2797/2883
f 2632/2798/2884 2633/2799/2885 2631/2797/2883
f 2628/2794/2880 2634/2800/2886 2629/2795/2881
f 2631/2797/2883 2634/2800/2886 2628/2794/2880
f 2631/2797/2883 2633/2799/2885 2634/2800/2886
f 2634/2800/2886 2635/2801/2887 2629/2795/2881
f 2633/2799/2885 2636/2802/2888 2634/2800/2886
f 2634/2800/2886 2636/2802/2888 2635/2801/2887
f 2636/2802/2888 2637/2803/2889 2635/2801/2887
f 2636/2802/2888 2638/2804/2890 2637/2803/2889
f 2638/2804/2890 2639/2805/2891 2637/2803/2889
f 2640/2806/2892 2638/2804/2890 2636/2802/2888
f 2633/2799/2885 2640/2806/2892 2636/2802/2888
f 2640/2806/2892 2641/2807/2893 2638/2804/2890
f 2641/2807/2893 2642/2808/2894 2638/2804/2890
f 2638/2804/2890 2642/2808/2894 2639/2805/2891
f 2642/2808/2894 2643/2809/2895 2639/2805/2891
f 2644/2810/2896 2640/2806/2892 2633/2799/2885
f 2632/2798/2884 2644/2810/2896 2633/2799/2885
f 2645/2811/2897 2644/2810/2896 2632/2798/2884
f 2621/2787/2873 2645/2811/2897 2632/2798/2884
f 2646/2812/2898 2645/2811/2897 2621/2787/2873
f 2620/2786/2872 2646/2812/2898 2621/2787/2873
f 2647/2813/2899 2646/2812/2898 2620/2786/2872
f 2617/2783/2869 2647/2813/2899 2620/2786/2872
f 2647/2813/2899 2648/2814/2900 2646/2812/2898
f 2648/2814/2900 2649/2815/2901 2646/2812/2898
f 2646/2812/2898 2649/2815/2901 2645/2811/2897
f 2649/2815/2901 2650/2816/2902 2645/2811/2897
f 2645/2811/2897 2650/2816/2902 2644/2810/2896
f 2651/2817/2903 2647/2813/2899 2617/2783/2869
f 2616/2782/2868 2651/2817/2903 2617/2783/2869
f 2652/2818/2904 2651/2817/2903 2616/2782/2868
f 2602/2768/2854 2652/2818/2904 2616/2782/2868
f 2653/2819/2905 2652/2818/2904 2602/2768/2854
f 2601/2767/2853 2653/2819/2905 2602/2768/2854
f 2654/2820/2906 2653/2819/2905 2601/2767/2853
f 2598/2764/2850 2654/2820/2906 2601/2767/2853
f 2654/2820/2906 2655/2821/2907 2653/2819/2905
f 2655/2821/2907 2656/2822/2908 2653/2819/2905
f 2653/2819/2905 2656/2822/2908 2652/2818/2904
f 2656/2822/2908 2657/2823/2909 2652/2818/2904
f 2652/2818/2904 2657/2823/2909 2651/2817/2903
f 2658/2824/2910 2654/2820/2906 2598/2764/2850
f 2597/2763/2849 2658/2824/2910 2598/2764/2850
f 2659/2825/2911 2658/2824/2910 2597/2763/2849
f 2570/2736/2822 2659/2825/2911 2597/2763/2849
f 2570/2736/2822 2571/2737/2823 2659/2825/2911
f 2571/2737/2823 2660/2826/2912 2659/2825/2911
f 2659/2825/2911 2660/2826/2912 2661/2827/2913
f 2659/2825/2911 2661/2827/2913 2658/2824/2910
f 2660/2826/2912 2662/2828/2914 2661/2827/2913
f 2661/2827/2913 2662/2828/2914 2663/2829/2915
f 2662/2828/2914 2664/2830/2916 2663/2829/2915
f 2663/2829/2915 2664/2830/2916 2665/2831/2917
f 2664/2830/2916 2666/2832/2918 2665/2831/2917
f 2666/2832/2918 2667/2833/2919 2665/2831/2917
f 2667/2833/2919 2668/2834/2920 2665/2831/2917
f 2669/2835/2921 2665/2831/2917 2668/2834/2920
f 2670/2836/2922 2669/2835/2921 2668/2834/2920
f 2670/2836/2922 2668/2834/2920 2671/2837/2923
f 2672/2838/2924 2670/2836/2922 2671/2837/2923
f 2672/2838/2924 2671/2837/2923 2673/2839/2925
f 2674/2840/2926 2672/2838/2924 2673/2839/2925
f 2674/2840/2926 2673/2839/2925 2415/2581/2667
f 2413/2579/2665 2674/2840/2926 2415/2581/2667
f 2675/2841/2927 2674/2840/2926 2413/2579/2665
f 2407/2573/2659 2675/2841/2927 2413/2579/2665
f 2676/2842/2928 2672/2838/2924 2674/2840/2926
f 2675/2841/2927 2676/2842/2928 2674/2840/2926
f 2405/2571/2657 2675/2841/2927 2407/2573/2659
f 2404/2570/2656 2676/2842/2928 2675/2841/2927
f 2405/2571/2657 2404/2570/2656 2675/2841/2927
f 2404/2570/2656 2677/2843/2929 2676/2842/2928
f 2677/2843/2929 2678/2844/2930 2676/2842/2928
f 2678/2844/2930 2670/2836/2922 2672/2838/2924
f 2676/2842/2928 2678/2844/2930 2672/2838/2924
f 2401/2567/2653 2677/2843/2929 2404/2570/2656
f 2401/2567/2653 2403/2569/2655 2677/2843/2929
f 2403/2569/2655 2679/2845/2931 2677/2843/2929
f 2677/2843/2929 2679/2845/2931 2678/2844/2930
f 2679/2845/2931 2680/2846/2932 2678/2844/2930
f 2678/2844/2930 2680/2846/2932 2670/2836/2922
f 2680/2846/2932 2669/2835/2921 2670/2836/2922
f 2669/2835/2921 2680/2846/2932 2681/2847/2933
f 2682/2848/2934 2669/2835/2921 2681/2847/2933
f 2682/2848/2934 2681/2847/2933 2655/2821/2907
f 2683/2849/2935 2682/2848/2934 2655/2821/2907
f 2683/2849/2935 2655/2821/2907 2654/2820/2906
f 2658/2824/2910 2683/2849/2935 2654/2820/2906
f 2661/2827/2913 2683/2849/2935 2658/2824/2910
f 2663/2829/2915 2682/2848/2934 2683/2849/2935
f 2661/2827/2913 2663/2829/2915 2683/2849/2935
f 2665/2831/2917 2669/2835/2921 2682/2848/2934
f 2663/2829/2915 2665/2831/2917 2682/2848/2934
f 2655/2821/2907 2681/2847/2933 2656/2822/2908
f 2681/2847/2933 2684/2850/2936 2656/2822/2908
f 2680/2846/2932 2679/2845/2931 2684/2850/2936
f 2681/2847/2933 2680/2846/2932 2684/2850/2936
f 2656/2822/2908 2684/2850/2936 2657/2823/2909
f 2684/2850/2936 2685/2851/2937 2657/2823/2909
f 2684/2850/2936 2679/2845/2931 2685/2851/2937
f 2679/2845/2931 2403/2569/2655 2685/2851/2937
f 2657/2823/2909 2685/2851/2937 2686/2852/2938
f 2657/2823/2909 2686/2852/2938 2651/2817/2903
f 2651/2817/2903 2686/2852/2938 2647/2813/2899
f 2686/2852/2938 2648/2814/2900 2647/2813/2899
f 2686/2852/2938 2687/2853/2939 2648/2814/2900
f 2685/2851/2937 2687/2853/2939 2686/2852/2938
f 2685/2851/2937 2403/2569/2655 2687/2853/2939
f 2687/2853/2939 2688/2854/2940 2648/2814/2900
f 2403/2569/2655 2402/2568/2654 2687/2853/2939
f 2687/2853/2939 2402/2568/2654 2688/2854/2940
f 2402/2568/2654 2399/2565/2651 2688/2854/2940
f 2648/2814/2900 2688/2854/2940 2649/2815/2901
f 2688/2854/2940 2689/2855/2941 2649/2815/2901
f 2688/2854/2940 2399/2565/2651 2689/2855/2941
f 2649/2815/2901 2689/2855/2941 2650/2816/2902
f 2689/2855/2941 2690/2856/2942 2650/2816/2902
f 2399/2565/2651 2398/2564/2650 2689/2855/2941
f 2689/2855/2941 2398/2564/2650 2690/2856/2942
f 2398/2564/2650 2377/2543/2629 2690/2856/2942
f 2650/2816/2902 2690/2856/2942 2691/2857/2943
f 2650/2816/2902 2691/2857/2943 2644/2810/2896
f 2644/2810/2896 2691/2857/2943 2640/2806/2892
f 2691/2857/2943 2641/2807/2893 2640/2806/2892
f 2691/2857/2943 2692/2858/2944 2641/2807/2893
f 2690/2856/2942 2692/2858/2944 2691/2857/2943
f 2690/2856/2942 2377/2543/2629 2692/2858/2944
f 2692/2858/2944 2693/2859/2945 2641/2807/2893
f 2377/2543/2629 2375/2541/2627 2692/2858/2944
f 2692/2858/2944 2375/2541/2627 2693/2859/2945
f 2375/2541/2627 2371/2537/2623 2693/2859/2945
f 2641/2807/2893 2693/2859/2945 2642/2808/2894
f 2693/2859/2945 2694/2860/2946 2642/2808/2894
f 2693/2859/2945 2371/2537/2623 2694/2860/2946
f 2642/2808/2894 2694/2860/2946 2643/2809/2895
f 2694/2860/2946 2695/2861/2947 2643/2809/2895
f 2371/2537/2623 2368/2534/2620 2694/2860/2946
f 2694/2860/2946 2368/2534/2620 2695/2861/2947
f 2368/2534/2620 2369/2535/2621 2695/2861/2947
f 2369/2535/2621 2370/2536/2622 2696/2862/2948
f 2370/2536/2622 2697/2863/2949 2696/2862/2948
f 2696/2862/2948 2697/2863/2949 2698/2864/2950
f 2697/2863/2949 2699/2865/2951 2698/2864/2950
f 2698/2864/2950 2699/2865/2951 2700/2866/2952
f 2699/2865/2951 2701/2867/2953 2700/2866/2952
f 2700/2866/2952 2701/2867/2953 2702/2868/2954
f 2701/2867/2953 2703/2869/2955 2702/2868/2954
f 2699/2865/2951 2704/2870/2956 2701/2867/2953
f 2704/2870/2956 2705/2871/2957 2701/2867/2953
f 2701/2867/2953 2705/2871/2957 2703/2869/2955
f 2705/2871/2957 2706/2872/2958 2703/2869/2955
f 2370/2536/2622 2373/2539/2625 2697/2863/2949
f 2373/2539/2625 2707/2873/2959 2697/2863/2949
f 2707/2873/2959 2704/2870/2956 2699/2865/2951
f 2697/2863/2949 2707/2873/2959 2699/2865/2951
f 2707/2873/2959 2708/2874/2960 2704/2870/2956
f 2708/2874/2960 2709/2875/2961 2704/2870/2956
f 2704/2870/2956 2709/2875/2961 2705/2871/2957
f 2381/2547/2633 2708/2874/2960 2707/2873/2959
f 2373/2539/2625 2381/2547/2633 2707/2873/2959
f 2381/2547/2633 2258/2424/2510 2708/2874/2960
f 2258/2424/2510 2257/2423/2509 2708/2874/2960
f 2708/2874/2960 2257/2423/2509 2709/2875/2961
f 2257/2423/2509 2253/2419/2505 2709/2875/2961
f 2705/2871/2957 2710/2876/2962 2706/2872/2958
f 2709/2875/2961 2710/2876/2962 2705/2871/2957
f 2709/2875/2961 2253/2419/2505 2710/2876/2962
f 2710/2876/2962 2711/2877/2963 2706/2872/2958
f 2253/2419/2505 2251/2417/2503 2710/2876/2962
f 2710/2876/2962 2251/2417/2503 2711/2877/2963
f 2251/2417/2503 2252/2418/2504 2711/2877/2963
f 2342/2508/2594 2712/2878/2964 2344/2510/2596
f 2344/2510/2596 2712/2878/2964 2347/2513/2599
f 2712/2878/2964 2350/2516/2602 2347/2513/2599
f 2712/2878/2964 2713/2879/2965 2350/2516/2602
f 2713/2879/2965 2352/2518/2604 2350/2516/2602
f 2714/2880/2966 2713/2879/2965 2712/2878/2964
f 2342/2508/2594 2714/2880/2966 2712/2878/2964
f 2339/2505/2591 2714/2880/2966 2342/2508/2594
f 2339/2505/2591 2337/2503/2589 2714/2880/2966
f 2337/2503/2589 2334/2500/2586 2714/2880/2966
f 2714/2880/2966 2334/2500/2586 2713/2879/2965
f 2334/2500/2586 2333/2499/2585 2713/2879/2965
f 2713/2879/2965 2333/2499/2585 2352/2518/2604
f 2333/2499/2585 2272/2438/2524 2352/2518/2604
f 2715/2881/2967 2340/2506/2592 2388/2554/2640
f 2411/2577/2663 2715/2881/2967 2388/2554/2640
f 2419/2585/2671 2715/2881/2967 2411/2577/2663
f 2419/2585/2671 2425/2591/2677 2715/2881/2967
f 2425/2591/2677 2427/2593/2679 2715/2881/2967
f 2715/2881/2967 2427/2593/2679 2340/2506/2592
f 2427/2593/2679 2338/2504/2590 2340/2506/2592
f 2718/2882/2968 2717/2883/2969 2716/2884/2970
f 2719/2885/2971 2718/2882/2968 2716/2884/2970
f 2720/2886/2972 2718/2882/2968 2719/2885/2971
f 2721/2887/2973 2720/2886/2972 2719/2885/2971
f 2720/2886/2972 2722/2888/2974 2718/2882/2968
f 2722/2888/2974 2723/2889/2975 2718/2882/2968
f 2718/2882/2968 2723/2889/2975 2717/2883/2969
f 2723/2889/2975 2724/2890/2976 2717/2883/2969
f 2725/2891/2977 2720/2886/2972 2721/2887/2973
f 2726/2892/2978 2725/2891/2977 2721/2887/2973
f 2442/2608/2694 2725/2891/2977 2726/2892/2978
f 2444/2610/2696 2442/2608/2694 2726/2892/2978
f 2442/2608/2694 2440/2606/2692 2725/2891/2977
f 2440/2606/2692 2727/2893/2979 2725/2891/2977
f 2727/2893/2979 2722/2888/2974 2720/2886/2972
f 2725/2891/2977 2727/2893/2979 2720/2886/2972
f 2727/2893/2979 2728/2894/2980 2722/2888/2974
f 2728/2894/2980 2729/2895/2981 2722/2888/2974
f 2722/2888/2974 2729/2895/2981 2723/2889/2975
f 2438/2604/2690 2728/2894/2980 2727/2893/2979
f 2440/2606/2692 2438/2604/2690 2727/2893/2979
f 2438/2604/2690 2436/2602/2688 2728/2894/2980
f 2436/2602/2688 2730/2896/2982 2728/2894/2980
f 2728/2894/2980 2730/2896/2982 2729/2895/2981
f 2730/2896/2982 2731/2897/2983 2729/2895/2981
f 2723/2889/2975 2732/2898/2984 2724/2890/2976
f 2729/2895/2981 2732/2898/2984 2723/2889/2975
f 2729/2895/2981 2731/2897/2983 2732/2898/2984
f 2732/2898/2984 2733/2899/2985 2724/2890/2976
f 2731/2897/2983 2734/2900/2986 2732/2898/2984
f 2732/2898/2984 2734/2900/2986 2733/2899/2985
f 2734/2900/2986 2735/2901/2987 2733/2899/2985
f 2734/2900/2986 2736/2902/2988 2735/2901/2987
f 2736/2902/2988 2737/2903/2989 2735/2901/2987
f 2738/2904/2990 2736/2902/2988 2734/2900/2986
f 2731/2897/2983 2738/2904/2990 2734/2900/2986
f 2738/2904/2990 2739/2905/2991 2736/2902/2988
f 2739/2905/2991 2740/2906/2992 2736/2902/2988
f 2736/2902/2988 2740/2906/2992 2737/2903/2989
f 2740/2906/2992 2741/2907/2993 2737/2903/2989
f 2742/2908/2994 2738/2904/2990 2731/2897/2983
f 2730/2896/2982 2742/2908/2994 2731/2897/2983
f 2435/2601/2687 2742/2908/2994 2730/2896/2982
f 2436/2602/2688 2435/2601/2687 2730/2896/2982
f 2435/2601/2687 2431/2597/2683 2742/2908/2994
f 2431/2597/2683 2743/2909/2995 2742/2908/2994
f 2743/2909/2995 2739/2905/2991 2738/2904/2990
f 2742/2908/2994 2743/2909/2995 2738/2904/2990
f 2743/2909/2995 2744/2910/2996 2739/2905/2991
f 2744/2910/2996 2745/2911/2997 2739/2905/2991
f 2739/2905/2991 2745/2911/2997 2740/2906/2992
f 2423/2589/2675 2744/2910/2996 2743/2909/2995
f 2431/2597/2683 2423/2589/2675 2743/2909/2995
f 2423/2589/2675 2421/2587/2673 2744/2910/2996
f 2421/2587/2673 2746/2912/2998 2744/2910/2996
f 2744/2910/2996 2746/2912/2998 2745/2911/2997
f 2746/2912/2998 2747/2913/2999 2745/2911/2997
f 2740/2906/2992 2748/2914/3000 2741/2907/2993
f 2745/2911/2997 2748/2914/3000 2740/2906/2992
f 2745/2911/2997 2747/2913/2999 2748/2914/3000
f 2748/2914/3000 2749/2915/3001 2741/2907/2993
f 2747/2913/2999 2750/2916/3002 2748/2914/3000
f 2748/2914/3000 2750/2916/3002 2749/2915/3001
f 2750/2916/3002 2751/2917/3003 2749/2915/3001
f 2751/2917/3003 2750/2916/3002 2752/2918/3004
f 2753/2919/3005 2751/2917/3003 2752/2918/3004
f 2753/2919/3005 2752/2918/3004 2754/2920/3006
f 2754/2920/3006 2752/2918/3004 2755/2921/3007
f 2754/2920/3006 2755/2921/3007 2756/2922/3008
f 2756/2922/3008 2755/2921/3007 2757/2923/3009
f 2756/2922/3008 2757/2923/3009 2758/2924/3010
f 2758/2924/3010 2757/2923/3009 2415/2581/2667
f 2757/2923/3009 2414/2580/2666 2415/2581/2667
f 2759/2925/3011 2756/2922/3008 2758/2924/3010
f 2755/2921/3007 2760/2926/3012 2757/2923/3009
f 2757/2923/3009 2760/2926/3012 2414/2580/2666
f 2760/2926/3012 2416/2582/2668 2414/2580/2666
f 2761/2927/3013 2756/2922/3008 2759/2925/3011
f 2761/2927/3013 2754/2920/3006 2756/2922/3008
f 2762/2928/3014 2761/2927/3013 2759/2925/3011
f 2763/2929/3015 2761/2927/3013 2762/2928/3014
f 2764/2930/3016 2763/2929/3015 2762/2928/3014
f 2765/2931/3017 2754/2920/3006 2761/2927/3013
f 2763/2929/3015 2765/2931/3017 2761/2927/3013
f 2765/2931/3017 2753/2919/3005 2754/2920/3006
f 2760/2926/3012 2766/2932/3018 2416/2582/2668
f 2766/2932/3018 2420/2586/2672 2416/2582/2668
f 2767/2933/3019 2766/2932/3018 2760/2926/3012
f 2755/2921/3007 2767/2933/3019 2760/2926/3012
f 2752/2918/3004 2767/2933/3019 2755/2921/3007
f 2752/2918/3004 2750/2916/3002 2767/2933/3019
f 2750/2916/3002 2747/2913/2999 2767/2933/3019
f 2767/2933/3019 2747/2913/2999 2766/2932/3018
f 2747/2913/2999 2746/2912/2998 2766/2932/3018
f 2766/2932/3018 2746/2912/2998 2420/2586/2672
f 2746/2912/2998 2421/2587/2673 2420/2586/2672
f 2764/2930/3016 2762/2928/3014 2768/2934/3020
f 2769/2935/3021 2764/2930/3016 2768/2934/3020
f 2769/2935/3021 2768/2934/3020 2770/2936/3022
f 2770/2936/3022 2768/2934/3020 2771/2937/3023
f 2770/2936/3022 2771/2937/3023 2772/2938/3024
f 2772/2938/3024 2771/2937/3023 2667/2833/2919
f 2772/2938/3024 2667/2833/2919 2666/2832/2918
f 2773/2939/3025 2772/2938/3024 2666/2832/2918
f 2771/2937/3023 2774/2940/3026 2667/2833/2919
f 2667/2833/2919 2774/2940/3026 2668/2834/2920
f 2774/2940/3026 2671/2837/2923 2668/2834/2920
f 2775/2941/3027 2772/2938/3024 2773/2939/3025
f 2775/2941/3027 2770/2936/3022 2772/2938/3024
f 2776/2942/3028 2775/2941/3027 2773/2939/3025
f 2777/2943/3029 2775/2941/3027 2776/2942/3028
f 2778/2944/3030 2777/2943/3029 2776/2942/3028
f 2779/2945/3031 2770/2936/3022 2775/2941/3027
f 2777/2943/3029 2779/2945/3031 2775/2941/3027
f 2779/2945/3031 2769/2935/3021 2770/2936/3022
f 2768/2934/3020 2780/2946/3032 2771/2937/3023
f 2771/2937/3023 2780/2946/3032 2774/2940/3026
f 2768/2934/3020 2762/2928/3014 2780/2946/3032
f 2762/2928/3014 2759/2925/3011 2780/2946/3032
f 2774/2940/3026 2781/2947/3033 2671/2837/2923
f 2780/2946/3032 2781/2947/3033 2774/2940/3026
f 2780/2946/3032 2759/2925/3011 2781/2947/3033
f 2781/2947/3033 2673/2839/2925 2671/2837/2923
f 2759/2925/3011 2758/2924/3010 2781/2947/3033
f 2781/2947/3033 2758/2924/3010 2673/2839/2925
f 2758/2924/3010 2415/2581/2667 2673/2839/2925
f 2779/2945/3031 2777/2943/3029 2782/2948/3034
f 2783/2949/3035 2779/2945/3031 2782/2948/3034
f 2769/2935/3021 2779/2945/3031 2783/2949/3035
f 2784/2950/3036 2769/2935/3021 2783/2949/3035
f 2784/2950/3036 2783/2949/3035 2785/2951/3037
f 2786/2952/3038 2784/2950/3036 2785/2951/3037
f 2786/2952/3038 2785/2951/3037 2787/2953/3039
f 2787/2953/3039 2785/2951/3037 2788/2954/3040
f 2787/2953/3039 2788/2954/3040 2789/2955/3041
f 2789/2955/3041 2788/2954/3040 2790/2956/3042
f 2790/2956/3042 2791/2957/3043 2789/2955/3041
f 2791/2957/3043 2792/2958/3044 2789/2955/3041
f 2789/2955/3041 2792/2958/3044 2793/2959/3045
f 2793/2959/3045 2787/2953/3039 2789/2955/3041
f 2792/2958/3044 2794/2960/3046 2793/2959/3045
f 2793/2959/3045 2794/2960/3046 2795/2961/3047
f 2794/2960/3046 2796/2962/3048 2795/2961/3047
f 2795/2961/3047 2796/2962/3048 2797/2963/3049
f 2796/2962/3048 2798/2964/3050 2797/2963/3049
f 2794/2960/3046 2799/2965/3051 2796/2962/3048
f 2799/2965/3051 2800/2966/3052 2796/2962/3048
f 2796/2962/3048 2800/2966/3052 2798/2964/3050
f 2800/2966/3052 2801/2967/3053 2798/2964/3050
f 2791/2957/3043 2802/2968/3054 2792/2958/3044
f 2802/2968/3054 2803/2969/3055 2792/2958/3044
f 2803/2969/3055 2799/2965/3051 2794/2960/3046
f 2792/2958/3044 2803/2969/3055 2794/2960/3046
f 2803/2969/3055 2804/2970/3056 2799/2965/3051
f 2804/2970/3056 2805/2971/3057 2799/2965/3051
f 2799/2965/3051 2805/2971/3057 2800/2966/3052
f 2806/2972/3058 2804/2970/3056 2803/2969/3055
f 2802/2968/3054 2806/2972/3058 2803/2969/3055
f 2806/2972/3058 2807/2973/3059 2804/2970/3056
f 2807/2973/3059 2808/2974/3060 2804/2970/3056
f 2804/2970/3056 2808/2974/3060 2805/2971/3057
f 2808/2974/3060 2807/2973/3059 2809/2975/3061
f 2808/2974/3060 2809/2975/3061 2810/2976/3062
f 2810/2976/3062 2809/2975/3061 2811/2977/3063
f 2810/2976/3062 2811/2977/3063 2812/2978/3064
f 2812/2978/3064 2811/2977/3063 2813/2979/3065
f 2812/2978/3064 2813/2979/3065 2814/2980/3066
f 2814/2980/3066 2813/2979/3065 2815/2981/3067
f 2813/2979/3065 2816/2982/3068 2815/2981/3067
f 2815/2981/3067 2816/2982/3068 2817/2983/3069
f 2816/2982/3068 2818/2984/3070 2817/2983/3069
f 2817/2983/3069 2818/2984/3070 2819/2985/3071
f 2818/2984/3070 2820/2986/3072 2819/2985/3071
f 2819/2985/3071 2820/2986/3072 2821/2987/3073
f 2820/2986/3072 2822/2988/3074 2821/2987/3073
f 2821/2987/3073 2822/2988/3074 2823/2989/3075
f 2822/2988/3074 2824/2990/3076 2823/2989/3075
f 2823/2989/3075 2824/2990/3076 2825/2991/3077
f 2826/2992/3078 2823/2989/3075 2825/2991/3077
f 2821/2987/3073 2823/2989/3075 2826/2992/3078
f 2826/2992/3078 2825/2991/3077 2827/2993/3079
f 2827/2993/3079 2825/2991/3077 2828/2994/3080
f 2827/2993/3079 2828/2994/3080 2829/2995/3081
f 2829/2995/3081 2828/2994/3080 2830/2996/3082
f 2829/2995/3081 2830/2996/3082 2831/2997/3083
f 2831/2997/3083 2830/2996/3082 2832/2998/3084
f 2830/2996/3082 2833/2999/3085 2832/2998/3084
f 2834/3000/3086 2829/2995/3081 2831/2997/3083
f 2828/2994/3080 2835/3001/3087 2830/2996/3082
f 2830/2996/3082 2835/3001/3087 2833/2999/3085
f 2835/3001/3087 2836/3002/3088 2833/2999/3085
f 2837/3003/3089 2829/2995/3081 2834/3000/3086
f 2837/3003/3089 2827/2993/3079 2829/2995/3081
f 2838/3004/3090 2837/3003/3089 2834/3000/3086
f 2839/3005/3091 2837/3003/3089 2838/3004/3090
f 2840/3006/3092 2839/3005/3091 2838/3004/3090
f 2841/3007/3093 2827/2993/3079 2837/3003/3089
f 2839/3005/3091 2841/3007/3093 2837/3003/3089
f 2841/3007/3093 2826/2992/3078 2827/2993/3079
f 2835/3001/3087 2842/3008/3094 2836/3002/3088
f 2842/3008/3094 2843/3009/3095 2836/3002/3088
f 2844/3010/3096 2842/3008/3094 2835/3001/3087
f 2828/2994/3080 2844/3010/3096 2835/3001/3087
f 2825/2991/3077 2844/3010/3096 2828/2994/3080
f 2825/2991/3077 2824/2990/3076 2844/3010/3096
f 2824/2990/3076 2845/3011/3097 2844/3010/3096
f 2844/3010/3096 2845/3011/3097 2842/3008/3094
f 2845/3011/3097 2846/3012/3098 2842/3008/3094
f 2842/3008/3094 2846/3012/3098 2843/3009/3095
f 2846/3012/3098 2847/3013/3099 2843/3009/3095
f 2848/3014/3100 2845/3011/3097 2824/2990/3076
f 2822/2988/3074 2848/3014/3100 2824/2990/3076
f 2849/3015/3101 2848/3014/3100 2822/2988/3074
f 2820/2986/3072 2849/3015/3101 2822/2988/3074
f 2850/3016/3102 2849/3015/3101 2820/2986/3072
f 2818/2984/3070 2850/3016/3102 2820/2986/3072
f 2851/3017/3103 2850/3016/3102 2818/2984/3070
f 2816/2982/3068 2851/3017/3103 2818/2984/3070
f 2850/3016/3102 2852/3018/3104 2849/3015/3101
f 2852/3018/3104 2853/3019/3105 2849/3015/3101
f 2849/3015/3101 2853/3019/3105 2848/3014/3100
f 2854/3020/3106 2852/3018/3104 2850/3016/3102
f 2851/3017/3103 2854/3020/3106 2850/3016/3102
f 2854/3020/3106 2855/3021/3107 2852/3018/3104
f 2855/3021/3107 2856/3022/3108 2852/3018/3104
f 2852/3018/3104 2856/3022/3108 2853/3019/3105
f 2856/3022/3108 2857/3023/3109 2853/3019/3105
f 2853/3019/3105 2858/3024/3110 2848/3014/3100
f 2853/3019/3105 2857/3023/3109 2858/3024/3110
f 2848/3014/3100 2858/3024/3110 2845/3011/3097
f 2858/3024/3110 2846/3012/3098 2845/3011/3097
f 2857/3023/3109 2859/3025/3111 2858/3024/3110
f 2858/3024/3110 2859/3025/3111 2846/3012/3098
f 2859/3025/3111 2847/3013/3099 2846/3012/3098
f 2860/3026/3112 2851/3017/3103 2816/2982/3068
f 2813/2979/3065 2860/3026/3112 2816/2982/3068
f 2811/2977/3063 2860/3026/3112 2813/2979/3065
f 2861/3027/3113 2854/3020/3106 2851/3017/3103
f 2860/3026/3112 2861/3027/3113 2851/3017/3103
f 2862/3028/3114 2861/3027/3113 2860/3026/3112
f 2811/2977/3063 2862/3028/3114 2860/3026/3112
f 2809/2975/3061 2862/3028/3114 2811/2977/3063
f 2809/2975/3061 2863/3029/3115 2862/3028/3114
f 2807/2973/3059 2863/3029/3115 2809/2975/3061
f 2863/3029/3115 2864/3030/3116 2862/3028/3114
f 2862/3028/3114 2864/3030/3116 2861/3027/3113
f 2864/3030/3116 2865/3031/3117 2861/3027/3113
f 2861/3027/3113 2865/3031/3117 2854/3020/3106
f 2865/3031/3117 2855/3021/3107 2854/3020/3106
f 2867/3032/3118 2866/3033/3119 2840/3006/3092
f 2868/3034/3120 2867/3032/3118 2840/3006/3092
f 2869/3035/3121 2867/3032/3118 2868/3034/3120
f 2870/3036/3122 2869/3035/3121 2868/3034/3120
f 2869/3035/3121 2871/3037/3123 2867/3032/3118
f 2871/3037/3123 2872/3038/3124 2867/3032/3118
f 2867/3032/3118 2872/3038/3124 2866/3033/3119
f 2872/3038/3124 2873/3039/3125 2866/3033/3119
f 2874/3040/3126 2869/3035/3121 2870/3036/3122
f 2875/3041/3127 2874/3040/3126 2870/3036/3122
f 2737/2903/2989 2874/3040/3126 2875/3041/3127
f 2735/2901/2987 2737/2903/2989 2875/3041/3127
f 2737/2903/2989 2741/2907/2993 2874/3040/3126
f 2741/2907/2993 2876/3042/3128 2874/3040/3126
f 2876/3042/3128 2871/3037/3123 2869/3035/3121
f 2874/3040/3126 2876/3042/3128 2869/3035/3121
f 2876/3042/3128 2877/3043/3129 2871/3037/3123
f 2877/3043/3129 2878/3044/3130 2871/3037/3123
f 2871/3037/3123 2878/3044/3130 2872/3038/3124
f 2749/2915/3001 2877/3043/3129 2876/3042/3128
f 2741/2907/2993 2749/2915/3001 2876/3042/3128
f 2749/2915/3001 2751/2917/3003 2877/3043/3129
f 2751/2917/3003 2879/3045/3131 2877/3043/3129
f 2877/3043/3129 2879/3045/3131 2878/3044/3130
f 2879/3045/3131 2880/3046/3132 2878/3044/3130
f 2872/3038/3124 2881/3047/3133 2873/3039/3125
f 2878/3044/3130 2881/3047/3133 2872/3038/3124
f 2878/3044/3130 2880/3046/3132 2881/3047/3133
f 2881/3047/3133 2882/3048/3134 2873/3039/3125
f 2880/3046/3132 2883/3049/3135 2881/3047/3133
f 2881/3047/3133 2883/3049/3135 2882/3048/3134
f 2883/3049/3135 2884/3050/3136 2882/3048/3134
f 2735/2901/2987 2875/3041/3127 2733/2899/2985
f 2875/3041/3127 2885/3051/3137 2733/2899/2985
f 2733/2899/2985 2885/3051/3137 2724/2890/2976
f 2885/3051/3137 2886/3052/3138 2724/2890/2976
f 2724/2890/2976 2886/3052/3138 2717/2883/2969
f 2886/3052/3138 2887/3053/3139 2717/2883/2969
f 2717/2883/2969 2887/3053/3139 2716/2884/2970
f 2887/3053/3139 2888/3054/3140 2716/2884/2970
f 2886/3052/3138 2889/3055/3141 2887/3053/3139
f 2889/3055/3141 2890/3056/3142 2887/3053/3139
f 2887/3053/3139 2890/3056/3142 2888/3054/3140
f 2890/3056/3142 2891/3057/3143 2888/3054/3140
f 2875/3041/3127 2870/3036/3122 2885/3051/3137
f 2870/3036/3122 2892/3058/3144 2885/3051/3137
f 2892/3058/3144 2889/3055/3141 2886/3052/3138
f 2885/3051/3137 2892/3058/3144 2886/3052/3138
f 2892/3058/3144 2893/3059/3145 2889/3055/3141
f 2893/3059/3145 2894/3060/3146 2889/3055/3141
f 2889/3055/3141 2894/3060/3146 2890/3056/3142
f 2868/3034/3120 2893/3059/3145 2892/3058/3144
f 2870/3036/3122 2868/3034/3120 2892/3058/3144
f 2868/3034/3120 2840/3006/3092 2893/3059/3145
f 2840/3006/3092 2838/3004/3090 2893/3059/3145
f 2893/3059/3145 2838/3004/3090 2894/3060/3146
f 2838/3004/3090 2834/3000/3086 2894/3060/3146
f 2890/3056/3142 2895/3061/3147 2891/3057/3143
f 2894/3060/3146 2895/3061/3147 2890/3056/3142
f 2894/3060/3146 2834/3000/3086 2895/3061/3147
f 2895/3061/3147 2896/3062/3148 2891/3057/3143
f 2834/3000/3086 2831/2997/3083 2895/3061/3147
f 2895/3061/3147 2831/2997/3083 2896/3062/3148
f 2831/2997/3083 2832/2998/3084 2896/3062/3148
f 2897/3063/3149 2839/3005/3091 2840/3006/3092
f 2866/3033/3119 2897/3063/3149 2840/3006/3092
f 2898/3064/3150 2897/3063/3149 2866/3033/3119
f 2873/3039/3125 2898/3064/3150 2866/3033/3119
f 2898/3064/3150 2899/3065/3151 2897/3063/3149
f 2899/3065/3151 2900/3066/3152 2897/3063/3149
f 2897/3063/3149 2900/3066/3152 2839/3005/3091
f 2900/3066/3152 2841/3007/3093 2839/3005/3091
f 2901/3067/3153 2898/3064/3150 2873/3039/3125
f 2882/3048/3134 2901/3067/3153 2873/3039/3125
f 2902/3068/3154 2901/3067/3153 2882/3048/3134
f 2884/3050/3136 2902/3068/3154 2882/3048/3134
f 2902/3068/3154 2903/3069/3155 2901/3067/3153
f 2903/3069/3155 2904/3070/3156 2901/3067/3153
f 2904/3070/3156 2899/3065/3151 2898/3064/3150
f 2901/3067/3153 2904/3070/3156 2898/3064/3150
f 2904/3070/3156 2905/3071/3157 2899/3065/3151
f 2905/3071/3157 2906/3072/3158 2899/3065/3151
f 2899/3065/3151 2906/3072/3158 2900/3066/3152
f 2907/3073/3159 2905/3071/3157 2904/3070/3156
f 2903/3069/3155 2907/3073/3159 2904/3070/3156
f 2907/3073/3159 2815/2981/3067 2905/3071/3157
f 2815/2981/3067 2817/2983/3069 2905/3071/3157
f 2905/3071/3157 2817/2983/3069 2906/3072/3158
f 2817/2983/3069 2819/2985/3071 2906/3072/3158
f 2900/3066/3152 2908/3074/3160 2841/3007/3093
f 2906/3072/3158 2908/3074/3160 2900/3066/3152
f 2906/3072/3158 2819/2985/3071 2908/3074/3160
f 2908/3074/3160 2826/2992/3078 2841/3007/3093
f 2819/2985/3071 2821/2987/3073 2908/3074/3160
f 2908/3074/3160 2821/2987/3073 2826/2992/3078
f 2909/3075/3161 2902/3068/3154 2884/3050/3136
f 2910/3076/3162 2909/3075/3161 2884/3050/3136
f 2910/3076/3162 2884/3050/3136 2911/3077/3163
f 2910/3076/3162 2911/3077/3163 2912/3078/3164
f 2912/3078/3164 2911/3077/3163 2913/3079/3165
f 2912/3078/3164 2913/3079/3165 2914/3080/3166
f 2914/3080/3166 2913/3079/3165 2915/3081/3167
f 2914/3080/3166 2915/3081/3167 2916/3082/3168
f 2916/3082/3168 2915/3081/3167 2764/2930/3016
f 2915/3081/3167 2763/2929/3015 2764/2930/3016
f 2917/3083/3169 2914/3080/3166 2916/3082/3168
f 2913/3079/3165 2918/3084/3170 2915/3081/3167
f 2915/3081/3167 2918/3084/3170 2763/2929/3015
f 2918/3084/3170 2765/2931/3017 2763/2929/3015
f 2919/3085/3171 2914/3080/3166 2917/3083/3169
f 2919/3085/3171 2912/3078/3164 2914/3080/3166
f 2920/3086/3172 2919/3085/3171 2917/3083/3169
f 2921/3087/3173 2919/3085/3171 2920/3086/3172
f 2797/2963/3049 2921/3087/3173 2920/3086/3172
f 2922/3088/3174 2912/3078/3164 2919/3085/3171
f 2921/3087/3173 2922/3088/3174 2919/3085/3171
f 2911/3077/3163 2923/3089/3175 2913/3079/3165
f 2913/3079/3165 2923/3089/3175 2918/3084/3170
f 2911/3077/3163 2883/3049/3135 2923/3089/3175
f 2884/3050/3136 2883/3049/3135 2911/3077/3163
f 2883/3049/3135 2880/3046/3132 2923/3089/3175
f 2918/3084/3170 2924/3090/3176 2765/2931/3017
f 2923/3089/3175 2924/3090/3176 2918/3084/3170
f 2923/3089/3175 2880/3046/3132 2924/3090/3176
f 2924/3090/3176 2753/2919/3005 2765/2931/3017
f 2880/3046/3132 2879/3045/3131 2924/3090/3176
f 2924/3090/3176 2879/3045/3131 2753/2919/3005
f 2879/3045/3131 2751/2917/3003 2753/2919/3005
f 2797/2963/3049 2920/3086/3172 2795/2961/3047
f 2920/3086/3172 2925/3091/3177 2795/2961/3047
f 2795/2961/3047 2925/3091/3177 2793/2959/3045
f 2925/3091/3177 2787/2953/3039 2793/2959/3045
f 2925/3091/3177 2786/2952/3038 2787/2953/3039
f 2917/3083/3169 2786/2952/3038 2925/3091/3177
f 2920/3086/3172 2917/3083/3169 2925/3091/3177
f 2917/3083/3169 2916/3082/3168 2786/2952/3038
f 2916/3082/3168 2784/2950/3036 2786/2952/3038
f 2916/3082/3168 2764/2930/3016 2784/2950/3036
f 2764/2930/3016 2769/2935/3021 2784/2950/3036
f 2926/3092/3178 2812/2978/3064 2814/2980/3066
f 2927/3093/3179 2812/2978/3064 2926/3092/3178
f 2928/3094/3180 2927/3093/3179 2926/3092/3178
f 2929/3095/3181 2927/3093/3179 2928/3094/3180
f 2930/3096/3182 2929/3095/3181 2928/3094/3180
f 2929/3095/3181 2931/3097/3183 2927/3093/3179
f 2931/3097/3183 2810/2976/3062 2927/3093/3179
f 2927/3093/3179 2810/2976/3062 2812/2978/3064
f 2931/3097/3183 2808/2974/3060 2810/2976/3062
f 2808/2974/3060 2931/3097/3183 2805/2971/3057
f 2931/3097/3183 2929/3095/3181 2932/3098/3184
f 2805/2971/3057 2931/3097/3183 2932/3098/3184
f 2805/2971/3057 2932/3098/3184 2800/2966/3052
f 2800/2966/3052 2932/3098/3184 2801/2967/3053
f 2932/3098/3184 2933/3099/3185 2801/2967/3053
f 2929/3095/3181 2930/3096/3182 2933/3099/3185
f 2932/3098/3184 2929/3095/3181 2933/3099/3185
f 2801/2967/3053 2933/3099/3185 2934/3100/3186
f 2801/2967/3053 2934/3100/3186 2935/3101/3187
f 2798/2964/3050 2801/2967/3053 2935/3101/3187
f 2798/2964/3050 2935/3101/3187 2921/3087/3173
f 2921/3087/3173 2935/3101/3187 2922/3088/3174
f 2935/3101/3187 2936/3102/3188 2922/3088/3174
f 2935/3101/3187 2934/3100/3186 2936/3102/3188
f 2922/3088/3174 2936/3102/3188 2910/3076/3162
f 2922/3088/3174 2910/3076/3162 2912/3078/3164
f 2936/3102/3188 2909/3075/3161 2910/3076/3162
f 2936/3102/3188 2937/3103/3189 2909/3075/3161
f 2934/3100/3186 2937/3103/3189 2936/3102/3188
f 2937/3103/3189 2938/3104/3190 2909/3075/3161
f 2909/3075/3161 2938/3104/3190 2902/3068/3154
f 2938/3104/3190 2903/3069/3155 2902/3068/3154
f 2797/2963/3049 2798/2964/3050 2921/3087/3173
f 2934/3100/3186 2939/3105/3191 2937/3103/3189
f 2933/3099/3185 2939/3105/3191 2934/3100/3186
f 2939/3105/3191 2940/3106/3192 2937/3103/3189
f 2937/3103/3189 2940/3106/3192 2938/3104/3190
f 2939/3105/3191 2928/3094/3180 2940/3106/3192
f 2930/3096/3182 2928/3094/3180 2939/3105/3191
f 2933/3099/3185 2930/3096/3182 2939/3105/3191
f 2928/3094/3180 2926/3092/3178 2940/3106/3192
f 2938/3104/3190 2941/3107/3193 2903/3069/3155
f 2940/3106/3192 2941/3107/3193 2938/3104/3190
f 2940/3106/3192 2926/3092/3178 2941/3107/3193
f 2941/3107/3193 2907/3073/3159 2903/3069/3155
f 2926/3092/3178 2814/2980/3066 2941/3107/3193
f 2941/3107/3193 2814/2980/3066 2907/3073/3159
f 2814/2980/3066 2815/2981/3067 2907/3073/3159
f 2943/3108/3194 2942/3109/3195 2558/2724/2810
f 2562/2728/2814 2943/3108/3194 2558/2724/2810
f 2944/3110/3196 2943/3108/3194 2562/2728/2814
f 2548/2714/2800 2944/3110/3196 2562/2728/2814
f 2944/3110/3196 2945/3111/3197 2943/3108/3194
f 2945/3111/3197 2946/3112/3198 2943/3108/3194
f 2943/3108/3194 2946/3112/3198 2942/3109/3195
f 2946/3112/3198 2947/3113/3199 2942/3109/3195
f 2558/2724/2810 2942/3109/3195 2559/2725/2811
f 2942/3109/3195 2948/3114/3200 2559/2725/2811
f 2942/3109/3195 2947/3113/3199 2948/3114/3200
f 2559/2725/2811 2948/3114/3200 2560/2726/2812
f 2948/3114/3200 2949/3115/3201 2560/2726/2812
f 2947/3113/3199 2950/3116/3202 2948/3114/3200
f 2948/3114/3200 2950/3116/3202 2949/3115/3201
f 2950/3116/3202 2951/3117/3203 2949/3115/3201
f 2944/3110/3196 2952/3118/3204 2945/3111/3197
f 2952/3118/3204 2953/3119/3205 2945/3111/3197
f 2546/2712/2798 2952/3118/3204 2944/3110/3196
f 2548/2714/2800 2546/2712/2798 2944/3110/3196
f 2546/2712/2798 2545/2711/2797 2952/3118/3204
f 2545/2711/2797 2954/3120/3206 2952/3118/3204
f 2952/3118/3204 2954/3120/3206 2953/3119/3205
f 2954/3120/3206 2955/3121/3207 2953/3119/3205
f 2954/3120/3206 2956/3122/3208 2955/3121/3207
f 2956/3122/3208 2957/3123/3209 2955/3121/3207
f 2958/3124/3210 2956/3122/3208 2954/3120/3206
f 2545/2711/2797 2958/3124/3210 2954/3120/3206
f 2560/2726/2812 2949/3115/3201 2959/3125/3211
f 2949/3115/3201 2960/3126/3212 2959/3125/3211
f 2949/3115/3201 2951/3117/3203 2960/3126/3212
f 2951/3117/3203 2961/3127/3213 2960/3126/3212
f 2788/2954/3040 2962/3128/3214 2790/2956/3042
f 2788/2954/3040 2963/3129/3215 2962/3128/3214
f 2785/2951/3037 2963/3129/3215 2788/2954/3040
f 2963/3129/3215 2964/3130/3216 2962/3128/3214
f 2963/3129/3215 2782/2948/3034 2964/3130/3216
f 2782/2948/3034 2965/3131/3217 2964/3130/3216
f 2783/2949/3035 2782/2948/3034 2963/3129/3215
f 2785/2951/3037 2783/2949/3035 2963/3129/3215
f 2782/2948/3034 2777/2943/3029 2965/3131/3217
f 2777/2943/3029 2778/2944/3030 2965/3131/3217
f 2966/3132/3218 2965/3131/3217 2778/2944/3030
f 2967/3133/3219 2966/3132/3218 2778/2944/3030
f 2968/3134/3220 2966/3132/3218 2967/3133/3219
f 2969/3135/3221 2968/3134/3220 2967/3133/3219
f 2968/3134/3220 2970/3136/3222 2966/3132/3218
f 2970/3136/3222 2971/3137/3223 2966/3132/3218
f 2971/3137/3223 2964/3130/3216 2965/3131/3217
f 2966/3132/3218 2971/3137/3223 2965/3131/3217
f 2972/3138/3224 2968/3134/3220 2969/3135/3221
f 2973/3139/3225 2972/3138/3224 2969/3135/3221
f 2557/2723/2809 2972/3138/3224 2973/3139/3225
f 2556/2722/2808 2557/2723/2809 2973/3139/3225
f 2557/2723/2809 2560/2726/2812 2972/3138/3224
f 2560/2726/2812 2959/3125/3211 2972/3138/3224
f 2959/3125/3211 2970/3136/3222 2968/3134/3220
f 2972/3138/3224 2959/3125/3211 2968/3134/3220
f 2959/3125/3211 2960/3126/3212 2970/3136/3222
f 2960/3126/3212 2974/3140/3226 2970/3136/3222
f 2970/3136/3222 2974/3140/3226 2971/3137/3223
f 2960/3126/3212 2961/3127/3213 2974/3140/3226
f 2961/3127/3213 2975/3141/3227 2974/3140/3226
f 2974/3140/3226 2976/3142/3228 2971/3137/3223
f 2974/3140/3226 2975/3141/3227 2976/3142/3228
f 2971/3137/3223 2976/3142/3228 2964/3130/3216
f 2976/3142/3228 2962/3128/3214 2964/3130/3216
f 2975/3141/3227 2977/3143/3229 2976/3142/3228
f 2976/3142/3228 2977/3143/3229 2962/3128/3214
f 2977/3143/3229 2790/2956/3042 2962/3128/3214
f 2556/2722/2808 2973/3139/3225 2978/3144/3230
f 2581/2747/2833 2556/2722/2808 2978/3144/3230
f 2581/2747/2833 2978/3144/3230 2979/3145/3231
f 2979/3145/3231 2978/3144/3230 2980/3146/3232
f 2979/3145/3231 2980/3146/3232 2662/2828/2914
f 2662/2828/2914 2980/3146/3232 2664/2830/2916
f 2980/3146/3232 2981/3147/3233 2664/2830/2916
f 2664/2830/2916 2981/3147/3233 2666/2832/2918
f 2981/3147/3233 2773/2939/3025 2666/2832/2918
f 2660/2826/2912 2979/3145/3231 2662/2828/2914
f 2574/2740/2826 2979/3145/3231 2660/2826/2912
f 2574/2740/2826 2581/2747/2833 2979/3145/3231
f 2571/2737/2823 2574/2740/2826 2660/2826/2912
f 2978/3144/3230 2982/3148/3234 2980/3146/3232
f 2980/3146/3232 2982/3148/3234 2981/3147/3233
f 2978/3144/3230 2973/3139/3225 2982/3148/3234
f 2973/3139/3225 2969/3135/3221 2982/3148/3234
f 2981/3147/3233 2983/3149/3235 2773/2939/3025
f 2982/3148/3234 2983/3149/3235 2981/3147/3233
f 2982/3148/3234 2969/3135/3221 2983/3149/3235
f 2983/3149/3235 2776/2942/3028 2773/2939/3025
f 2969/3135/3221 2967/3133/3219 2983/3149/3235
f 2983/3149/3235 2967/3133/3219 2776/2942/3028
f 2967/3133/3219 2778/2944/3030 2776/2942/3028
f 2984/3150/3236 2547/2713/2799 2549/2715/2801
f 2561/2727/2813 2984/3150/3236 2549/2715/2801
f 2984/3150/3236 2985/3151/3237 2547/2713/2799
f 2985/3151/3237 2544/2710/2796 2547/2713/2799
f 2985/3151/3237 2543/2709/2795 2544/2710/2796
f 2543/2709/2795 2985/3151/3237 2986/3152/3238
f 2987/3153/3239 2543/2709/2795 2986/3152/3238
f 2987/3153/3239 2986/3152/3238 2988/3154/3240
f 2989/3155/3241 2987/3153/3239 2988/3154/3240
f 2989/3155/3241 2988/3154/3240 2990/3156/3242
f 2990/3156/3242 2988/3154/3240 2991/3157/3243
f 2990/3156/3242 2991/3157/3243 2992/3158/3244
f 2992/3158/3244 2991/3157/3243 2578/2744/2830
f 2991/3157/3243 2577/2743/2829 2578/2744/2830
f 2993/3159/3245 2990/3156/3242 2992/3158/3244
f 2988/3154/3240 2994/3160/3246 2991/3157/3243
f 2991/3157/3243 2994/3160/3246 2577/2743/2829
f 2988/3154/3240 2986/3152/3238 2994/3160/3246
f 2994/3160/3246 2579/2745/2831 2577/2743/2829
f 2995/3161/3247 2990/3156/3242 2993/3159/3245
f 2995/3161/3247 2989/3155/3241 2990/3156/3242
f 2996/3162/3248 2995/3161/3247 2993/3159/3245
f 2523/2689/2775 2995/3161/3247 2996/3162/3248
f 2517/2683/2769 2523/2689/2775 2996/3162/3248
f 2527/2693/2779 2989/3155/3241 2995/3161/3247
f 2523/2689/2775 2527/2693/2779 2995/3161/3247
f 2539/2705/2791 2987/3153/3239 2989/3155/3241
f 2527/2693/2779 2539/2705/2791 2989/3155/3241
f 2994/3160/3246 2997/3163/3249 2579/2745/2831
f 2997/3163/3249 2564/2730/2816 2579/2745/2831
f 2986/3152/3238 2997/3163/3249 2994/3160/3246
f 2986/3152/3238 2985/3151/3237 2997/3163/3249
f 2985/3151/3237 2984/3150/3236 2997/3163/3249
f 2997/3163/3249 2984/3150/3236 2564/2730/2816
f 2984/3150/3236 2561/2727/2813 2564/2730/2816
f 2517/2683/2769 2996/3162/3248 2518/2684/2770
f 2996/3162/3248 2998/3164/3250 2518/2684/2770
f 2518/2684/2770 2998/3164/3250 2519/2685/2771
f 2998/3164/3250 2999/3165/3251 2519/2685/2771
f 2519/2685/2771 2999/3165/3251 2521/2687/2773
f 2999/3165/3251 3000/3166/3252 2521/2687/2773
f 2521/2687/2773 3000/3166/3252 2497/2663/2749
f 3000/3166/3252 3001/3167/3253 2497/2663/2749
f 2999/3165/3251 3002/3168/3254 3000/3166/3252
f 3002/3168/3254 3003/3169/3255 3000/3166/3252
f 3000/3166/3252 3003/3169/3255 3001/3167/3253
f 3003/3169/3255 3004/3170/3256 3001/3167/3253
f 3005/3171/3257 3002/3168/3254 2999/3165/3251
f 2998/3164/3250 3005/3171/3257 2999/3165/3251
f 2993/3159/3245 3005/3171/3257 2998/3164/3250
f 2996/3162/3248 2993/3159/3245 2998/3164/3250
f 3005/3171/3257 3006/3172/3258 3002/3168/3254
f 3006/3172/3258 3007/3173/3259 3002/3168/3254
f 3002/3168/3254 3007/3173/3259 3003/3169/3255
f 2992/3158/3244 3006/3172/3258 3005/3171/3257
f 2993/3159/3245 2992/3158/3244 3005/3171/3257
f 2992/3158/3244 2578/2744/2830 3006/3172/3258
f 2578/2744/2830 2583/2749/2835 3006/3172/3258
f 3006/3172/3258 2583/2749/2835 3007/3173/3259
f 2583/2749/2835 2585/2751/2837 3007/3173/3259
f 3003/3169/3255 3008/3174/3260 3004/3170/3256
f 3007/3173/3259 3008/3174/3260 3003/3169/3255
f 3007/3173/3259 2585/2751/2837 3008/3174/3260
f 3008/3174/3260 3009/3175/3261 3004/3170/3256
f 2585/2751/2837 2587/2753/2839 3008/3174/3260
f 3008/3174/3260 2587/2753/2839 3009/3175/3261
f 2587/2753/2839 2589/2755/2841 3009/3175/3261
f 3004/3170/3256 3009/3175/3261 3010/3176/3262
f 3004/3170/3256 3010/3176/3262 3011/3177/3263
f 3001/3167/3253 3004/3170/3256 3011/3177/3263
f 3001/3167/3253 3011/3177/3263 2498/2664/2750
f 2498/2664/2750 3011/3177/3263 2499/2665/2751
f 3011/3177/3263 3012/3178/3264 2499/2665/2751
f 3011/3177/3263 3010/3176/3262 3012/3178/3264
f 2499/2665/2751 3012/3178/3264 2501/2667/2753
f 3012/3178/3264 3013/3179/3265 2501/2667/2753
f 2501/2667/2753 3013/3179/3265 2475/2641/2727
f 3013/3179/3265 2476/2642/2728 2475/2641/2727
f 3012/3178/3264 3014/3180/3266 3013/3179/3265
f 3010/3176/3262 3014/3180/3266 3012/3178/3264
f 3014/3180/3266 3015/3181/3267 3013/3179/3265
f 3013/3179/3265 3015/3181/3267 2476/2642/2728
f 3015/3181/3267 2477/2643/2729 2476/2642/2728
f 2497/2663/2749 3001/3167/3253 2498/2664/2750
f 3010/3176/3262 3016/3182/3268 3014/3180/3266
f 3016/3182/3268 3017/3183/3269 3014/3180/3266
f 3014/3180/3266 3017/3183/3269 3015/3181/3267
f 3009/3175/3261 3016/3182/3268 3010/3176/3262
f 3009/3175/3261 2589/2755/2841 3016/3182/3268
f 2589/2755/2841 2605/2771/2857 3016/3182/3268
f 3016/3182/3268 2605/2771/2857 3017/3183/3269
f 2605/2771/2857 2606/2772/2858 3017/3183/3269
f 3015/3181/3267 3018/3184/3270 2477/2643/2729
f 3017/3183/3269 3018/3184/3270 3015/3181/3267
f 3017/3183/3269 2606/2772/2858 3018/3184/3270
f 3018/3184/3270 2480/2646/2732 2477/2643/2729
f 2606/2772/2858 2608/2774/2860 3018/3184/3270
f 3018/3184/3270 2608/2774/2860 2480/2646/2732
f 2608/2774/2860 2481/2647/2733 2480/2646/2732
f 2542/2708/2794 2958/3124/3210 2545/2711/2797
f 2542/2708/2794 2540/2706/2792 2958/3124/3210
f 2540/2706/2792 2537/2703/2789 2958/3124/3210
f 2958/3124/3210 2537/2703/2789 2956/3122/3208
f 2537/2703/2789 2536/2702/2788 2956/3122/3208
f 2956/3122/3208 2536/2702/2788 2957/3123/3209
f 2536/2702/2788 2535/2701/2787 2957/3123/3209
f 2541/2707/2793 2543/2709/2795 2987/3153/3239
f 2539/2705/2791 2541/2707/2793 2987/3153/3239
f 3021/3185/3271 3020/3186/3272 3019/3187/3273
f 3022/3188/3274 3021/3185/3271 3019/3187/3273
f 3023/3189/3275 3021/3185/3271 3022/3188/3274
f 3024/3190/3276 3023/3189/3275 3022/3188/3274
f 3023/3189/3275 3025/3191/3277 3021/3185/3271
f 3025/3191/3277 3026/3192/3278 3021/3185/3271
f 3021/3185/3271 3026/3192/3278 3020/3186/3272
f 3026/3192/3278 3027/3193/3279 3020/3186/3272
f 3028/3194/3280 3023/3189/3275 3024/3190/3276
f 3029/3195/3281 3028/3194/3280 3024/3190/3276
f 3030/3196/3282 3028/3194/3280 3029/3195/3281
f 3031/3197/3283 3030/3196/3282 3029/3195/3281
f 3030/3196/3282 3032/3198/3284 3028/3194/3280
f 3032/3198/3284 3033/3199/3285 3028/3194/3280
f 3033/3199/3285 3025/3191/3277 3023/3189/3275
f 3028/3194/3280 3033/3199/3285 3023/3189/3275
f 3033/3199/3285 3034/3200/3286 3025/3191/3277
f 3034/3200/3286 3035/3201/3287 3025/3191/3277
f 3025/3191/3277 3035/3201/3287 3026/3192/3278
f 3036/3202/3288 3034/3200/3286 3033/3199/3285
f 3032/3198/3284 3036/3202/3288 3033/3199/3285
f 3036/3202/3288 3037/3203/3289 3034/3200/3286
f 3037/3203/3289 3038/3204/3290 3034/3200/3286
f 3034/3200/3286 3038/3204/3290 3035/3201/3287
f 3038/3204/3290 3039/3205/3291 3035/3201/3287
f 3026/3192/3278 3040/3206/3292 3027/3193/3279
f 3035/3201/3287 3040/3206/3292 3026/3192/3278
f 3035/3201/3287 3039/3205/3291 3040/3206/3292
f 3040/3206/3292 3041/3207/3293 3027/3193/3279
f 3039/3205/3291 3042/3208/3294 3040/3206/3292
f 3040/3206/3292 3042/3208/3294 3041/3207/3293
f 3042/3208/3294 3043/3209/3295 3041/3207/3293
f 3042/3208/3294 3044/3210/3296 3043/3209/3295
f 3044/3210/3296 3045/3211/3297 3043/3209/3295
f 3046/3212/3298 3044/3210/3296 3042/3208/3294
f 3039/3205/3291 3046/3212/3298 3042/3208/3294
f 3046/3212/3298 3047/3213/3299 3044/3210/3296
f 3047/3213/3299 3048/3214/3300 3044/3210/3296
f 3044/3210/3296 3048/3214/3300 3045/3211/3297
f 3048/3214/3300 3049/3215/3301 3045/3211/3297
f 3050/3216/3302 3046/3212/3298 3039/3205/3291
f 3038/3204/3290 3050/3216/3302 3039/3205/3291
f 3051/3217/3303 3050/3216/3302 3038/3204/3290
f 3037/3203/3289 3051/3217/3303 3038/3204/3290
f 3051/3217/3303 3052/3218/3304 3050/3216/3302
f 3052/3218/3304 3053/3219/3305 3050/3216/3302
f 3053/3219/3305 3047/3213/3299 3046/3212/3298
f 3050/3216/3302 3053/3219/3305 3046/3212/3298
f 3053/3219/3305 3054/3220/3306 3047/3213/3299
f 3054/3220/3306 3055/3221/3307 3047/3213/3299
f 3047/3213/3299 3055/3221/3307 3048/3214/3300
f 3056/3222/3308 3054/3220/3306 3053/3219/3305
f 3052/3218/3304 3056/3222/3308 3053/3219/3305
f 3056/3222/3308 3057/3223/3309 3054/3220/3306
f 3057/3223/3309 3058/3224/3310 3054/3220/3306
f 3054/3220/3306 3058/3224/3310 3055/3221/3307
f 3058/3224/3310 3059/3225/3311 3055/3221/3307
f 3048/3214/3300 3060/3226/3312 3049/3215/3301
f 3055/3221/3307 3060/3226/3312 3048/3214/3300
f 3055/3221/3307 3059/3225/3311 3060/3226/3312
f 3060/3226/3312 3061/3227/3313 3049/3215/3301
f 3059/3225/3311 3062/3228/3314 3060/3226/3312
f 3060/3226/3312 3062/3228/3314 3061/3227/3313
f 3062/3228/3314 3063/3229/3315 3061/3227/3313
f 3063/3229/3315 3062/3228/3314 3064/3230/3316
f 3062/3228/3314 3065/3231/3317 3064/3230/3316
f 3062/3228/3314 3059/3225/3311 3065/3231/3317
f 3064/3230/3316 3065/3231/3317 3066/3232/3318
f 3065/3231/3317 3067/3233/3319 3066/3232/3318
f 3066/3232/3318 3067/3233/3319 3068/3234/3320
f 3067/3233/3319 3069/3235/3321 3068/3234/3320
f 3068/3234/3320 3069/3235/3321 3070/3236/3322
f 3069/3235/3321 3071/3237/3323 3070/3236/3322
f 3067/3233/3319 3072/3238/3324 3069/3235/3321
f 3072/3238/3324 3073/3239/3325 3069/3235/3321
f 3069/3235/3321 3073/3239/3325 3071/3237/3323
f 3073/3239/3325 3074/3240/3326 3071/3237/3323
f 3059/3225/3311 3075/3241/3327 3065/3231/3317
f 3075/3241/3327 3072/3238/3324 3067/3233/3319
f 3065/3231/3317 3075/3241/3327 3067/3233/3319
f 3075/3241/3327 3076/3242/3328 3072/3238/3324
f 3076/3242/3328 3077/3243/3329 3072/3238/3324
f 3072/3238/3324 3077/3243/3329 3073/3239/3325
f 3058/3224/3310 3076/3242/3328 3075/3241/3327
f 3059/3225/3311 3058/3224/3310 3075/3241/3327
f 3058/3224/3310 3057/3223/3309 3076/3242/3328
f 3057/3223/3309 3078/3244/3330 3076/3242/3328
f 3076/3242/3328 3078/3244/3330 3077/3243/3329
f 3078/3244/3330 3079/3245/3331 3077/3243/3329
f 3073/3239/3325 3080/3246/3332 3074/3240/3326
f 3077/3243/3329 3080/3246/3332 3073/3239/3325
f 3077/3243/3329 3079/3245/3331 3080/3246/3332
f 3080/3246/3332 3081/3247/3333 3074/3240/3326
f 3079/3245/3331 3082/3248/3334 3080/3246/3332
f 3080/3246/3332 3082/3248/3334 3081/3247/3333
f 3082/3248/3334 3083/3249/3335 3081/3247/3333
f 3082/3248/3334 3084/3250/3336 3083/3249/3335
f 3084/3250/3336 3085/3251/3337 3083/3249/3335
f 3086/3252/3338 3084/3250/3336 3082/3248/3334
f 3079/3245/3331 3086/3252/3338 3082/3248/3334
f 3086/3252/3338 3087/3253/3339 3084/3250/3336
f 3087/3253/3339 3088/3254/3340 3084/3250/3336
f 3084/3250/3336 3088/3254/3340 3085/3251/3337
f 3088/3254/3340 3089/3255/3341 3085/3251/3337
f 3090/3256/3342 3086/3252/3338 3079/3245/3331
f 3078/3244/3330 3090/3256/3342 3079/3245/3331
f 3091/3257/3343 3090/3256/3342 3078/3244/3330
f 3057/3223/3309 3091/3257/3343 3078/3244/3330
f 3091/3257/3343 3057/3223/3309 3092/3258/3344
f 3091/3257/3343 3092/3258/3344 3093/3259/3345
f 3093/3259/3345 3092/3258/3344 3094/3260/3346
f 3093/3259/3345 3094/3260/3346 3095/3261/3347
f 3095/3261/3347 3094/3260/3346 3096/3262/3348
f 3095/3261/3347 3096/3262/3348 3097/3263/3349
f 3097/3263/3349 3096/3262/3348 3098/3264/3350
f 3098/3264/3350 3099/3265/3351 3097/3263/3349
f 3099/3265/3351 3100/3266/3352 3097/3263/3349
f 3097/3263/3349 3100/3266/3352 3101/3267/3353
f 3101/3267/3353 3095/3261/3347 3097/3263/3349
f 3100/3266/3352 3102/3268/3354 3101/3267/3353
f 3101/3267/3353 3102/3268/3354 3103/3269/3355
f 3102/3268/3354 3104/3270/3356 3103/3269/3355
f 3103/3269/3355 3104/3270/3356 3105/3271/3357
f 3104/3270/3356 3106/3272/3358 3105/3271/3357
f 3102/3268/3354 3107/3273/3359 3104/3270/3356
f 3107/3273/3359 3108/3274/3360 3104/3270/3356
f 3104/3270/3356 3108/3274/3360 3106/3272/3358
f 3108/3274/3360 3109/3275/3361 3106/3272/3358
f 3099/3265/3351 3110/3276/3362 3100/3266/3352
f 3110/3276/3362 3111/3277/3363 3100/3266/3352
f 3111/3277/3363 3107/3273/3359 3102/3268/3354
f 3100/3266/3352 3111/3277/3363 3102/3268/3354
f 3111/3277/3363 3112/3278/3364 3107/3273/3359
f 3112/3278/3364 3113/3279/3365 3107/3273/3359
f 3107/3273/3359 3113/3279/3365 3108/3274/3360
f 3114/3280/3366 3112/3278/3364 3111/3277/3363
f 3110/3276/3362 3114/3280/3366 3111/3277/3363
f 3114/3280/3366 3115/3281/3367 3112/3278/3364
f 3115/3281/3367 3116/3282/3368 3112/3278/3364
f 3112/3278/3364 3116/3282/3368 3113/3279/3365
f 3116/3282/3368 3117/3283/3369 3113/3279/3365
f 3108/3274/3360 3118/3284/3370 3109/3275/3361
f 3113/3279/3365 3118/3284/3370 3108/3274/3360
f 3113/3279/3365 3117/3283/3369 3118/3284/3370
f 3118/3284/3370 3119/3285/3371 3109/3275/3361
f 3117/3283/3369 3120/3286/3372 3118/3284/3370
f 3118/3284/3370 3120/3286/3372 3119/3285/3371
f 3120/3286/3372 3121/3287/3373 3119/3285/3371
f 3120/3286/3372 3122/3288/3374 3121/3287/3373
f 3122/3288/3374 3123/3289/3375 3121/3287/3373
f 3124/3290/3376 3122/3288/3374 3120/3286/3372
f 3117/3283/3369 3124/3290/3376 3120/3286/3372
f 3124/3290/3376 3125/3291/3377 3122/3288/3374
f 3125/3291/3377 3126/3292/3378 3122/3288/3374
f 3122/3288/3374 3126/3292/3378 3123/3289/3375
f 3126/3292/3378 3127/3293/3379 3123/3289/3375
f 3128/3294/3380 3124/3290/3376 3117/3283/3369
f 3116/3282/3368 3128/3294/3380 3117/3283/3369
f 3129/3295/3381 3128/3294/3380 3116/3282/3368
f 3115/3281/3367 3129/3295/3381 3116/3282/3368
f 3129/3295/3381 3130/3296/3382 3128/3294/3380
f 3130/3296/3382 3131/3297/3383 3128/3294/3380
f 3131/3297/3383 3125/3291/3377 3124/3290/3376
f 3128/3294/3380 3131/3297/3383 3124/3290/3376
f 3131/3297/3383 3132/3298/3384 3125/3291/3377
f 3132/3298/3384 3133/3299/3385 3125/3291/3377
f 3125/3291/3377 3133/3299/3385 3126/3292/3378
f 3134/3300/3386 3132/3298/3384 3131/3297/3383
f 3130/3296/3382 3134/3300/3386 3131/3297/3383
f 3134/3300/3386 3135/3301/3387 3132/3298/3384
f 3135/3301/3387 3136/3302/3388 3132/3298/3384
f 3132/3298/3384 3136/3302/3388 3133/3299/3385
f 3136/3302/3388 3137/3303/3389 3133/3299/3385
f 3126/3292/3378 3138/3304/3390 3127/3293/3379
f 3133/3299/3385 3138/3304/3390 3126/3292/3378
f 3133/3299/3385 3137/3303/3389 3138/3304/3390
f 3138/3304/3390 3139/3305/3391 3127/3293/3379
f 3137/3303/3389 3140/3306/3392 3138/3304/3390
f 3138/3304/3390 3140/3306/3392 3139/3305/3391
f 3140/3306/3392 3141/3307/3393 3139/3305/3391
f 3142/3308/3394 3130/3296/3382 3129/3295/3381
f 3143/3309/3395 3142/3308/3394 3129/3295/3381
f 3143/3309/3395 3129/3295/3381 3115/3281/3367
f 3144/3310/3396 3143/3309/3395 3115/3281/3367
f 3145/3311/3397 3143/3309/3395 3144/3310/3396
f 3146/3312/3398 3145/3311/3397 3144/3310/3396
f 3147/3313/3399 3142/3308/3394 3143/3309/3395
f 3145/3311/3397 3147/3313/3399 3143/3309/3395
f 3148/3314/3400 3145/3311/3397 3146/3312/3398
f 3149/3315/3401 3148/3314/3400 3146/3312/3398
f 3150/3316/3402 3148/3314/3400 3149/3315/3401
f 3151/3317/3403 3150/3316/3402 3149/3315/3401
f 3150/3316/3402 3152/3318/3404 3148/3314/3400
f 3152/3318/3404 3153/3319/3405 3148/3314/3400
f 3153/3319/3405 3147/3313/3399 3145/3311/3397
f 3148/3314/3400 3153/3319/3405 3145/3311/3397
f 3153/3319/3405 3154/3320/3406 3147/3313/3399
f 3154/3320/3406 3155/3321/3407 3147/3313/3399
f 3147/3313/3399 3155/3321/3407 3142/3308/3394
f 3156/3322/3408 3154/3320/3406 3153/3319/3405
f 3152/3318/3404 3156/3322/3408 3153/3319/3405
f 3156/3322/3408 3157/3323/3409 3154/3320/3406
f 3157/3323/3409 3158/3324/3410 3154/3320/3406
f 3154/3320/3406 3158/3324/3410 3155/3321/3407
f 3158/3324/3410 3159/3325/3411 3155/3321/3407
f 3155/3321/3407 3159/3325/3411 3160/3326/3412
f 3155/3321/3407 3160/3326/3412 3142/3308/3394
f 3142/3308/3394 3160/3326/3412 3130/3296/3382
f 3160/3326/3412 3134/3300/3386 3130/3296/3382
f 3159/3325/3411 3161/3327/3413 3160/3326/3412
f 3160/3326/3412 3161/3327/3413 3134/3300/3386
f 3161/3327/3413 3135/3301/3387 3134/3300/3386
f 3157/3323/3409 3156/3322/3408 3162/3328/3414
f 3157/3323/3409 3162/3328/3414 3163/3329/3415
f 3164/3330/3416 3157/3323/3409 3163/3329/3415
f 3158/3324/3410 3157/3323/3409 3164/3330/3416
f 3164/3330/3416 3163/3329/3415 3165/3331/3417
f 3165/3331/3417 3163/3329/3415 3166/3332/3418
f 3165/3331/3417 3166/3332/3418 3167/3333/3419
f 3167/3333/3419 3166/3332/3418 3168/3334/3420
f 3167/3333/3419 3168/3334/3420 3169/3335/3421
f 3169/3335/3421 3168/3334/3420 3170/3336/3422
f 3171/3337/3423 3169/3335/3421 3170/3336/3422
f 3172/3338/3424 3171/3337/3423 3170/3336/3422
f 3173/3339/3425 3171/3337/3423 3172/3338/3424
f 3174/3340/3426 3173/3339/3425 3172/3338/3424
f 3173/3339/3425 3175/3341/3427 3171/3337/3423
f 3175/3341/3427 3176/3342/3428 3171/3337/3423
f 3171/3337/3423 3176/3342/3428 3169/3335/3421
f 3176/3342/3428 3177/3343/3429 3169/3335/3421
f 3177/3343/3429 3167/3333/3419 3169/3335/3421
f 3178/3344/3430 3173/3339/3425 3174/3340/3426
f 3179/3345/3431 3178/3344/3430 3174/3340/3426
f 3180/3346/3432 3178/3344/3430 3179/3345/3431
f 3181/3347/3433 3180/3346/3432 3179/3345/3431
f 3180/3346/3432 3182/3348/3434 3178/3344/3430
f 3182/3348/3434 3183/3349/3435 3178/3344/3430
f 3183/3349/3435 3175/3341/3427 3173/3339/3425
f 3178/3344/3430 3183/3349/3435 3173/3339/3425
f 3183/3349/3435 3184/3350/3436 3175/3341/3427
f 3184/3350/3436 3185/3351/3437 3175/3341/3427
f 3175/3341/3427 3185/3351/3437 3176/3342/3428
f 3186/3352/3438 3184/3350/3436 3183/3349/3435
f 3182/3348/3434 3186/3352/3438 3183/3349/3435
f 3186/3352/3438 3187/3353/3439 3184/3350/3436
f 3187/3353/3439 3188/3354/3440 3184/3350/3436
f 3184/3350/3436 3188/3354/3440 3185/3351/3437
f 3188/3354/3440 3189/3355/3441 3185/3351/3437
f 3176/3342/3428 3190/3356/3442 3177/3343/3429
f 3185/3351/3437 3190/3356/3442 3176/3342/3428
f 3185/3351/3437 3189/3355/3441 3190/3356/3442
f 3190/3356/3442 3191/3357/3443 3177/3343/3429
f 3189/3355/3441 3192/3358/3444 3190/3356/3442
f 3190/3356/3442 3192/3358/3444 3191/3357/3443
f 3192/3358/3444 3193/3359/3445 3191/3357/3443
f 3194/3360/3446 3180/3346/3432 3181/3347/3433
f 3195/3361/3447 3194/3360/3446 3181/3347/3433
f 3196/3362/3448 3194/3360/3446 3195/3361/3447
f 3197/3363/3449 3196/3362/3448 3195/3361/3447
f 3196/3362/3448 3198/3364/3450 3194/3360/3446
f 3198/3364/3450 3199/3365/3451 3194/3360/3446
f 3194/3360/3446 3199/3365/3451 3180/3346/3432
f 3199/3365/3451 3182/3348/3434 3180/3346/3432
f 3200/3366/3452 3196/3362/3448 3197/3363/3449
f 3201/3367/3453 3200/3366/3452 3197/3363/3449
f 3202/3368/3454 3200/3366/3452 3201/3367/3453
f 3203/3369/3455 3202/3368/3454 3201/3367/3453
f 3202/3368/3454 3204/3370/3456 3200/3366/3452
f 3204/3370/3456 3205/3371/3457 3200/3366/3452
f 3205/3371/3457 3198/3364/3450 3196/3362/3448
f 3200/3366/3452 3205/3371/3457 3196/3362/3448
f 3205/3371/3457 3206/3372/3458 3198/3364/3450
f 3206/3372/3458 3207/3373/3459 3198/3364/3450
f 3198/3364/3450 3207/3373/3459 3199/3365/3451
f 3208/3374/3460 3206/3372/3458 3205/3371/3457
f 3204/3370/3456 3208/3374/3460 3205/3371/3457
f 3208/3374/3460 3209/3375/3461 3206/3372/3458
f 3209/3375/3461 3210/3376/3462 3206/3372/3458
f 3206/3372/3458 3210/3376/3462 3207/3373/3459
f 3210/3376/3462 3211/3377/3463 3207/3373/3459
f 3199/3365/3451 3212/3378/3464 3182/3348/3434
f 3207/3373/3459 3212/3378/3464 3199/3365/3451
f 3207/3373/3459 3211/3377/3463 3212/3378/3464
f 3212/3378/3464 3186/3352/3438 3182/3348/3434
f 3211/3377/3463 3213/3379/3465 3212/3378/3464
f 3212/3378/3464 3213/3379/3465 3186/3352/3438
f 3213/3379/3465 3187/3353/3439 3186/3352/3438
f 3208/3374/3460 3214/3380/3466 3209/3375/3461
f 3214/3380/3466 3215/3381/3467 3209/3375/3461
f 3209/3375/3461 3215/3381/3467 3210/3376/3462
f 3216/3382/3468 3214/3380/3466 3208/3374/3460
f 3204/3370/3456 3216/3382/3468 3208/3374/3460
f 3216/3382/3468 3217/3383/3469 3214/3380/3466
f 3217/3383/3469 3218/3384/3470 3214/3380/3466
f 3214/3380/3466 3218/3384/3470 3215/3381/3467
f 3218/3384/3470 3219/3385/3471 3215/3381/3467
f 3220/3386/3472 3217/3383/3469 3216/3382/3468
f 3221/3387/3473 3220/3386/3472 3216/3382/3468
f 3221/3387/3473 3216/3382/3468 3204/3370/3456
f 3202/3368/3454 3221/3387/3473 3204/3370/3456
f 3222/3388/3474 3221/3387/3473 3202/3368/3454
f 3203/3369/3455 3222/3388/3474 3202/3368/3454
f 3223/3389/3475 3220/3386/3472 3221/3387/3473
f 3222/3388/3474 3223/3389/3475 3221/3387/3473
f 3220/3386/3472 3224/3390/3476 3217/3383/3469
f 3224/3390/3476 3225/3391/3477 3217/3383/3469
f 3217/3383/3469 3225/3391/3477 3218/3384/3470
f 3226/3392/3478 3224/3390/3476 3220/3386/3472
f 3223/3389/3475 3226/3392/3478 3220/3386/3472
f 3226/3392/3478 3227/3393/3479 3224/3390/3476
f 3227/3393/3479 3228/3394/3480 3224/3390/3476
f 3224/3390/3476 3228/3394/3480 3225/3391/3477
f 3228/3394/3480 3229/3395/3481 3225/3391/3477
f 3218/3384/3470 3230/3396/3482 3219/3385/3471
f 3225/3391/3477 3230/3396/3482 3218/3384/3470
f 3225/3391/3477 3229/3395/3481 3230/3396/3482
f 3230/3396/3482 3231/3397/3483 3219/3385/3471
f 3229/3395/3481 3232/3398/3484 3230/3396/3482
f 3230/3396/3482 3232/3398/3484 3231/3397/3483
f 3232/3398/3484 3233/3399/3485 3231/3397/3483
f 3232/3398/3484 3234/3400/3486 3233/3399/3485
f 3234/3400/3486 3235/3401/3487 3233/3399/3485
f 3236/3402/3488 3234/3400/3486 3232/3398/3484
f 3229/3395/3481 3236/3402/3488 3232/3398/3484
f 3236/3402/3488 3237/3403/3489 3234/3400/3486
f 3237/3403/3489 3238/3404/3490 3234/3400/3486
f 3234/3400/3486 3238/3404/3490 3235/3401/3487
f 3238/3404/3490 3239/3405/3491 3235/3401/3487
f 3240/3406/3492 3236/3402/3488 3229/3395/3481
f 3228/3394/3480 3240/3406/3492 3229/3395/3481
f 3241/3407/3493 3240/3406/3492 3228/3394/3480
f 3227/3393/3479 3241/3407/3493 3228/3394/3480
f 3241/3407/3493 3242/3408/3494 3240/3406/3492
f 3242/3408/3494 3243/3409/3495 3240/3406/3492
f 3243/3409/3495 3237/3403/3489 3236/3402/3488
f 3240/3406/3492 3243/3409/3495 3236/3402/3488
f 3243/3409/3495 3244/3410/3496 3237/3403/3489
f 3244/3410/3496 3245/3411/3497 3237/3403/3489
f 3237/3403/3489 3245/3411/3497 3238/3404/3490
f 3246/3412/3498 3244/3410/3496 3243/3409/3495
f 3242/3408/3494 3246/3412/3498 3243/3409/3495
f 3246/3412/3498 3247/3413/3499 3244/3410/3496
f 3247/3413/3499 3248/3414/3500 3244/3410/3496
f 3244/3410/3496 3248/3414/3500 3245/3411/3497
f 3248/3414/3500 3249/3415/3501 3245/3411/3497
f 3238/3404/3490 3250/3416/3502 3239/3405/3491
f 3245/3411/3497 3250/3416/3502 3238/3404/3490
f 3245/3411/3497 3249/3415/3501 3250/3416/3502
f 3250/3416/3502 3251/3417/3503 3239/3405/3491
f 3249/3415/3501 3252/3418/3504 3250/3416/3502
f 3250/3416/3502 3252/3418/3504 3251/3417/3503
f 3252/3418/3504 3253/3419/3505 3251/3417/3503
f 3253/3419/3505 3252/3418/3504 3254/3420/3506
f 3252/3418/3504 3255/3421/3507 3254/3420/3506
f 3252/3418/3504 3249/3415/3501 3255/3421/3507
f 3254/3420/3506 3255/3421/3507 3256/3422/3508
f 3255/3421/3507 3257/3423/3509 3256/3422/3508
f 3256/3422/3508 3257/3423/3509 3258/3424/3510
f 3257/3423/3509 3259/3425/3511 3258/3424/3510
f 3258/3424/3510 3259/3425/3511 3260/3426/3512
f 3259/3425/3511 3261/3427/3513 3260/3426/3512
f 3257/3423/3509 3262/3428/3514 3259/3425/3511
f 3262/3428/3514 3263/3429/3515 3259/3425/3511
f 3259/3425/3511 3263/3429/3515 3261/3427/3513
f 3263/3429/3515 3264/3430/3516 3261/3427/3513
f 3249/3415/3501 3265/3431/3517 3255/3421/3507
f 3265/3431/3517 3262/3428/3514 3257/3423/3509
f 3255/3421/3507 3265/3431/3517 3257/3423/3509
f 3265/3431/3517 3266/3432/3518 3262/3428/3514
f 3266/3432/3518 3267/3433/3519 3262/3428/3514
f 3262/3428/3514 3267/3433/3519 3263/3429/3515
f 3248/3414/3500 3266/3432/3518 3265/3431/3517
f 3249/3415/3501 3248/3414/3500 3265/3431/3517
f 3248/3414/3500 3247/3413/3499 3266/3432/3518
f 3247/3413/3499 3268/3434/3520 3266/3432/3518
f 3266/3432/3518 3268/3434/3520 3267/3433/3519
f 3268/3434/3520 3269/3435/3521 3267/3433/3519
f 3263/3429/3515 3270/3436/3522 3264/3430/3516
f 3267/3433/3519 3270/3436/3522 3263/3429/3515
f 3267/3433/3519 3269/3435/3521 3270/3436/3522
f 3270/3436/3522 3271/3437/3523 3264/3430/3516
f 3269/3435/3521 3272/3438/3524 3270/3436/3522
f 3270/3436/3522 3272/3438/3524 3271/3437/3523
f 3272/3438/3524 3273/3439/3525 3271/3437/3523
f 3264/3430/3516 3274/3440/3526 3261/3427/3513
f 3275/3441/3527 3274/3440/3526 3264/3430/3516
f 3271/3437/3523 3275/3441/3527 3264/3430/3516
f 3276/3442/3528 3275/3441/3527 3271/3437/3523
f 3273/3439/3525 3276/3442/3528 3271/3437/3523
f 3276/3442/3528 3277/3443/3529 3275/3441/3527
f 3277/3443/3529 3278/3444/3530 3275/3441/3527
f 3275/3441/3527 3278/3444/3530 3274/3440/3526
f 3278/3444/3530 3279/3445/3531 3274/3440/3526
f 3274/3440/3526 3279/3445/3531 3280/3446/3532
f 3274/3440/3526 3280/3446/3532 3261/3427/3513
f 3261/3427/3513 3280/3446/3532 3260/3426/3512
f 3280/3446/3532 3281/3447/3533 3260/3426/3512
f 3281/3447/3533 3282/3448/3534 3260/3426/3512
f 3282/3448/3534 3283/3449/3535 3260/3426/3512
f 3284/3450/3536 3282/3448/3534 3281/3447/3533
f 3285/3451/3537 3284/3450/3536 3281/3447/3533
f 3284/3450/3536 3286/3452/3538 3282/3448/3534
f 3286/3452/3538 3287/3453/3539 3282/3448/3534
f 3282/3448/3534 3287/3453/3539 3283/3449/3535
f 3287/3453/3539 3288/3454/3540 3283/3449/3535
f 3289/3455/3541 3284/3450/3536 3285/3451/3537
f 3290/3456/3542 3289/3455/3541 3285/3451/3537
f 3291/3457/3543 3289/3455/3541 3290/3456/3542
f 3292/3458/3544 3291/3457/3543 3290/3456/3542
f 3291/3457/3543 3293/3459/3545 3289/3455/3541
f 3293/3459/3545 3294/3460/3546 3289/3455/3541
f 3294/3460/3546 3286/3452/3538 3284/3450/3536
f 3289/3455/3541 3294/3460/3546 3284/3450/3536
f 3294/3460/3546 3295/3461/3547 3286/3452/3538
f 3295/3461/3547 3296/3462/3548 3286/3452/3538
f 3286/3452/3538 3296/3462/3548 3287/3453/3539
f 3297/3463/3549 3295/3461/3547 3294/3460/3546
f 3293/3459/3545 3297/3463/3549 3294/3460/3546
f 3297/3463/3549 3298/3464/3550 3295/3461/3547
f 3298/3464/3550 3299/3465/3551 3295/3461/3547
f 3295/3461/3547 3299/3465/3551 3296/3462/3548
f 3299/3465/3551 3300/3466/3552 3296/3462/3548
f 3287/3453/3539 3301/3467/3553 3288/3454/3540
f 3296/3462/3548 3301/3467/3553 3287/3453/3539
f 3296/3462/3548 3300/3466/3552 3301/3467/3553
f 3301/3467/3553 3302/3468/3554 3288/3454/3540
f 3300/3466/3552 3303/3469/3555 3301/3467/3553
f 3301/3467/3553 3303/3469/3555 3302/3468/3554
f 3303/3469/3555 3304/3470/3556 3302/3468/3554
f 3304/3470/3556 3303/3469/3555 3305/3471/3557
f 3303/3469/3555 3306/3472/3558 3305/3471/3557
f 3303/3469/3555 3300/3466/3552 3306/3472/3558
f 3305/3471/3557 3306/3472/3558 3307/3473/3559
f 3306/3472/3558 3308/3474/3560 3307/3473/3559
f 3307/3473/3559 3308/3474/3560 3309/3475/3561
f 3308/3474/3560 3310/3476/3562 3309/3475/3561
f 3309/3475/3561 3310/3476/3562 3187/3353/3439
f 3310/3476/3562 3188/3354/3440 3187/3353/3439
f 3308/3474/3560 3311/3477/3563 3310/3476/3562
f 3311/3477/3563 3312/3478/3564 3310/3476/3562
f 3310/3476/3562 3312/3478/3564 3188/3354/3440
f 3312/3478/3564 3189/3355/3441 3188/3354/3440
f 3300/3466/3552 3313/3479/3565 3306/3472/3558
f 3313/3479/3565 3311/3477/3563 3308/3474/3560
f 3306/3472/3558 3313/3479/3565 3308/3474/3560
f 3313/3479/3565 3314/3480/3566 3311/3477/3563
f 3314/3480/3566 3315/3481/3567 3311/3477/3563
f 3311/3477/3563 3315/3481/3567 3312/3478/3564
f 3299/3465/3551 3314/3480/3566 3313/3479/3565
f 3300/3466/3552 3299/3465/3551 3313/3479/3565
f 3299/3465/3551 3298/3464/3550 3314/3480/3566
f 3298/3464/3550 3316/3482/3568 3314/3480/3566
f 3314/3480/3566 3316/3482/3568 3315/3481/3567
f 3316/3482/3568 3317/3483/3569 3315/3481/3567
f 3312/3478/3564 3318/3484/3570 3189/3355/3441
f 3315/3481/3567 3318/3484/3570 3312/3478/3564
f 3315/3481/3567 3317/3483/3569 3318/3484/3570
f 3318/3484/3570 3192/3358/3444 3189/3355/3441
f 3317/3483/3569 3319/3485/3571 3318/3484/3570
f 3318/3484/3570 3319/3485/3571 3192/3358/3444
f 3319/3485/3571 3193/3359/3445 3192/3358/3444
f 3319/3485/3571 3320/3486/3572 3193/3359/3445
f 3320/3486/3572 3321/3487/3573 3193/3359/3445
f 3193/3359/3445 3321/3487/3573 3191/3357/3443
f 3321/3487/3573 3322/3488/3574 3191/3357/3443
f 3191/3357/3443 3322/3488/3574 3177/3343/3429
f 3322/3488/3574 3167/3333/3419 3177/3343/3429
f 3321/3487/3573 3323/3489/3575 3322/3488/3574
f 3323/3489/3575 3165/3331/3417 3322/3488/3574
f 3322/3488/3574 3165/3331/3417 3167/3333/3419
f 3323/3489/3575 3164/3330/3416 3165/3331/3417
f 3324/3490/3576 3320/3486/3572 3319/3485/3571
f 3317/3483/3569 3324/3490/3576 3319/3485/3571
f 3324/3490/3576 3325/3491/3577 3320/3486/3572
f 3325/3491/3577 3326/3492/3578 3320/3486/3572
f 3326/3492/3578 3323/3489/3575 3321/3487/3573
f 3320/3486/3572 3326/3492/3578 3321/3487/3573
f 3327/3493/3579 3325/3491/3577 3324/3490/3576
f 3328/3494/3580 3327/3493/3579 3324/3490/3576
f 3328/3494/3580 3324/3490/3576 3317/3483/3569
f 3316/3482/3568 3328/3494/3580 3317/3483/3569
f 3329/3495/3581 3328/3494/3580 3316/3482/3568
f 3298/3464/3550 3329/3495/3581 3316/3482/3568
f 3330/3496/3582 3327/3493/3579 3328/3494/3580
f 3329/3495/3581 3330/3496/3582 3328/3494/3580
f 3327/3493/3579 3331/3497/3583 3325/3491/3577
f 3331/3497/3583 3332/3498/3584 3325/3491/3577
f 3325/3491/3577 3332/3498/3584 3326/3492/3578
f 3333/3499/3585 3331/3497/3583 3327/3493/3579
f 3330/3496/3582 3333/3499/3585 3327/3493/3579
f 3333/3499/3585 3135/3301/3387 3331/3497/3583
f 3135/3301/3387 3161/3327/3413 3331/3497/3583
f 3331/3497/3583 3161/3327/3413 3332/3498/3584
f 3161/3327/3413 3159/3325/3411 3332/3498/3584
f 3332/3498/3584 3334/3500/3586 3326/3492/3578
f 3332/3498/3584 3159/3325/3411 3334/3500/3586
f 3326/3492/3578 3334/3500/3586 3323/3489/3575
f 3334/3500/3586 3164/3330/3416 3323/3489/3575
f 3159/3325/3411 3158/3324/3410 3334/3500/3586
f 3334/3500/3586 3158/3324/3410 3164/3330/3416
f 3135/3301/3387 3333/3499/3585 3136/3302/3388
f 3333/3499/3585 3335/3501/3587 3136/3302/3388
f 3333/3499/3585 3330/3496/3582 3335/3501/3587
f 3136/3302/3388 3335/3501/3587 3137/3303/3389
f 3335/3501/3587 3336/3502/3588 3137/3303/3389
f 3137/3303/3389 3336/3502/3588 3140/3306/3392
f 3336/3502/3588 3337/3503/3589 3140/3306/3392
f 3140/3306/3392 3337/3503/3589 3141/3307/3393
f 3337/3503/3589 3338/3504/3590 3141/3307/3393
f 3336/3502/3588 3339/3505/3591 3337/3503/3589
f 3339/3505/3591 3340/3506/3592 3337/3503/3589
f 3337/3503/3589 3340/3506/3592 3338/3504/3590
f 3340/3506/3592 3341/3507/3593 3338/3504/3590
f 3342/3508/3594 3339/3505/3591 3336/3502/3588
f 3335/3501/3587 3342/3508/3594 3336/3502/3588
f 3330/3496/3582 3342/3508/3594 3335/3501/3587
f 3342/3508/3594 3343/3509/3595 3339/3505/3591
f 3343/3509/3595 3344/3510/3596 3339/3505/3591
f 3339/3505/3591 3344/3510/3596 3340/3506/3592
f 3329/3495/3581 3343/3509/3595 3342/3508/3594
f 3330/3496/3582 3329/3495/3581 3342/3508/3594
f 3329/3495/3581 3298/3464/3550 3343/3509/3595
f 3298/3464/3550 3297/3463/3549 3343/3509/3595
f 3343/3509/3595 3297/3463/3549 3344/3510/3596
f 3297/3463/3549 3293/3459/3545 3344/3510/3596
f 3340/3506/3592 3345/3511/3597 3341/3507/3593
f 3344/3510/3596 3345/3511/3597 3340/3506/3592
f 3344/3510/3596 3293/3459/3545 3345/3511/3597
f 3345/3511/3597 3346/3512/3598 3341/3507/3593
f 3293/3459/3545 3291/3457/3543 3345/3511/3597
f 3345/3511/3597 3291/3457/3543 3346/3512/3598
f 3291/3457/3543 3292/3458/3544 3346/3512/3598
f 3338/3504/3590 3341/3507/3593 3347/3513/3599
f 3338/3504/3590 3347/3513/3599 3348/3514/3600
f 3348/3514/3600 3347/3513/3599 3349/3515/3601
f 3349/3515/3601 3350/3516/3602 3348/3514/3600
f 3350/3516/3602 3351/3517/3603 3348/3514/3600
f 3348/3514/3600 3351/3517/3603 3141/3307/3393
f 3141/3307/3393 3338/3504/3590 3348/3514/3600
f 3351/3517/3603 3139/3305/3391 3141/3307/3393
f 3350/3516/3602 3352/3518/3604 3351/3517/3603
f 3352/3518/3604 3353/3519/3605 3351/3517/3603
f 3351/3517/3603 3353/3519/3605 3139/3305/3391
f 3353/3519/3605 3127/3293/3379 3139/3305/3391
f 3354/3520/3606 3350/3516/3602 3349/3515/3601
f 3355/3521/3607 3354/3520/3606 3349/3515/3601
f 3356/3522/3608 3354/3520/3606 3355/3521/3607
f 3357/3523/3609 3356/3522/3608 3355/3521/3607
f 3356/3522/3608 3358/3524/3610 3354/3520/3606
f 3358/3524/3610 3359/3525/3611 3354/3520/3606
f 3359/3525/3611 3352/3518/3604 3350/3516/3602
f 3354/3520/3606 3359/3525/3611 3350/3516/3602
f 3359/3525/3611 3360/3526/3612 3352/3518/3604
f 3360/3526/3612 3361/3527/3613 3352/3518/3604
f 3352/3518/3604 3361/3527/3613 3353/3519/3605
f 3362/3528/3614 3360/3526/3612 3359/3525/3611
f 3358/3524/3610 3362/3528/3614 3359/3525/3611
f 3362/3528/3614 3363/3529/3615 3360/3526/3612
f 3363/3529/3615 3364/3530/3616 3360/3526/3612
f 3360/3526/3612 3364/3530/3616 3361/3527/3613
f 3363/3529/3615 3365/3531/3617 3364/3530/3616
f 3365/3531/3617 3366/3532/3618 3364/3530/3616
f 3364/3530/3616 3366/3532/3618 3367/3533/3619
f 3364/3530/3616 3367/3533/3619 3361/3527/3613
f 3366/3532/3618 3368/3534/3620 3367/3533/3619
f 3367/3533/3619 3368/3534/3620 3369/3535/3621
f 3368/3534/3620 3370/3536/3622 3369/3535/3621
f 3369/3535/3621 3370/3536/3622 3121/3287/3373
f 3370/3536/3622 3119/3285/3371 3121/3287/3373
f 3368/3534/3620 3371/3537/3623 3370/3536/3622
f 3371/3537/3623 3372/3538/3624 3370/3536/3622
f 3370/3536/3622 3372/3538/3624 3119/3285/3371
f 3372/3538/3624 3109/3275/3361 3119/3285/3371
f 3365/3531/3617 3373/3539/3625 3366/3532/3618
f 3373/3539/3625 3374/3540/3626 3366/3532/3618
f 3374/3540/3626 3371/3537/3623 3368/3534/3620
f 3366/3532/3618 3374/3540/3626 3368/3534/3620
f 3374/3540/3626 3375/3541/3627 3371/3537/3623
f 3375/3541/3627 3376/3542/3628 3371/3537/3623
f 3371/3537/3623 3376/3542/3628 3372/3538/3624
f 3377/3543/3629 3375/3541/3627 3374/3540/3626
f 3373/3539/3625 3377/3543/3629 3374/3540/3626
f 3377/3543/3629 3378/3544/3630 3375/3541/3627
f 3378/3544/3630 3379/3545/3631 3375/3541/3627
f 3375/3541/3627 3379/3545/3631 3376/3542/3628
f 3379/3545/3631 3378/3544/3630 3380/3546/3632
f 3381/3547/3633 3379/3545/3631 3380/3546/3632
f 3381/3547/3633 3380/3546/3632 3089/3255/3341
f 3088/3254/3340 3381/3547/3633 3089/3255/3341
f 3382/3548/3634 3381/3547/3633 3088/3254/3340
f 3087/3253/3339 3382/3548/3634 3088/3254/3340
f 3383/3549/3635 3382/3548/3634 3087/3253/3339
f 3384/3550/3636 3383/3549/3635 3087/3253/3339
f 3384/3550/3636 3087/3253/3339 3086/3252/3338
f 3090/3256/3342 3384/3550/3636 3086/3252/3338
f 3385/3551/3637 3384/3550/3636 3090/3256/3342
f 3091/3257/3343 3385/3551/3637 3090/3256/3342
f 3385/3551/3637 3091/3257/3343 3093/3259/3345
f 3385/3551/3637 3093/3259/3345 3386/3552/3638
f 3387/3553/3639 3385/3551/3637 3386/3552/3638
f 3387/3553/3639 3383/3549/3635 3384/3550/3636
f 3385/3551/3637 3387/3553/3639 3384/3550/3636
f 3387/3553/3639 3386/3552/3638 3103/3269/3355
f 3103/3269/3355 3386/3552/3638 3101/3267/3353
f 3386/3552/3638 3095/3261/3347 3101/3267/3353
f 3386/3552/3638 3093/3259/3345 3095/3261/3347
f 3105/3271/3357 3387/3553/3639 3103/3269/3355
f 3387/3553/3639 3105/3271/3357 3383/3549/3635
f 3105/3271/3357 3388/3554/3640 3383/3549/3635
f 3383/3549/3635 3388/3554/3640 3382/3548/3634
f 3388/3554/3640 3389/3555/3641 3382/3548/3634
f 3389/3555/3641 3388/3554/3640 3390/3556/3642
f 3376/3542/3628 3389/3555/3641 3390/3556/3642
f 3379/3545/3631 3389/3555/3641 3376/3542/3628
f 3389/3555/3641 3379/3545/3631 3381/3547/3633
f 3382/3548/3634 3389/3555/3641 3381/3547/3633
f 3376/3542/3628 3390/3556/3642 3372/3538/3624
f 3372/3538/3624 3390/3556/3642 3109/3275/3361
f 3390/3556/3642 3106/3272/3358 3109/3275/3361
f 3388/3554/3640 3105/3271/3357 3106/3272/3358
f 3390/3556/3642 3388/3554/3640 3106/3272/3358
f 3393/3557/3643 3392/3558/3644 3391/3559/3645
f 3394/3560/3646 3393/3557/3643 3391/3559/3645
f 3395/3561/3647 3393/3557/3643 3394/3560/3646
f 3396/3562/3648 3395/3561/3647 3394/3560/3646
f 3395/3561/3647 3397/3563/3649 3393/3557/3643
f 3397/3563/3649 3398/3564/3650 3393/3557/3643
f 3393/3557/3643 3398/3564/3650 3392/3558/3644
f 3398/3564/3650 3399/3565/3651 3392/3558/3644
f 3400/3566/3652 3395/3561/3647 3396/3562/3648
f 3401/3567/3653 3400/3566/3652 3396/3562/3648
f 3402/3568/3654 3400/3566/3652 3401/3567/3653
f 3403/3569/3655 3402/3568/3654 3401/3567/3653
f 3402/3568/3654 3404/3570/3656 3400/3566/3652
f 3404/3570/3656 3405/3571/3657 3400/3566/3652
f 3405/3571/3657 3397/3563/3649 3395/3561/3647
f 3400/3566/3652 3405/3571/3657 3395/3561/3647
f 3405/3571/3657 3406/3572/3658 3397/3563/3649
f 3406/3572/3658 3407/3573/3659 3397/3563/3649
f 3397/3563/3649 3407/3573/3659 3398/3564/3650
f 3408/3574/3660 3406/3572/3658 3405/3571/3657
f 3404/3570/3656 3408/3574/3660 3405/3571/3657
f 3408/3574/3660 3409/3575/3661 3406/3572/3658
f 3409/3575/3661 3410/3576/3662 3406/3572/3658
f 3406/3572/3658 3410/3576/3662 3407/3573/3659
f 3410/3576/3662 3411/3577/3663 3407/3573/3659
f 3398/3564/3650 3412/3578/3664 3399/3565/3651
f 3407/3573/3659 3412/3578/3664 3398/3564/3650
f 3407/3573/3659 3411/3577/3663 3412/3578/3664
f 3412/3578/3664 3413/3579/3665 3399/3565/3651
f 3411/3577/3663 3414/3580/3666 3412/3578/3664
f 3412/3578/3664 3414/3580/3666 3413/3579/3665
f 3414/3580/3666 3031/3197/3283 3413/3579/3665
f 3031/3197/3283 3414/3580/3666 3030/3196/3282
f 3414/3580/3666 3415/3581/3667 3030/3196/3282
f 3414/3580/3666 3411/3577/3663 3415/3581/3667
f 3030/3196/3282 3415/3581/3667 3032/3198/3284
f 3415/3581/3667 3416/3582/3668 3032/3198/3284
f 3032/3198/3284 3416/3582/3668 3036/3202/3288
f 3416/3582/3668 3417/3583/3669 3036/3202/3288
f 3036/3202/3288 3417/3583/3669 3037/3203/3289
f 3417/3583/3669 3418/3584/3670 3037/3203/3289
f 3416/3582/3668 3419/3585/3671 3417/3583/3669
f 3419/3585/3671 3420/3586/3672 3417/3583/3669
f 3417/3583/3669 3420/3586/3672 3418/3584/3670
f 3420/3586/3672 3421/3587/3673 3418/3584/3670
f 3411/3577/3663 3422/3588/3674 3415/3581/3667
f 3422/3588/3674 3419/3585/3671 3416/3582/3668
f 3415/3581/3667 3422/3588/3674 3416/3582/3668
f 3422/3588/3674 3423/3589/3675 3419/3585/3671
f 3423/3589/3675 3424/3590/3676 3419/3585/3671
f 3419/3585/3671 3424/3590/3676 3420/3586/3672
f 3410/3576/3662 3423/3589/3675 3422/3588/3674
f 3411/3577/3663 3410/3576/3662 3422/3588/3674
f 3410/3576/3662 3409/3575/3661 3423/3589/3675
f 3409/3575/3661 3425/3591/3677 3423/3589/3675
f 3423/3589/3675 3425/3591/3677 3424/3590/3676
f 3425/3591/3677 3426/3592/3678 3424/3590/3676
f 3420/3586/3672 3427/3593/3679 3421/3587/3673
f 3424/3590/3676 3427/3593/3679 3420/3586/3672
f 3424/3590/3676 3426/3592/3678 3427/3593/3679
f 3427/3593/3679 3428/3594/3680 3421/3587/3673
f 3426/3592/3678 3429/3595/3681 3427/3593/3679
f 3427/3593/3679 3429/3595/3681 3428/3594/3680
f 3429/3595/3681 3098/3264/3350 3428/3594/3680
f 3098/3264/3350 3429/3595/3681 3430/3596/3682
f 3099/3265/3351 3098/3264/3350 3430/3596/3682
f 3099/3265/3351 3430/3596/3682 3431/3597/3683
f 3431/3597/3683 3430/3596/3682 3432/3598/3684
f 3431/3597/3683 3432/3598/3684 3433/3599/3685
f 3433/3599/3685 3432/3598/3684 3434/3600/3686
f 3433/3599/3685 3434/3600/3686 3149/3315/3401
f 3149/3315/3401 3434/3600/3686 3151/3317/3403
f 3434/3600/3686 3435/3601/3687 3151/3317/3403
f 3146/3312/3398 3433/3599/3685 3149/3315/3401
f 3432/3598/3684 3436/3602/3688 3434/3600/3686
f 3434/3600/3686 3436/3602/3688 3435/3601/3687
f 3436/3602/3688 3437/3603/3689 3435/3601/3687
f 3438/3604/3690 3433/3599/3685 3146/3312/3398
f 3438/3604/3690 3431/3597/3683 3433/3599/3685
f 3144/3310/3396 3438/3604/3690 3146/3312/3398
f 3114/3280/3366 3438/3604/3690 3144/3310/3396
f 3115/3281/3367 3114/3280/3366 3144/3310/3396
f 3110/3276/3362 3431/3597/3683 3438/3604/3690
f 3114/3280/3366 3110/3276/3362 3438/3604/3690
f 3110/3276/3362 3099/3265/3351 3431/3597/3683
f 3436/3602/3688 3439/3605/3691 3437/3603/3689
f 3439/3605/3691 3440/3606/3692 3437/3603/3689
f 3441/3607/3693 3439/3605/3691 3436/3602/3688
f 3432/3598/3684 3441/3607/3693 3436/3602/3688
f 3430/3596/3682 3441/3607/3693 3432/3598/3684
f 3430/3596/3682 3429/3595/3681 3441/3607/3693
f 3429/3595/3681 3426/3592/3678 3441/3607/3693
f 3441/3607/3693 3426/3592/3678 3439/3605/3691
f 3426/3592/3678 3425/3591/3677 3439/3605/3691
f 3439/3605/3691 3425/3591/3677 3440/3606/3692
f 3425/3591/3677 3409/3575/3661 3440/3606/3692
f 3437/3603/3689 3440/3606/3692 3442/3608/3694
f 3437/3603/3689 3442/3608/3694 3443/3609/3695
f 3435/3601/3687 3437/3603/3689 3443/3609/3695
f 3435/3601/3687 3443/3609/3695 3444/3610/3696
f 3444/3610/3696 3443/3609/3695 3445/3611/3697
f 3444/3610/3696 3445/3611/3697 3446/3612/3698
f 3447/3613/3699 3444/3610/3696 3446/3612/3698
f 3447/3613/3699 3446/3612/3698 3448/3614/3700
f 3449/3615/3701 3447/3613/3699 3448/3614/3700
f 3449/3615/3701 3448/3614/3700 3450/3616/3702
f 3450/3616/3702 3448/3614/3700 3451/3617/3703
f 3450/3616/3702 3451/3617/3703 3452/3618/3704
f 3452/3618/3704 3451/3617/3703 3453/3619/3705
f 3452/3618/3704 3453/3619/3705 3454/3620/3706
f 3455/3621/3707 3452/3618/3704 3454/3620/3706
f 3455/3621/3707 3454/3620/3706 3456/3622/3708
f 3457/3623/3709 3455/3621/3707 3456/3622/3708
f 3457/3623/3709 3456/3622/3708 3458/3624/3710
f 3168/3334/3420 3457/3623/3709 3458/3624/3710
f 3168/3334/3420 3458/3624/3710 3170/3336/3422
f 3166/3332/3418 3457/3623/3709 3168/3334/3420
f 3459/3625/3711 3455/3621/3707 3457/3623/3709
f 3166/3332/3418 3459/3625/3711 3457/3623/3709
f 3163/3329/3415 3459/3625/3711 3166/3332/3418
f 3163/3329/3415 3162/3328/3414 3459/3625/3711
f 3162/3328/3414 3460/3626/3712 3459/3625/3711
f 3460/3626/3712 3452/3618/3704 3455/3621/3707
f 3459/3625/3711 3460/3626/3712 3455/3621/3707
f 3460/3626/3712 3450/3616/3702 3452/3618/3704
f 3451/3617/3703 3461/3627/3713 3453/3619/3705
f 3451/3617/3703 3462/3628/3714 3461/3627/3713
f 3448/3614/3700 3462/3628/3714 3451/3617/3703
f 3462/3628/3714 3463/3629/3715 3461/3627/3713
f 3162/3328/3414 3464/3630/3716 3460/3626/3712
f 3464/3630/3716 3450/3616/3702 3460/3626/3712
f 3156/3322/3408 3464/3630/3716 3162/3328/3414
f 3156/3322/3408 3152/3318/3404 3464/3630/3716
f 3152/3318/3404 3449/3615/3701 3464/3630/3716
f 3464/3630/3716 3449/3615/3701 3450/3616/3702
f 3152/3318/3404 3150/3316/3402 3449/3615/3701
f 3150/3316/3402 3447/3613/3699 3449/3615/3701
f 3150/3316/3402 3151/3317/3403 3447/3613/3699
f 3151/3317/3403 3444/3610/3696 3447/3613/3699
f 3462/3628/3714 3465/3631/3717 3463/3629/3715
f 3465/3631/3717 3466/3632/3718 3463/3629/3715
f 3446/3612/3698 3465/3631/3717 3462/3628/3714
f 3448/3614/3700 3446/3612/3698 3462/3628/3714
f 3446/3612/3698 3445/3611/3697 3465/3631/3717
f 3445/3611/3697 3467/3633/3719 3465/3631/3717
f 3465/3631/3717 3467/3633/3719 3466/3632/3718
f 3467/3633/3719 3468/3634/3720 3466/3632/3718
f 3467/3633/3719 3469/3635/3721 3468/3634/3720
f 3469/3635/3721 3470/3636/3722 3468/3634/3720
f 3471/3637/3723 3469/3635/3721 3467/3633/3719
f 3445/3611/3697 3471/3637/3723 3467/3633/3719
f 3471/3637/3723 3472/3638/3724 3469/3635/3721
f 3472/3638/3724 3473/3639/3725 3469/3635/3721
f 3469/3635/3721 3473/3639/3725 3470/3636/3722
f 3473/3639/3725 3474/3640/3726 3470/3636/3722
f 3443/3609/3695 3471/3637/3723 3445/3611/3697
f 3151/3317/3403 3435/3601/3687 3444/3610/3696
f 3442/3608/3694 3472/3638/3724 3471/3637/3723
f 3443/3609/3695 3442/3608/3694 3471/3637/3723
f 3442/3608/3694 3475/3641/3727 3472/3638/3724
f 3475/3641/3727 3476/3642/3728 3472/3638/3724
f 3472/3638/3724 3476/3642/3728 3473/3639/3725
f 3440/3606/3692 3475/3641/3727 3442/3608/3694
f 3440/3606/3692 3409/3575/3661 3475/3641/3727
f 3409/3575/3661 3408/3574/3660 3475/3641/3727
f 3475/3641/3727 3408/3574/3660 3476/3642/3728
f 3408/3574/3660 3404/3570/3656 3476/3642/3728
f 3473/3639/3725 3477/3643/3729 3474/3640/3726
f 3476/3642/3728 3477/3643/3729 3473/3639/3725
f 3476/3642/3728 3404/3570/3656 3477/3643/3729
f 3477/3643/3729 3478/3644/3730 3474/3640/3726
f 3404/3570/3656 3402/3568/3654 3477/3643/3729
f 3477/3643/3729 3402/3568/3654 3478/3644/3730
f 3402/3568/3654 3403/3569/3655 3478/3644/3730
f 3481/3645/3731 3480/3646/3732 3479/3647/3733
f 3482/3648/3734 3481/3645/3731 3479/3647/3733
f 3483/3649/3735 3481/3645/3731 3482/3648/3734
f 3484/3650/3736 3483/3649/3735 3482/3648/3734
f 3483/3649/3735 3485/3651/3737 3481/3645/3731
f 3485/3651/3737 3486/3652/3738 3481/3645/3731
f 3481/3645/3731 3486/3652/3738 3480/3646/3732
f 3486/3652/3738 3487/3653/3739 3480/3646/3732
f 3488/3654/3740 3483/3649/3735 3484/3650/3736
f 3489/3655/3741 3488/3654/3740 3484/3650/3736
f 3490/3656/3742 3488/3654/3740 3489/3655/3741
f 3491/3657/3743 3490/3656/3742 3489/3655/3741
f 3490/3656/3742 3492/3658/3744 3488/3654/3740
f 3492/3658/3744 3493/3659/3745 3488/3654/3740
f 3493/3659/3745 3485/3651/3737 3483/3649/3735
f 3488/3654/3740 3493/3659/3745 3483/3649/3735
f 3493/3659/3745 3494/3660/3746 3485/3651/3737
f 3494/3660/3746 3495/3661/3747 3485/3651/3737
f 3485/3651/3737 3495/3661/3747 3486/3652/3738
f 3496/3662/3748 3494/3660/3746 3493/3659/3745
f 3492/3658/3744 3496/3662/3748 3493/3659/3745
f 3496/3662/3748 3497/3663/3749 3494/3660/3746
f 3497/3663/3749 3498/3664/3750 3494/3660/3746
f 3494/3660/3746 3498/3664/3750 3495/3661/3747
f 3498/3664/3750 3499/3665/3751 3495/3661/3747
f 3486/3652/3738 3500/3666/3752 3487/3653/3739
f 3495/3661/3747 3500/3666/3752 3486/3652/3738
f 3495/3661/3747 3499/3665/3751 3500/3666/3752
f 3500/3666/3752 3501/3667/3753 3487/3653/3739
f 3499/3665/3751 3502/3668/3754 3500/3666/3752
f 3500/3666/3752 3502/3668/3754 3501/3667/3753
f 3502/3668/3754 3503/3669/3755 3501/3667/3753
f 3504/3670/3756 3490/3656/3742 3491/3657/3743
f 3505/3671/3757 3504/3670/3756 3491/3657/3743
f 3506/3672/3758 3504/3670/3756 3505/3671/3757
f 3507/3673/3759 3506/3672/3758 3505/3671/3757
f 3506/3672/3758 3508/3674/3760 3504/3670/3756
f 3508/3674/3760 3509/3675/3761 3504/3670/3756
f 3504/3670/3756 3509/3675/3761 3490/3656/3742
f 3509/3675/3761 3492/3658/3744 3490/3656/3742
f 3510/3676/3762 3496/3662/3748 3492/3658/3744
f 3509/3675/3761 3510/3676/3762 3492/3658/3744
f 3511/3677/3763 3510/3676/3762 3509/3675/3761
f 3508/3674/3760 3511/3677/3763 3509/3675/3761
f 3511/3677/3763 3512/3678/3764 3510/3676/3762
f 3513/3679/3765 3512/3678/3764 3511/3677/3763
f 3514/3680/3766 3513/3679/3765 3511/3677/3763
f 3515/3681/3767 3513/3679/3765 3514/3680/3766
f 3516/3682/3768 3515/3681/3767 3514/3680/3766
f 3512/3678/3764 3517/3683/3769 3510/3676/3762
f 3510/3676/3762 3517/3683/3769 3496/3662/3748
f 3517/3683/3769 3497/3663/3749 3496/3662/3748
f 3497/3663/3749 3517/3683/3769 3498/3664/3750
f 3517/3683/3769 3518/3684/3770 3498/3664/3750
f 3517/3683/3769 3512/3678/3764 3518/3684/3770
f 3498/3664/3750 3518/3684/3770 3499/3665/3751
f 3518/3684/3770 3519/3685/3771 3499/3665/3751
f 3499/3665/3751 3519/3685/3771 3502/3668/3754
f 3519/3685/3771 3520/3686/3772 3502/3668/3754
f 3502/3668/3754 3520/3686/3772 3503/3669/3755
f 3520/3686/3772 3521/3687/3773 3503/3669/3755
f 3519/3685/3771 3522/3688/3774 3520/3686/3772
f 3522/3688/3774 3523/3689/3775 3520/3686/3772
f 3520/3686/3772 3523/3689/3775 3521/3687/3773
f 3523/3689/3775 3524/3690/3776 3521/3687/3773
f 3525/3691/3777 3522/3688/3774 3519/3685/3771
f 3518/3684/3770 3525/3691/3777 3519/3685/3771
f 3512/3678/3764 3525/3691/3777 3518/3684/3770
f 3525/3691/3777 3526/3692/3778 3522/3688/3774
f 3526/3692/3778 3527/3693/3779 3522/3688/3774
f 3522/3688/3774 3527/3693/3779 3523/3689/3775
f 3513/3679/3765 3526/3692/3778 3525/3691/3777
f 3512/3678/3764 3513/3679/3765 3525/3691/3777
f 3513/3679/3765 3515/3681/3767 3526/3692/3778
f 3515/3681/3767 3528/3694/3780 3526/3692/3778
f 3526/3692/3778 3528/3694/3780 3527/3693/3779
f 3528/3694/3780 3529/3695/3781 3527/3693/3779
f 3523/3689/3775 3530/3696/3782 3524/3690/3776
f 3527/3693/3779 3530/3696/3782 3523/3689/3775
f 3527/3693/3779 3529/3695/3781 3530/3696/3782
f 3530/3696/3782 3531/3697/3783 3524/3690/3776
f 3529/3695/3781 3532/3698/3784 3530/3696/3782
f 3530/3696/3782 3532/3698/3784 3531/3697/3783
f 3532/3698/3784 3533/3699/3785 3531/3697/3783
f 3521/3687/3773 3524/3690/3776 3534/3700/3786
f 3535/3701/3787 3521/3687/3773 3534/3700/3786
f 3535/3701/3787 3534/3700/3786 3536/3702/3788
f 3537/3703/3789 3535/3701/3787 3536/3702/3788
f 3537/3703/3789 3536/3702/3788 3538/3704/3790
f 3538/3704/3790 3536/3702/3788 3539/3705/3791
f 3538/3704/3790 3539/3705/3791 3540/3706/3792
f 3540/3706/3792 3539/3705/3791 3541/3707/3793
f 3539/3705/3791 3542/3708/3794 3541/3707/3793
f 3543/3709/3795 3538/3704/3790 3540/3706/3792
f 3536/3702/3788 3544/3710/3796 3539/3705/3791
f 3539/3705/3791 3544/3710/3796 3542/3708/3794
f 3536/3702/3788 3534/3700/3786 3544/3710/3796
f 3544/3710/3796 3545/3711/3797 3542/3708/3794
f 3546/3712/3798 3538/3704/3790 3543/3709/3795
f 3546/3712/3798 3537/3703/3789 3538/3704/3790
f 3547/3713/3799 3546/3712/3798 3543/3709/3795
f 3548/3714/3800 3546/3712/3798 3547/3713/3799
f 3549/3715/3801 3548/3714/3800 3547/3713/3799
f 3550/3716/3802 3548/3714/3800 3549/3715/3801
f 3551/3717/3803 3550/3716/3802 3549/3715/3801
f 3551/3717/3803 3549/3715/3801 3552/3718/3804
f 3553/3719/3805 3551/3717/3803 3552/3718/3804
f 3553/3719/3805 3552/3718/3804 3554/3720/3806
f 3555/3721/3807 3553/3719/3805 3554/3720/3806
f 3555/3721/3807 3554/3720/3806 3556/3722/3808
f 3557/3723/3809 3555/3721/3807 3556/3722/3808
f 3557/3723/3809 3556/3722/3808 3558/3724/3810
f 3559/3725/3811 3557/3723/3809 3558/3724/3810
f 3559/3725/3811 3558/3724/3810 3560/3726/3812
f 3559/3725/3811 3560/3726/3812 3561/3727/3813
f 3561/3727/3813 3560/3726/3812 3562/3728/3814
f 3561/3727/3813 3562/3728/3814 3563/3729/3815
f 3563/3729/3815 3562/3728/3814 3564/3730/3816
f 3563/3729/3815 3564/3730/3816 3565/3731/3817
f 3565/3731/3817 3564/3730/3816 3566/3732/3818
f 3564/3730/3816 3567/3733/3819 3566/3732/3818
f 3568/3734/3820 3563/3729/3815 3565/3731/3817
f 3562/3728/3814 3569/3735/3821 3564/3730/3816
f 3564/3730/3816 3569/3735/3821 3567/3733/3819
f 3569/3735/3821 3570/3736/3822 3567/3733/3819
f 3571/3737/3823 3563/3729/3815 3568/3734/3820
f 3571/3737/3823 3561/3727/3813 3563/3729/3815
f 3572/3738/3824 3571/3737/3823 3568/3734/3820
f 3573/3739/3825 3571/3737/3823 3572/3738/3824
f 3574/3740/3826 3573/3739/3825 3572/3738/3824
f 3575/3741/3827 3561/3727/3813 3571/3737/3823
f 3573/3739/3825 3575/3741/3827 3571/3737/3823
f 3560/3726/3812 3576/3742/3828 3562/3728/3814
f 3562/3728/3814 3576/3742/3828 3569/3735/3821
f 3560/3726/3812 3577/3743/3829 3576/3742/3828
f 3558/3724/3810 3577/3743/3829 3560/3726/3812
f 3577/3743/3829 3578/3744/3830 3576/3742/3828
f 3569/3735/3821 3579/3745/3831 3570/3736/3822
f 3576/3742/3828 3579/3745/3831 3569/3735/3821
f 3576/3742/3828 3578/3744/3830 3579/3745/3831
f 3579/3745/3831 3580/3746/3832 3570/3736/3822
f 3578/3744/3830 3581/3747/3833 3579/3745/3831
f 3579/3745/3831 3581/3747/3833 3580/3746/3832
f 3581/3747/3833 3582/3748/3834 3580/3746/3832
f 3573/3739/3825 3583/3749/3835 3575/3741/3827
f 3583/3749/3835 3584/3750/3836 3575/3741/3827
f 3575/3741/3827 3584/3750/3836 3559/3725/3811
f 3575/3741/3827 3559/3725/3811 3561/3727/3813
f 3584/3750/3836 3557/3723/3809 3559/3725/3811
f 3584/3750/3836 3585/3751/3837 3557/3723/3809
f 3585/3751/3837 3555/3721/3807 3557/3723/3809
f 3586/3752/3838 3585/3751/3837 3584/3750/3836
f 3583/3749/3835 3586/3752/3838 3584/3750/3836
f 3587/3753/3839 3586/3752/3838 3583/3749/3835
f 3588/3754/3840 3587/3753/3839 3583/3749/3835
f 3588/3754/3840 3583/3749/3835 3573/3739/3825
f 3574/3740/3826 3588/3754/3840 3573/3739/3825
f 3586/3752/3838 3589/3755/3841 3585/3751/3837
f 3589/3755/3841 3590/3756/3842 3585/3751/3837
f 3585/3751/3837 3590/3756/3842 3555/3721/3807
f 3591/3757/3843 3589/3755/3841 3586/3752/3838
f 3587/3753/3839 3591/3757/3843 3586/3752/3838
f 3591/3757/3843 3592/3758/3844 3589/3755/3841
f 3592/3758/3844 3593/3759/3845 3589/3755/3841
f 3589/3755/3841 3593/3759/3845 3590/3756/3842
f 3593/3759/3845 3594/3760/3846 3590/3756/3842
f 3590/3756/3842 3553/3719/3805 3555/3721/3807
f 3590/3756/3842 3594/3760/3846 3553/3719/3805
f 3594/3760/3846 3551/3717/3803 3553/3719/3805
f 3594/3760/3846 3595/3761/3847 3551/3717/3803
f 3595/3761/3847 3550/3716/3802 3551/3717/3803
f 3595/3761/3847 3596/3762/3848 3550/3716/3802
f 3596/3762/3848 3597/3763/3849 3550/3716/3802
f 3550/3716/3802 3597/3763/3849 3548/3714/3800
f 3597/3763/3849 3598/3764/3850 3548/3714/3800
f 3599/3765/3851 3595/3761/3847 3594/3760/3846
f 3593/3759/3845 3599/3765/3851 3594/3760/3846
f 3600/3766/3852 3599/3765/3851 3593/3759/3845
f 3592/3758/3844 3600/3766/3852 3593/3759/3845
f 3600/3766/3852 3601/3767/3853 3599/3765/3851
f 3601/3767/3853 3602/3768/3854 3599/3765/3851
f 3602/3768/3854 3596/3762/3848 3595/3761/3847
f 3599/3765/3851 3602/3768/3854 3595/3761/3847
f 3602/3768/3854 3603/3769/3855 3596/3762/3848
f 3603/3769/3855 3604/3770/3856 3596/3762/3848
f 3596/3762/3848 3604/3770/3856 3597/3763/3849
f 3605/3771/3857 3603/3769/3855 3602/3768/3854
f 3601/3767/3853 3605/3771/3857 3602/3768/3854
f 3605/3771/3857 3479/3647/3733 3603/3769/3855
f 3479/3647/3733 3480/3646/3732 3603/3769/3855
f 3603/3769/3855 3480/3646/3732 3604/3770/3856
f 3480/3646/3732 3487/3653/3739 3604/3770/3856
f 3597/3763/3849 3606/3772/3858 3598/3764/3850
f 3604/3770/3856 3606/3772/3858 3597/3763/3849
f 3604/3770/3856 3487/3653/3739 3606/3772/3858
f 3606/3772/3858 3607/3773/3859 3598/3764/3850
f 3487/3653/3739 3501/3667/3753 3606/3772/3858
f 3606/3772/3858 3501/3667/3753 3607/3773/3859
f 3501/3667/3753 3503/3669/3755 3607/3773/3859
f 3605/3771/3857 3608/3774/3860 3479/3647/3733
f 3608/3774/3860 3609/3775/3861 3479/3647/3733
f 3482/3648/3734 3479/3647/3733 3609/3775/3861
f 3610/3776/3862 3482/3648/3734 3609/3775/3861
f 3610/3776/3862 3609/3775/3861 3611/3777/3863
f 3612/3778/3864 3610/3776/3862 3611/3777/3863
f 3612/3778/3864 3611/3777/3863 3613/3779/3865
f 3614/3780/3866 3612/3778/3864 3613/3779/3865
f 3614/3780/3866 3613/3779/3865 3615/3781/3867
f 3616/3782/3868 3614/3780/3866 3615/3781/3867
f 3616/3782/3868 3615/3781/3867 3617/3783/3869
f 3618/3784/3870 3617/3783/3869 3615/3781/3867
f 3619/3785/3871 3618/3784/3870 3615/3781/3867
f 3619/3785/3871 3615/3781/3867 3613/3779/3865
f 3620/3786/3872 3618/3784/3870 3619/3785/3871
f 3621/3787/3873 3620/3786/3872 3619/3785/3871
f 3620/3786/3872 3622/3788/3874 3618/3784/3870
f 3622/3788/3874 3623/3789/3875 3618/3784/3870
f 3618/3784/3870 3623/3789/3875 3617/3783/3869
f 3623/3789/3875 3624/3790/3876 3617/3783/3869
f 3625/3791/3877 3620/3786/3872 3621/3787/3873
f 3626/3792/3878 3625/3791/3877 3621/3787/3873
f 3627/3793/3879 3625/3791/3877 3626/3792/3878
f 3628/3794/3880 3627/3793/3879 3626/3792/3878
f 3629/3795/3881 3627/3793/3879 3628/3794/3880
f 3630/3796/3882 3629/3795/3881 3628/3794/3880
f 3631/3797/3883 3629/3795/3881 3630/3796/3882
f 3632/3798/3884 3631/3797/3883 3630/3796/3882
f 3631/3797/3883 3633/3799/3885 3629/3795/3881
f 3633/3799/3885 3634/3800/3886 3629/3795/3881
f 3629/3795/3881 3634/3800/3886 3627/3793/3879
f 3634/3800/3886 3635/3801/3887 3627/3793/3879
f 3627/3793/3879 3635/3801/3887 3625/3791/3877
f 3636/3802/3888 3631/3797/3883 3632/3798/3884
f 3637/3803/3889 3636/3802/3888 3632/3798/3884
f 3638/3804/3890 3636/3802/3888 3637/3803/3889
f 3639/3805/3891 3638/3804/3890 3637/3803/3889
f 3638/3804/3890 3639/3805/3891 3640/3806/3892
f 3641/3807/3893 3638/3804/3890 3640/3806/3892
f 3641/3807/3893 3640/3806/3892 3642/3808/3894
f 3643/3809/3895 3641/3807/3893 3642/3808/3894
f 3643/3809/3895 3642/3808/3894 3644/3810/3896
f 3645/3811/3897 3643/3809/3895 3644/3810/3896
f 3645/3811/3897 3644/3810/3896 3646/3812/3898
f 3647/3813/3899 3645/3811/3897 3646/3812/3898
f 3648/3814/3900 3645/3811/3897 3647/3813/3899
f 3649/3815/3901 3648/3814/3900 3647/3813/3899
f 3650/3816/3902 3643/3809/3895 3645/3811/3897
f 3648/3814/3900 3650/3816/3902 3645/3811/3897
f 3651/3817/3903 3648/3814/3900 3649/3815/3901
f 3652/3818/3904 3651/3817/3903 3649/3815/3901
f 3085/3251/3337 3651/3817/3903 3652/3818/3904
f 3083/3249/3335 3085/3251/3337 3652/3818/3904
f 3085/3251/3337 3089/3255/3341 3651/3817/3903
f 3089/3255/3341 3653/3819/3905 3651/3817/3903
f 3653/3819/3905 3650/3816/3902 3648/3814/3900
f 3651/3817/3903 3653/3819/3905 3648/3814/3900
f 3653/3819/3905 3654/3820/3906 3650/3816/3902
f 3654/3820/3906 3655/3821/3907 3650/3816/3902
f 3650/3816/3902 3655/3821/3907 3643/3809/3895
f 3380/3546/3632 3654/3820/3906 3653/3819/3905
f 3089/3255/3341 3380/3546/3632 3653/3819/3905
f 3380/3546/3632 3378/3544/3630 3654/3820/3906
f 3378/3544/3630 3656/3822/3908 3654/3820/3906
f 3654/3820/3906 3656/3822/3908 3655/3821/3907
f 3656/3822/3908 3657/3823/3909 3655/3821/3907
f 3655/3821/3907 3657/3823/3909 3641/3807/3893
f 3655/3821/3907 3641/3807/3893 3643/3809/3895
f 3657/3823/3909 3638/3804/3890 3641/3807/3893
f 3638/3804/3890 3657/3823/3909 3636/3802/3888
f 3657/3823/3909 3658/3824/3910 3636/3802/3888
f 3657/3823/3909 3656/3822/3908 3658/3824/3910
f 3636/3802/3888 3658/3824/3910 3631/3797/3883
f 3658/3824/3910 3633/3799/3885 3631/3797/3883
f 3658/3824/3910 3659/3825/3911 3633/3799/3885
f 3656/3822/3908 3659/3825/3911 3658/3824/3910
f 3656/3822/3908 3378/3544/3630 3659/3825/3911
f 3659/3825/3911 3660/3826/3912 3633/3799/3885
f 3378/3544/3630 3377/3543/3629 3659/3825/3911
f 3659/3825/3911 3377/3543/3629 3660/3826/3912
f 3377/3543/3629 3373/3539/3625 3660/3826/3912
f 3633/3799/3885 3660/3826/3912 3634/3800/3886
f 3660/3826/3912 3661/3827/3913 3634/3800/3886
f 3660/3826/3912 3373/3539/3625 3661/3827/3913
f 3634/3800/3886 3661/3827/3913 3635/3801/3887
f 3661/3827/3913 3662/3828/3914 3635/3801/3887
f 3373/3539/3625 3365/3531/3617 3661/3827/3913
f 3661/3827/3913 3365/3531/3617 3662/3828/3914
f 3365/3531/3617 3363/3529/3615 3662/3828/3914
f 3635/3801/3887 3662/3828/3914 3663/3829/3915
f 3635/3801/3887 3663/3829/3915 3625/3791/3877
f 3625/3791/3877 3663/3829/3915 3620/3786/3872
f 3663/3829/3915 3622/3788/3874 3620/3786/3872
f 3663/3829/3915 3664/3830/3916 3622/3788/3874
f 3662/3828/3914 3664/3830/3916 3663/3829/3915
f 3662/3828/3914 3363/3529/3615 3664/3830/3916
f 3664/3830/3916 3665/3831/3917 3622/3788/3874
f 3363/3529/3615 3362/3528/3614 3664/3830/3916
f 3664/3830/3916 3362/3528/3614 3665/3831/3917
f 3362/3528/3614 3358/3524/3610 3665/3831/3917
f 3622/3788/3874 3665/3831/3917 3623/3789/3875
f 3665/3831/3917 3666/3832/3918 3623/3789/3875
f 3665/3831/3917 3358/3524/3610 3666/3832/3918
f 3623/3789/3875 3666/3832/3918 3624/3790/3876
f 3666/3832/3918 3667/3833/3919 3624/3790/3876
f 3358/3524/3610 3356/3522/3608 3666/3832/3918
f 3666/3832/3918 3356/3522/3608 3667/3833/3919
f 3356/3522/3608 3357/3523/3609 3667/3833/3919
f 3668/3834/3920 3667/3833/3919 3357/3523/3609
f 3669/3835/3921 3668/3834/3920 3357/3523/3609
f 3670/3836/3922 3669/3835/3921 3357/3523/3609
f 3355/3521/3607 3670/3836/3922 3357/3523/3609
f 3671/3837/3923 3670/3836/3922 3355/3521/3607
f 3349/3515/3601 3671/3837/3923 3355/3521/3607
f 3671/3837/3923 3672/3838/3924 3670/3836/3922
f 3672/3838/3924 3673/3839/3925 3670/3836/3922
f 3670/3836/3922 3673/3839/3925 3669/3835/3921
f 3673/3839/3925 3674/3840/3926 3669/3835/3921
f 3347/3513/3599 3671/3837/3923 3349/3515/3601
f 3675/3841/3927 3672/3838/3924 3671/3837/3923
f 3347/3513/3599 3675/3841/3927 3671/3837/3923
f 3341/3507/3593 3675/3841/3927 3347/3513/3599
f 3675/3841/3927 3676/3842/3928 3672/3838/3924
f 3676/3842/3928 3677/3843/3929 3672/3838/3924
f 3672/3838/3924 3677/3843/3929 3673/3839/3925
f 3346/3512/3598 3676/3842/3928 3675/3841/3927
f 3341/3507/3593 3346/3512/3598 3675/3841/3927
f 3346/3512/3598 3292/3458/3544 3676/3842/3928
f 3292/3458/3544 3678/3844/3930 3676/3842/3928
f 3676/3842/3928 3678/3844/3930 3677/3843/3929
f 3678/3844/3930 3292/3458/3544 3290/3456/3542
f 3679/3845/3931 3678/3844/3930 3290/3456/3542
f 3679/3845/3931 3290/3456/3542 3285/3451/3537
f 3680/3846/3932 3679/3845/3931 3285/3451/3537
f 3680/3846/3932 3285/3451/3537 3281/3447/3533
f 3280/3446/3532 3680/3846/3932 3281/3447/3533
f 3279/3445/3531 3680/3846/3932 3280/3446/3532
f 3681/3847/3933 3679/3845/3931 3680/3846/3932
f 3279/3445/3531 3681/3847/3933 3680/3846/3932
f 3682/3848/3934 3681/3847/3933 3279/3445/3531
f 3278/3444/3530 3682/3848/3934 3279/3445/3531
f 3683/3849/3935 3682/3848/3934 3278/3444/3530
f 3277/3443/3529 3683/3849/3935 3278/3444/3530
f 3683/3849/3935 3684/3850/3936 3682/3848/3934
f 3684/3850/3936 3685/3851/3937 3682/3848/3934
f 3682/3848/3934 3685/3851/3937 3681/3847/3933
f 3685/3851/3937 3686/3852/3938 3681/3847/3933
f 3686/3852/3938 3678/3844/3930 3679/3845/3931
f 3681/3847/3933 3686/3852/3938 3679/3845/3931
f 3678/3844/3930 3686/3852/3938 3677/3843/3929
f 3686/3852/3938 3685/3851/3937 3687/3853/3939
f 3677/3843/3929 3686/3852/3938 3687/3853/3939
f 3677/3843/3929 3687/3853/3939 3673/3839/3925
f 3673/3839/3925 3687/3853/3939 3674/3840/3926
f 3687/3853/3939 3688/3854/3940 3674/3840/3926
f 3685/3851/3937 3684/3850/3936 3688/3854/3940
f 3687/3853/3939 3685/3851/3937 3688/3854/3940
f 3688/3854/3940 3689/3855/3941 3674/3840/3926
f 3689/3855/3941 3690/3856/3942 3674/3840/3926
f 3674/3840/3926 3690/3856/3942 3669/3835/3921
f 3690/3856/3942 3668/3834/3920 3669/3835/3921
f 3690/3856/3942 3691/3857/3943 3668/3834/3920
f 3691/3857/3943 3692/3858/3944 3668/3834/3920
f 3668/3834/3920 3692/3858/3944 3667/3833/3919
f 3692/3858/3944 3624/3790/3876 3667/3833/3919
f 3693/3859/3945 3689/3855/3941 3688/3854/3940
f 3684/3850/3936 3693/3859/3945 3688/3854/3940
f 3693/3859/3945 3694/3860/3946 3689/3855/3941
f 3694/3860/3946 3695/3861/3947 3689/3855/3941
f 3695/3861/3947 3691/3857/3943 3690/3856/3942
f 3689/3855/3941 3695/3861/3947 3690/3856/3942
f 3695/3861/3947 3696/3862/3948 3691/3857/3943
f 3696/3862/3948 3697/3863/3949 3691/3857/3943
f 3691/3857/3943 3697/3863/3949 3692/3858/3944
f 3698/3864/3950 3696/3862/3948 3695/3861/3947
f 3694/3860/3946 3698/3864/3950 3695/3861/3947
f 3698/3864/3950 3699/3865/3951 3696/3862/3948
f 3699/3865/3951 3700/3866/3952 3696/3862/3948
f 3696/3862/3948 3700/3866/3952 3697/3863/3949
f 3700/3866/3952 3701/3867/3953 3697/3863/3949
f 3692/3858/3944 3702/3868/3954 3624/3790/3876
f 3697/3863/3949 3702/3868/3954 3692/3858/3944
f 3697/3863/3949 3701/3867/3953 3702/3868/3954
f 3702/3868/3954 3617/3783/3869 3624/3790/3876
f 3701/3867/3953 3616/3782/3868 3702/3868/3954
f 3702/3868/3954 3616/3782/3868 3617/3783/3869
f 3703/3869/3955 3693/3859/3945 3684/3850/3936
f 3683/3849/3935 3703/3869/3955 3684/3850/3936
f 3704/3870/3956 3703/3869/3955 3683/3849/3935
f 3277/3443/3529 3704/3870/3956 3683/3849/3935
f 3704/3870/3956 3705/3871/3957 3703/3869/3955
f 3705/3871/3957 3706/3872/3958 3703/3869/3955
f 3703/3869/3955 3706/3872/3958 3693/3859/3945
f 3706/3872/3958 3694/3860/3946 3693/3859/3945
f 3707/3873/3959 3704/3870/3956 3277/3443/3529
f 3276/3442/3528 3707/3873/3959 3277/3443/3529
f 3708/3874/3960 3707/3873/3959 3276/3442/3528
f 3273/3439/3525 3708/3874/3960 3276/3442/3528
f 3708/3874/3960 3709/3875/3961 3707/3873/3959
f 3709/3875/3961 3710/3876/3962 3707/3873/3959
f 3710/3876/3962 3705/3871/3957 3704/3870/3956
f 3707/3873/3959 3710/3876/3962 3704/3870/3956
f 3710/3876/3962 3711/3877/3963 3705/3871/3957
f 3711/3877/3963 3712/3878/3964 3705/3871/3957
f 3705/3871/3957 3712/3878/3964 3706/3872/3958
f 3713/3879/3965 3711/3877/3963 3710/3876/3962
f 3709/3875/3961 3713/3879/3965 3710/3876/3962
f 3706/3872/3958 3714/3880/3966 3694/3860/3946
f 3712/3878/3964 3714/3880/3966 3706/3872/3958
f 3714/3880/3966 3698/3864/3950 3694/3860/3946
f 3712/3878/3964 3715/3881/3967 3714/3880/3966
f 3715/3881/3967 3716/3882/3968 3714/3880/3966
f 3714/3880/3966 3716/3882/3968 3698/3864/3950
f 3716/3882/3968 3699/3865/3951 3698/3864/3950
f 3716/3882/3968 3717/3883/3969 3699/3865/3951
f 3717/3883/3969 3718/3884/3970 3699/3865/3951
f 3719/3885/3971 3717/3883/3969 3716/3882/3968
f 3715/3881/3967 3719/3885/3971 3716/3882/3968
f 3719/3885/3971 3720/3886/3972 3717/3883/3969
f 3720/3886/3972 3721/3887/3973 3717/3883/3969
f 3717/3883/3969 3721/3887/3973 3718/3884/3970
f 3721/3887/3973 3722/3888/3974 3718/3884/3970
f 3721/3887/3973 3723/3889/3975 3722/3888/3974
f 3723/3889/3975 3724/3890/3976 3722/3888/3974
f 3725/3891/3977 3723/3889/3975 3721/3887/3973
f 3720/3886/3972 3725/3891/3977 3721/3887/3973
f 3725/3891/3977 3507/3673/3759 3723/3889/3975
f 3507/3673/3759 3505/3671/3757 3723/3889/3975
f 3723/3889/3975 3505/3671/3757 3724/3890/3976
f 3505/3671/3757 3491/3657/3743 3724/3890/3976
f 3699/3865/3951 3718/3884/3970 3700/3866/3952
f 3718/3884/3970 3726/3892/3978 3700/3866/3952
f 3718/3884/3970 3722/3888/3974 3726/3892/3978
f 3700/3866/3952 3726/3892/3978 3701/3867/3953
f 3726/3892/3978 3727/3893/3979 3701/3867/3953
f 3701/3867/3953 3727/3893/3979 3616/3782/3868
f 3727/3893/3979 3614/3780/3866 3616/3782/3868
f 3727/3893/3979 3728/3894/3980 3614/3780/3866
f 3728/3894/3980 3612/3778/3864 3614/3780/3866
f 3722/3888/3974 3729/3895/3981 3726/3892/3978
f 3729/3895/3981 3728/3894/3980 3727/3893/3979
f 3726/3892/3978 3729/3895/3981 3727/3893/3979
f 3722/3888/3974 3724/3890/3976 3729/3895/3981
f 3729/3895/3981 3730/3896/3982 3728/3894/3980
f 3724/3890/3976 3730/3896/3982 3729/3895/3981
f 3724/3890/3976 3491/3657/3743 3730/3896/3982
f 3730/3896/3982 3731/3897/3983 3728/3894/3980
f 3728/3894/3980 3731/3897/3983 3612/3778/3864
f 3491/3657/3743 3489/3655/3741 3730/3896/3982
f 3730/3896/3982 3489/3655/3741 3731/3897/3983
f 3489/3655/3741 3484/3650/3736 3731/3897/3983
f 3731/3897/3983 3610/3776/3862 3612/3778/3864
f 3731/3897/3983 3484/3650/3736 3610/3776/3862
f 3484/3650/3736 3482/3648/3734 3610/3776/3862
f 3732/3898/3984 3506/3672/3758 3507/3673/3759
f 3733/3899/3985 3732/3898/3984 3507/3673/3759
f 3734/3900/3986 3732/3898/3984 3733/3899/3985
f 3735/3901/3987 3734/3900/3986 3733/3899/3985
f 3734/3900/3986 3736/3902/3988 3732/3898/3984
f 3736/3902/3988 3737/3903/3989 3732/3898/3984
f 3732/3898/3984 3737/3903/3989 3506/3672/3758
f 3737/3903/3989 3508/3674/3760 3506/3672/3758
f 3737/3903/3989 3514/3680/3766 3508/3674/3760
f 3514/3680/3766 3511/3677/3763 3508/3674/3760
f 3516/3682/3768 3514/3680/3766 3737/3903/3989
f 3736/3902/3988 3516/3682/3768 3737/3903/3989
f 3735/3901/3987 3733/3899/3985 3738/3904/3990
f 3739/3905/3991 3735/3901/3987 3738/3904/3990
f 3739/3905/3991 3738/3904/3990 3740/3906/3992
f 3740/3906/3992 3738/3904/3990 3720/3886/3972
f 3740/3906/3992 3720/3886/3972 3719/3885/3971
f 3741/3907/3993 3740/3906/3992 3719/3885/3971
f 3741/3907/3993 3719/3885/3971 3715/3881/3967
f 3742/3908/3994 3741/3907/3993 3715/3881/3967
f 3742/3908/3994 3715/3881/3967 3712/3878/3964
f 3711/3877/3963 3742/3908/3994 3712/3878/3964
f 3743/3909/3995 3742/3908/3994 3711/3877/3963
f 3713/3879/3965 3743/3909/3995 3711/3877/3963
f 3744/3910/3996 3741/3907/3993 3742/3908/3994
f 3743/3909/3995 3744/3910/3996 3742/3908/3994
f 3745/3911/3997 3740/3906/3992 3741/3907/3993
f 3744/3910/3996 3745/3911/3997 3741/3907/3993
f 3745/3911/3997 3739/3905/3991 3740/3906/3992
f 3738/3904/3990 3725/3891/3977 3720/3886/3972
f 3738/3904/3990 3733/3899/3985 3725/3891/3977
f 3733/3899/3985 3507/3673/3759 3725/3891/3977
f 3096/3262/3348 3428/3594/3680 3098/3264/3350
f 3096/3262/3348 3746/3912/3998 3428/3594/3680
f 3094/3260/3346 3746/3912/3998 3096/3262/3348
f 3746/3912/3998 3421/3587/3673 3428/3594/3680
f 3746/3912/3998 3747/3913/3999 3421/3587/3673
f 3747/3913/3999 3418/3584/3670 3421/3587/3673
f 3748/3914/4000 3747/3913/3999 3746/3912/3998
f 3094/3260/3346 3748/3914/4000 3746/3912/3998
f 3092/3258/3344 3748/3914/4000 3094/3260/3346
f 3092/3258/3344 3056/3222/3308 3748/3914/4000
f 3057/3223/3309 3056/3222/3308 3092/3258/3344
f 3056/3222/3308 3052/3218/3304 3748/3914/4000
f 3748/3914/4000 3052/3218/3304 3747/3913/3999
f 3052/3218/3304 3051/3217/3303 3747/3913/3999
f 3747/3913/3999 3051/3217/3303 3418/3584/3670
f 3051/3217/3303 3037/3203/3289 3418/3584/3670
f 3749/3915/4001 3123/3289/3375 3127/3293/3379
f 3353/3519/3605 3749/3915/4001 3127/3293/3379
f 3361/3527/3613 3749/3915/4001 3353/3519/3605
f 3361/3527/3613 3367/3533/3619 3749/3915/4001
f 3367/3533/3619 3369/3535/3621 3749/3915/4001
f 3749/3915/4001 3369/3535/3621 3123/3289/3375
f 3369/3535/3621 3121/3287/3373 3123/3289/3375
f 3750/3916/4002 3302/3468/3554 3304/3470/3556
f 3751/3917/4003 3750/3916/4002 3304/3470/3556
f 3752/3918/4004 3750/3916/4002 3751/3917/4003
f 3753/3919/4005 3752/3918/4004 3751/3917/4003
f 3752/3918/4004 3754/3920/4006 3750/3916/4002
f 3754/3920/4006 3755/3921/4007 3750/3916/4002
f 3750/3916/4002 3755/3921/4007 3302/3468/3554
f 3755/3921/4007 3288/3454/3540 3302/3468/3554
f 3756/3922/4008 3752/3918/4004 3753/3919/4005
f 3757/3923/4009 3756/3922/4008 3753/3919/4005
f 3235/3401/3487 3756/3922/4008 3757/3923/4009
f 3233/3399/3485 3235/3401/3487 3757/3923/4009
f 3235/3401/3487 3239/3405/3491 3756/3922/4008
f 3239/3405/3491 3758/3924/4010 3756/3922/4008
f 3758/3924/4010 3754/3920/4006 3752/3918/4004
f 3756/3922/4008 3758/3924/4010 3752/3918/4004
f 3758/3924/4010 3759/3925/4011 3754/3920/4006
f 3759/3925/4011 3760/3926/4012 3754/3920/4006
f 3754/3920/4006 3760/3926/4012 3755/3921/4007
f 3251/3417/3503 3759/3925/4011 3758/3924/4010
f 3239/3405/3491 3251/3417/3503 3758/3924/4010
f 3251/3417/3503 3253/3419/3505 3759/3925/4011
f 3253/3419/3505 3254/3420/3506 3759/3925/4011
f 3759/3925/4011 3254/3420/3506 3760/3926/4012
f 3254/3420/3506 3256/3422/3508 3760/3926/4012
f 3755/3921/4007 3761/3927/4013 3288/3454/3540
f 3760/3926/4012 3761/3927/4013 3755/3921/4007
f 3760/3926/4012 3256/3422/3508 3761/3927/4013
f 3761/3927/4013 3283/3449/3535 3288/3454/3540
f 3256/3422/3508 3258/3424/3510 3761/3927/4013
f 3761/3927/4013 3258/3424/3510 3283/3449/3535
f 3258/3424/3510 3260/3426/3512 3283/3449/3535
f 3233/3399/3485 3757/3923/4009 3762/3928/4014
f 3231/3397/3483 3233/3399/3485 3762/3928/4014
f 3231/3397/3483 3762/3928/4014 3763/3929/4015
f 3763/3929/4015 3762/3928/4014 3764/3930/4016
f 3763/3929/4015 3764/3930/4016 3765/3931/4017
f 3765/3931/4017 3764/3930/4016 3766/3932/4018
f 3765/3931/4017 3766/3932/4018 3213/3379/3465
f 3213/3379/3465 3766/3932/4018 3187/3353/3439
f 3766/3932/4018 3309/3475/3561 3187/3353/3439
f 3211/3377/3463 3765/3931/4017 3213/3379/3465
f 3764/3930/4016 3767/3933/4019 3766/3932/4018
f 3766/3932/4018 3767/3933/4019 3309/3475/3561
f 3767/3933/4019 3307/3473/3559 3309/3475/3561
f 3768/3934/4020 3765/3931/4017 3211/3377/3463
f 3768/3934/4020 3763/3929/4015 3765/3931/4017
f 3210/3376/3462 3768/3934/4020 3211/3377/3463
f 3215/3381/3467 3768/3934/4020 3210/3376/3462
f 3219/3385/3471 3763/3929/4015 3768/3934/4020
f 3215/3381/3467 3219/3385/3471 3768/3934/4020
f 3219/3385/3471 3231/3397/3483 3763/3929/4015
f 3762/3928/4014 3769/3935/4021 3764/3930/4016
f 3764/3930/4016 3769/3935/4021 3767/3933/4019
f 3762/3928/4014 3757/3923/4009 3769/3935/4021
f 3757/3923/4009 3753/3919/4005 3769/3935/4021
f 3767/3933/4019 3770/3936/4022 3307/3473/3559
f 3769/3935/4021 3770/3936/4022 3767/3933/4019
f 3769/3935/4021 3753/3919/4005 3770/3936/4022
f 3770/3936/4022 3305/3471/3557 3307/3473/3559
f 3753/3919/4005 3751/3917/4003 3770/3936/4022
f 3770/3936/4022 3751/3917/4003 3305/3471/3557
f 3751/3917/4003 3304/3470/3556 3305/3471/3557
f 3771/3937/4023 3608/3774/3860 3605/3771/3857
f 3601/3767/3853 3771/3937/4023 3605/3771/3857
f 3771/3937/4023 3772/3938/4024 3608/3774/3860
f 3772/3938/4024 3773/3939/4025 3608/3774/3860
f 3608/3774/3860 3773/3939/4025 3609/3775/3861
f 3773/3939/4025 3611/3777/3863 3609/3775/3861
f 3774/3940/4026 3771/3937/4023 3601/3767/3853
f 3600/3766/3852 3774/3940/4026 3601/3767/3853
f 3775/3941/4027 3774/3940/4026 3600/3766/3852
f 3592/3758/3844 3775/3941/4027 3600/3766/3852
f 3775/3941/4027 3776/3942/4028 3774/3940/4026
f 3776/3942/4028 3777/3943/4029 3774/3940/4026
f 3777/3943/4029 3772/3938/4024 3771/3937/4023
f 3774/3940/4026 3777/3943/4029 3771/3937/4023
f 3777/3943/4029 3778/3944/4030 3772/3938/4024
f 3778/3944/4030 3779/3945/4031 3772/3938/4024
f 3772/3938/4024 3779/3945/4031 3773/3939/4025
f 3780/3946/4032 3778/3944/4030 3777/3943/4029
f 3776/3942/4028 3780/3946/4032 3777/3943/4029
f 3780/3946/4032 3628/3794/3880 3778/3944/4030
f 3628/3794/3880 3626/3792/3878 3778/3944/4030
f 3778/3944/4030 3626/3792/3878 3779/3945/4031
f 3626/3792/3878 3621/3787/3873 3779/3945/4031
f 3773/3939/4025 3781/3947/4033 3611/3777/3863
f 3779/3945/4031 3781/3947/4033 3773/3939/4025
f 3779/3945/4031 3621/3787/3873 3781/3947/4033
f 3781/3947/4033 3613/3779/3865 3611/3777/3863
f 3621/3787/3873 3619/3785/3871 3781/3947/4033
f 3781/3947/4033 3619/3785/3871 3613/3779/3865
f 3782/3948/4034 3775/3941/4027 3592/3758/3844
f 3591/3757/3843 3782/3948/4034 3592/3758/3844
f 3783/3949/4035 3782/3948/4034 3591/3757/3843
f 3587/3753/3839 3783/3949/4035 3591/3757/3843
f 3783/3949/4035 3784/3950/4036 3782/3948/4034
f 3784/3950/4036 3785/3951/4037 3782/3948/4034
f 3782/3948/4034 3785/3951/4037 3775/3941/4027
f 3785/3951/4037 3776/3942/4028 3775/3941/4027
f 3786/3952/4038 3783/3949/4035 3587/3753/3839
f 3588/3754/3840 3786/3952/4038 3587/3753/3839
f 3787/3953/4039 3786/3952/4038 3588/3754/3840
f 3574/3740/3826 3787/3953/4039 3588/3754/3840
f 3787/3953/4039 3788/3954/4040 3786/3952/4038
f 3788/3954/4040 3789/3955/4041 3786/3952/4038
f 3789/3955/4041 3784/3950/4036 3783/3949/4035
f 3786/3952/4038 3789/3955/4041 3783/3949/4035
f 3789/3955/4041 3790/3956/4042 3784/3950/4036
f 3790/3956/4042 3791/3957/4043 3784/3950/4036
f 3784/3950/4036 3791/3957/4043 3785/3951/4037
f 3792/3958/4044 3790/3956/4042 3789/3955/4041
f 3788/3954/4040 3792/3958/4044 3789/3955/4041
f 3792/3958/4044 3639/3805/3891 3790/3956/4042
f 3639/3805/3891 3637/3803/3889 3790/3956/4042
f 3790/3956/4042 3637/3803/3889 3791/3957/4043
f 3637/3803/3889 3632/3798/3884 3791/3957/4043
f 3785/3951/4037 3793/3959/4045 3776/3942/4028
f 3791/3957/4043 3793/3959/4045 3785/3951/4037
f 3791/3957/4043 3632/3798/3884 3793/3959/4045
f 3793/3959/4045 3780/3946/4032 3776/3942/4028
f 3632/3798/3884 3630/3796/3882 3793/3959/4045
f 3793/3959/4045 3630/3796/3882 3780/3946/4032
f 3630/3796/3882 3628/3794/3880 3780/3946/4032
f 3639/3805/3891 3792/3958/4044 3794/3960/4046
f 3640/3806/3892 3639/3805/3891 3794/3960/4046
f 3640/3806/3892 3794/3960/4046 3795/3961/4047
f 3795/3961/4047 3794/3960/4046 3796/3962/4048
f 3795/3961/4047 3796/3962/4048 3797/3963/4049
f 3797/3963/4049 3796/3962/4048 3798/3964/4050
f 3797/3963/4049 3798/3964/4050 3799/3965/4051
f 3799/3965/4051 3798/3964/4050 3566/3732/3818
f 3798/3964/4050 3565/3731/3817 3566/3732/3818
f 3800/3966/4052 3797/3963/4049 3799/3965/4051
f 3796/3962/4048 3801/3967/4053 3798/3964/4050
f 3798/3964/4050 3801/3967/4053 3565/3731/3817
f 3801/3967/4053 3568/3734/3820 3565/3731/3817
f 3802/3968/4054 3797/3963/4049 3800/3966/4052
f 3802/3968/4054 3795/3961/4047 3797/3963/4049
f 3803/3969/4055 3802/3968/4054 3800/3966/4052
f 3644/3810/3896 3802/3968/4054 3803/3969/4055
f 3646/3812/3898 3644/3810/3896 3803/3969/4055
f 3642/3808/3894 3795/3961/4047 3802/3968/4054
f 3644/3810/3896 3642/3808/3894 3802/3968/4054
f 3642/3808/3894 3640/3806/3892 3795/3961/4047
f 3801/3967/4053 3804/3970/4056 3568/3734/3820
f 3804/3970/4056 3572/3738/3824 3568/3734/3820
f 3805/3971/4057 3804/3970/4056 3801/3967/4053
f 3796/3962/4048 3805/3971/4057 3801/3967/4053
f 3794/3960/4046 3805/3971/4057 3796/3962/4048
f 3794/3960/4046 3792/3958/4044 3805/3971/4057
f 3792/3958/4044 3788/3954/4040 3805/3971/4057
f 3805/3971/4057 3788/3954/4040 3804/3970/4056
f 3788/3954/4040 3787/3953/4039 3804/3970/4056
f 3804/3970/4056 3787/3953/4039 3572/3738/3824
f 3787/3953/4039 3574/3740/3826 3572/3738/3824
f 3598/3764/3850 3537/3703/3789 3546/3712/3798
f 3548/3714/3800 3598/3764/3850 3546/3712/3798
f 3598/3764/3850 3607/3773/3859 3537/3703/3789
f 3607/3773/3859 3535/3701/3787 3537/3703/3789
f 3607/3773/3859 3503/3669/3755 3535/3701/3787
f 3503/3669/3755 3521/3687/3773 3535/3701/3787
f 3807/3972/4058 3806/3973/4059 3545/3711/3797
f 3544/3710/3796 3807/3972/4058 3545/3711/3797
f 3534/3700/3786 3807/3972/4058 3544/3710/3796
f 3534/3700/3786 3524/3690/3776 3807/3972/4058
f 3524/3690/3776 3531/3697/3783 3807/3972/4058
f 3807/3972/4058 3531/3697/3783 3806/3973/4059
f 3531/3697/3783 3533/3699/3785 3806/3973/4059
f 3809/3974/4060 3808/3975/4061 3582/3748/3834
f 3581/3747/3833 3809/3974/4060 3582/3748/3834
f 3810/3976/4062 3809/3974/4060 3581/3747/3833
f 3578/3744/3830 3810/3976/4062 3581/3747/3833
f 3810/3976/4062 3811/3977/4063 3809/3974/4060
f 3811/3977/4063 3812/3978/4064 3809/3974/4060
f 3809/3974/4060 3812/3978/4064 3808/3975/4061
f 3812/3978/4064 3813/3979/4065 3808/3975/4061
f 3814/3980/4066 3810/3976/4062 3578/3744/3830
f 3577/3743/3829 3814/3980/4066 3578/3744/3830
f 3556/3722/3808 3814/3980/4066 3577/3743/3829
f 3558/3724/3810 3556/3722/3808 3577/3743/3829
f 3556/3722/3808 3554/3720/3806 3814/3980/4066
f 3554/3720/3806 3815/3981/4067 3814/3980/4066
f 3815/3981/4067 3811/3977/4063 3810/3976/4062
f 3814/3980/4066 3815/3981/4067 3810/3976/4062
f 3815/3981/4067 3816/3982/4068 3811/3977/4063
f 3816/3982/4068 3817/3983/4069 3811/3977/4063
f 3811/3977/4063 3817/3983/4069 3812/3978/4064
f 3552/3718/3804 3816/3982/4068 3815/3981/4067
f 3554/3720/3806 3552/3718/3804 3815/3981/4067
f 3552/3718/3804 3549/3715/3801 3816/3982/4068
f 3549/3715/3801 3547/3713/3799 3816/3982/4068
f 3816/3982/4068 3547/3713/3799 3817/3983/4069
f 3547/3713/3799 3543/3709/3795 3817/3983/4069
f 3812/3978/4064 3818/3984/4070 3813/3979/4065
f 3817/3983/4069 3818/3984/4070 3812/3978/4064
f 3817/3983/4069 3543/3709/3795 3818/3984/4070
f 3818/3984/4070 3819/3985/4071 3813/3979/4065
f 3543/3709/3795 3540/3706/3792 3818/3984/4070
f 3818/3984/4070 3540/3706/3792 3819/3985/4071
f 3540/3706/3792 3541/3707/3793 3819/3985/4071
f 3822/3986/4072 3821/3987/4073 3820/3988/4074
f 3823/3989/4075 3822/3986/4072 3820/3988/4074
f 3823/3989/4075 3824/3990/4076 3822/3986/4072
f 3824/3990/4076 3825/3991/4077 3822/3986/4072
f 3824/3990/4076 3826/3992/4078 3825/3991/4077
f 3826/3992/4078 3827/3993/4079 3825/3991/4077
f 3826/3992/4078 3828/3994/4080 3827/3993/4079
f 3828/3994/4080 3829/3995/4081 3827/3993/4079
f 3828/3994/4080 3830/3996/4082 3829/3995/4081
f 3830/3996/4082 3831/3997/4083 3829/3995/4081
f 3820/3988/4074 3821/3987/4073 3832/3998/4084
f 3833/3999/4085 3820/3988/4074 3832/3998/4084
f 3821/3987/4073 3822/3986/4072 3834/4000/4086
f 3822/3986/4072 3835/4001/4087 3834/4000/4086
f 3822/3986/4072 3825/3991/4077 3835/4001/4087
f 3825/3991/4077 3836/4002/4088 3835/4001/4087
f 3825/3991/4077 3827/3993/4079 3836/4002/4088
f 3827/3993/4079 3837/4003/4089 3836/4002/4088
f 3827/3993/4079 3829/3995/4081 3837/4003/4089
f 3829/3995/4081 3838/4004/4090 3837/4003/4089
f 3829/3995/4081 3831/3997/4083 3838/4004/4090
f 3831/3997/4083 3839/4005/4091 3838/4004/4090
f 3835/4001/4087 3840/4006/4092 3834/4000/4086
f 3840/4006/4092 3841/4007/4093 3834/4000/4086
f 3842/4008/4094 3840/4006/4092 3835/4001/4087
f 3836/4002/4088 3842/4008/4094 3835/4001/4087
f 3843/4009/4095 3842/4008/4094 3836/4002/4088
f 3837/4003/4089 3843/4009/4095 3836/4002/4088
f 3844/4010/4096 3843/4009/4095 3837/4003/4089
f 3838/4004/4090 3844/4010/4096 3837/4003/4089
f 3845/4011/4097 3844/4010/4096 3838/4004/4090
f 3839/4005/4091 3845/4011/4097 3838/4004/4090
f 3834/4000/4086 3841/4007/4093 3846/4012/4098
f 3821/3987/4073 3834/4000/4086 3846/4012/4098
f 3832/3998/4084 3821/3987/4073 3846/4012/4098
f 3841/4007/4093 3847/4013/4099 3846/4012/4098
f 3849/4014/4100 3848/4015/4101 3831/4016/4083
f 3830/4017/4082 3849/4014/4100 3831/4016/4083
f 3849/4014/4100 3850/4018/4102 3848/4015/4101
f 3850/4018/4102 3851/4019/4103 3848/4015/4101
f 3850/4018/4102 3852/4020/4104 3851/4019/4103
f 3852/4020/4104 3853/4021/4105 3851/4019/4103
f 3852/4020/4104 3854/4022/4106 3853/4021/4105
f 3854/4022/4106 3855/4023/4107 3853/4021/4105
f 3854/4022/4106 3856/4024/4108 3855/4023/4107
f 3856/4024/4108 3857/4025/4109 3855/4023/4107
f 3856/4024/4108 3833/4026/4085 3857/4025/4109
f 3833/4026/4085 3832/4027/4084 3857/4025/4109
f 3831/4016/4083 3848/4015/4101 3839/4028/4091
f 3848/4015/4101 3858/4029/4110 3839/4028/4091
f 3848/4015/4101 3851/4019/4103 3858/4029/4110
f 3851/4019/4103 3859/4030/4111 3858/4029/4110
f 3851/4019/4103 3853/4021/4105 3859/4030/4111
f 3853/4021/4105 3860/4031/4112 3859/4030/4111
f 3853/4021/4105 3855/4023/4107 3860/4031/4112
f 3855/4023/4107 3861/4032/4113 3860/4031/4112
f 3855/4023/4107 3857/4025/4109 3861/4032/4113
f 3857/4025/4109 3862/4033/4114 3861/4032/4113
f 3857/4025/4109 3832/4027/4084 3862/4033/4114
f 3832/4027/4084 3846/4034/4098 3862/4033/4114
f 3858/4029/4110 3863/4035/4115 3839/4028/4091
f 3863/4035/4115 3845/4036/4097 3839/4028/4091
f 3864/4037/4116 3863/4035/4115 3858/4029/4110
f 3859/4030/4111 3864/4037/4116 3858/4029/4110
f 3865/4038/4117 3864/4037/4116 3859/4030/4111
f 3860/4031/4112 3865/4038/4117 3859/4030/4111
f 3866/4039/4118 3865/4038/4117 3860/4031/4112
f 3861/4032/4113 3866/4039/4118 3860/4031/4112
f 3867/4040/4119 3866/4039/4118 3861/4032/4113
f 3862/4033/4114 3867/4040/4119 3861/4032/4113
f 3847/4041/4099 3867/4040/4119 3862/4033/4114
f 3846/4034/4098 3847/4041/4099 3862/4033/4114
f 3870/4042/4120 3869/4043/4121 3868/4044/4122
f 3871/4045/4123 3870/4042/4120 3868/4044/4122
f 3872/4046/4124 3868/4044/4122 3869/4043/4121
f 3873/4047/4125 3872/4046/4124 3869/4043/4121
f 3872/4046/4124 3873/4047/4125 3874/4048/4126
f 3875/4049/4127 3872/4046/4124 3874/4048/4126
f 3876/4050/4128 3871/4045/4123 3868/4044/4122
f 3877/4051/4129 3876/4050/4128 3868/4044/4122
f 3878/4052/4130 3876/4050/4128 3877/4051/4129
f 3879/4053/4131 3878/4052/4130 3877/4051/4129
f 3880/4054/4132 3879/4053/4131 3877/4051/4129
f 3881/4055/4133 3880/4054/4132 3877/4051/4129
f 3881/4055/4133 3877/4051/4129 3868/4044/4122
f 3872/4046/4124 3881/4055/4133 3868/4044/4122
f 3881/4055/4133 3872/4046/4124 3875/4049/4127
f 3880/4054/4132 3881/4055/4133 3882/4056/4134
f 3882/4056/4134 3881/4055/4133 3875/4049/4127
f 3883/4057/4135 3880/4054/4132 3882/4056/4134
f 3869/4043/4121 3870/4042/4120 3884/4058/4136
f 3873/4047/4125 3869/4043/4121 3884/4058/4136
f 3870/4042/4120 3885/4059/4137 3884/4058/4136
f 3886/4060/4138 3873/4047/4125 3884/4058/4136
f 3873/4047/4125 3886/4060/4138 3887/4061/4139
f 3874/4048/4126 3873/4047/4125 3887/4061/4139
f 3878/4052/4130 3888/4062/4140 3876/4050/4128
f 3876/4050/4128 3888/4062/4140 3889/4063/4141
f 3889/4063/4141 3888/4062/4140 3890/4064/4142
f 3890/4064/4142 3891/4065/4143 3889/4063/4141
f 3889/4063/4141 3891/4065/4143 3870/4042/4120
f 3870/4042/4120 3891/4065/4143 3885/4059/4137
f 3889/4063/4141 3870/4042/4120 3871/4045/4123
f 3876/4050/4128 3889/4063/4141 3871/4045/4123
f 3893/4066/4144 3892/4067/4145 3888/4062/4140
f 3888/4062/4140 3892/4067/4145 3890/4064/4142
f 3891/4065/4143 3890/4064/4142 3892/4067/4145
f 3891/4065/4143 3892/4067/4145 3894/4068/4146
f 3891/4065/4143 3894/4068/4146 3885/4059/4137
f 3885/4059/4137 3894/4068/4146 3884/4058/4136
f 3894/4068/4146 3895/4069/4147 3884/4058/4136
f 3895/4069/4147 3894/4068/4146 3896/4070/4148
f 3894/4068/4146 3897/4071/4149 3896/4070/4148
f 3897/4071/4149 3893/4066/4144 3896/4070/4148
f 3894/4068/4146 3892/4067/4145 3897/4071/4149
f 3892/4067/4145 3893/4066/4144 3897/4071/4149
f 3893/4066/4144 3898/4072/4150 3896/4070/4148
f 3893/4066/4144 3878/4052/4130 3898/4072/4150
f 3888/4062/4140 3878/4052/4130 3893/4066/4144
f 3878/4052/4130 3879/4053/4131 3898/4072/4150
f 3898/4072/4150 3899/4073/4151 3896/4070/4148
f 3899/4073/4151 3900/4074/4152 3896/4070/4148
f 3896/4070/4148 3900/4074/4152 3895/4069/4147
f 3900/4074/4152 3899/4073/4151 3901/4075/4153
f 3900/4074/4152 3901/4075/4153 3902/4076/4154
f 3903/4077/4155 3900/4074/4152 3902/4076/4154
f 3900/4074/4152 3903/4077/4155 3895/4069/4147
f 3895/4069/4147 3903/4077/4155 3884/4058/4136
f 3899/4073/4151 3904/4078/4156 3901/4075/4153
f 3899/4073/4151 3880/4054/4132 3904/4078/4156
f 3880/4054/4132 3899/4073/4151 3898/4072/4150
f 3879/4053/4131 3880/4054/4132 3898/4072/4150
f 3880/4054/4132 3883/4057/4135 3904/4078/4156
f 3903/4077/4155 3902/4076/4154 3887/4061/4139
f 3886/4060/4138 3903/4077/4155 3887/4061/4139
f 3903/4077/4155 3886/4060/4138 3884/4058/4136
f 3907/4079/4157 3906/4080/4158 3905/4081/4159
f 3908/4082/4160 3907/4079/4157 3905/4081/4159
f 3907/4079/4157 3909/4083/4161 3906/4080/4158
f 3909/4083/4161 3910/4084/4162 3906/4080/4158
f 3909/4083/4161 3911/4085/4163 3910/4084/4162
f 3911/4085/4163 3912/4086/4164 3910/4084/4162
f 3911/4085/4163 3913/4087/4165 3912/4086/4164
f 3913/4087/4165 3914/4088/4166 3912/4086/4164
f 3913/4087/4165 3915/4089/4167 3914/4088/4166
f 3915/4089/4167 3916/4090/4168 3914/4088/4166
f 3917/4091/4169 3916/4090/4168 3915/4089/4167
f 3918/4092/4170 3917/4091/4169 3915/4089/4167
f 3919/4093/4171 3917/4091/4169 3918/4092/4170
f 3920/4094/4172 3919/4093/4171 3918/4092/4170
f 3921/4095/4173 3905/4081/4159 3906/4080/4158
f 3922/4096/4174 3921/4095/4173 3906/4080/4158
f 3919/4093/4171 3923/4097/4175 3917/4091/4169
f 3923/4097/4175 3924/4098/4176 3917/4091/4169
f 3917/4091/4169 3924/4098/4176 3916/4090/4168
f 3912/4086/4164 3914/4088/4166 3925/4099/4177
f 3925/4099/4177 3914/4088/4166 3916/4090/4168
f 3926/4100/4178 3912/4086/4164 3925/4099/4177
f 3912/4086/4164 3926/4100/4178 3927/4101/4179
f 3928/4102/4180 3912/4086/4164 3927/4101/4179
f 3927/4101/4179 3929/4103/4181 3928/4102/4180
f 3929/4103/4181 3930/4104/4182 3928/4102/4180
f 3930/4104/4182 3929/4103/4181 3931/4105/4183
f 3910/4084/4162 3930/4104/4182 3931/4105/4183
f 3910/4084/4162 3931/4105/4183 3932/4106/4184
f 3906/4080/4158 3910/4084/4162 3932/4106/4184
f 3906/4080/4158 3932/4106/4184 3933/4107/4185
f 3922/4096/4174 3906/4080/4158 3933/4107/4185
f 3930/4104/4182 3910/4084/4162 3912/4086/4164
f 3928/4102/4180 3930/4104/4182 3912/4086/4164
f 3931/4105/4183 3929/4103/4181 3934/4108/4186
f 3935/4109/4187 3934/4108/4186 3929/4103/4181
f 3936/4110/4188 3935/4109/4187 3929/4103/4181
f 3929/4103/4181 3927/4101/4179 3936/4110/4188
f 3936/4110/4188 3937/4111/4189 3935/4109/4187
f 3927/4101/4179 3926/4100/4178 3937/4111/4189
f 3927/4101/4179 3937/4111/4189 3936/4110/4188
f 3937/4111/4189 3938/4112/4190 3935/4109/4187
f 3937/4111/4189 3939/4113/4191 3938/4112/4190
f 3939/4113/4191 3940/4114/4192 3938/4112/4190
f 3940/4114/4192 3939/4113/4191 3941/4115/4193
f 3939/4113/4191 3942/4116/4194 3941/4115/4193
f 3940/4114/4192 3941/4115/4193 3943/4117/4195
f 3943/4117/4195 3941/4115/4193 3944/4118/4196
f 3945/4119/4197 3943/4117/4195 3944/4118/4196
f 3945/4119/4197 3944/4118/4196 3946/4120/4198
f 3944/4118/4196 3947/4121/4199 3946/4120/4198
f 3946/4120/4198 3947/4121/4199 3948/4122/4200
f 3948/4122/4200 3947/4121/4199 3949/4123/4201
f 3947/4121/4199 3950/4124/4202 3949/4123/4201
f 3947/4121/4199 3944/4118/4196 3950/4124/4202
f 3951/4125/4203 3946/4120/4198 3948/4122/4200
f 3952/4126/4204 3940/4114/4192 3943/4117/4195
f 3953/4127/4205 3943/4117/4195 3945/4119/4197
f 3945/4119/4197 3946/4120/4198 3954/4128/4206
f 3955/4129/4207 3945/4119/4197 3954/4128/4206
f 3955/4129/4207 3953/4127/4205 3945/4119/4197
f 3956/4130/4208 3954/4128/4206 3946/4120/4198
f 3951/4125/4203 3956/4130/4208 3946/4120/4198
f 3957/4131/4209 3954/4128/4206 3956/4130/4208
f 3955/4129/4207 3954/4128/4206 3957/4131/4209
f 3958/4132/4210 3957/4131/4209 3956/4130/4208
f 3959/4133/4211 3957/4131/4209 3958/4132/4210
f 3960/4134/4212 3959/4133/4211 3958/4132/4210
f 3960/4134/4213 3958/4132/4214 3961/4135/4215
f 3961/4135/4215 3958/4132/4214 3956/4130/4208
f 3962/4136/4216 3960/4134/4213 3961/4135/4215
f 3962/4136/4216 3961/4135/4215 3963/4137/4217
f 3964/4138/4218 3962/4136/4216 3963/4137/4217
f 3964/4138/4219 3963/4137/4220 3965/4139/4221
f 3965/4139/4221 3963/4137/4220 3953/4127/4222
f 3966/4140/4223 3964/4138/4219 3965/4139/4221
f 3967/4141/4224 3966/4140/4225 3965/4139/4226
f 3967/4141/4224 3959/4133/4211 3968/4142/4227
f 3968/4142/4227 3959/4133/4211 3960/4134/4212
f 3969/4143/4228 3967/4141/4224 3968/4142/4227
f 3970/4144/4229 3966/4140/4225 3967/4141/4224
f 3969/4143/4228 3970/4144/4229 3967/4141/4224
f 3971/4145/4230 3967/4141/4224 3965/4139/4226
f 3971/4145/4230 3957/4131/4209 3959/4133/4211
f 3967/4141/4224 3971/4145/4230 3959/4133/4211
f 3972/4146/4231 3970/4144/4229 3969/4143/4228
f 3972/4146/4231 3973/4147/4232 3970/4144/4233
f 3973/4147/4232 3974/4148/4234 3970/4144/4233
f 3974/4148/4234 3964/4138/4219 3966/4140/4223
f 3970/4144/4233 3974/4148/4234 3966/4140/4223
f 3973/4147/4232 3972/4146/4231 3975/4149/4235
f 3973/4147/4232 3975/4149/4235 3976/4150/4236
f 3977/4151/4237 3973/4147/4232 3976/4150/4236
f 3973/4147/4232 3977/4151/4237 3974/4148/4238
f 3978/4152/4239 3977/4151/4237 3976/4150/4236
f 3979/4153/4240 3978/4152/4239 3976/4150/4236
f 3980/4154/4241 3978/4152/4242 3979/4153/4243
f 3969/4143/4228 3968/4142/4227 3980/4154/4241
f 3980/4154/4241 3968/4142/4227 3981/4155/4244
f 3978/4152/4242 3980/4154/4241 3981/4155/4244
f 3982/4156/4245 3980/4154/4241 3979/4153/4243
f 3972/4146/4231 3983/4157/4246 3975/4149/4235
f 3983/4157/4246 3972/4146/4231 3984/4158/4247
f 3972/4146/4231 3985/4159/4248 3984/4158/4247
f 3985/4159/4248 3980/4154/4241 3982/4156/4245
f 3984/4158/4247 3985/4159/4248 3982/4156/4245
f 3985/4159/4248 3972/4146/4231 3969/4143/4228
f 3985/4159/4248 3969/4143/4228 3980/4154/4241
f 3983/4157/4246 3984/4158/4247 3986/4160/4249
f 3984/4158/4247 3987/4161/4250 3986/4160/4249
f 3986/4160/4249 3987/4161/4250 3988/4162/4251
f 3976/4150/4236 3975/4149/4235 3988/4162/4251
f 3983/4157/4246 3986/4160/4249 3988/4162/4251
f 3975/4149/4235 3983/4157/4246 3988/4162/4251
f 3987/4161/4250 3989/4163/4252 3988/4162/4251
f 3989/4163/4253 3976/4150/4236 3988/4162/4251
f 3978/4152/4239 3981/4155/4254 3990/4164/4255
f 3977/4151/4237 3978/4152/4239 3990/4164/4255
f 3977/4151/4237 3990/4164/4255 3974/4148/4238
f 3964/4138/4218 3974/4148/4238 3990/4164/4255
f 3962/4136/4216 3964/4138/4218 3990/4164/4255
f 3990/4164/4255 3981/4155/4254 3960/4134/4213
f 3962/4136/4216 3990/4164/4255 3960/4134/4213
f 3981/4155/4244 3968/4142/4227 3960/4134/4212
f 3984/4158/4247 3982/4156/4245 3991/4165/4256
f 3987/4161/4250 3984/4158/4247 3991/4165/4256
f 3991/4165/4256 3982/4156/4245 3992/4166/4257
f 3992/4166/4257 3989/4163/4258 3987/4161/4250
f 3991/4165/4256 3992/4166/4257 3987/4161/4250
f 3982/4156/4245 3979/4153/4243 3992/4166/4257
f 3992/4166/4259 3979/4153/4240 3976/4150/4236
f 3989/4163/4253 3992/4166/4259 3976/4150/4236
f 3995/4167/4260 3994/4168/4261 3993/4169/4262
f 3996/4170/4263 3995/4167/4260 3993/4169/4262
f 3995/4167/4260 3997/4171/4264 3994/4168/4261
f 3997/4171/4264 3998/4172/4265 3994/4168/4261
f 3994/4168/4261 3998/4172/4265 3999/4173/4266
f 3998/4172/4265 4000/4174/4267 3999/4173/4266
f 3994/4168/4261 3999/4173/4266 4001/4175/4268
f 3993/4169/4262 3994/4168/4261 4001/4175/4268
f 4002/4176/4269 4000/4174/4267 3998/4172/4265
f 4003/4177/4270 4002/4176/4269 3998/4172/4265
f 4003/4177/4270 3998/4172/4265 3997/4171/4264
f 4004/4178/4271 4002/4176/4269 4003/4177/4270
f 4005/4179/4272 4004/4178/4271 4003/4177/4270
f 4006/4180/4273 4005/4179/4272 4003/4177/4270
f 4007/4181/4274 4006/4180/4273 4003/4177/4270
f 4007/4181/4274 4003/4177/4270 3997/4171/4264
f 4008/4182/4275 4006/4180/4273 4007/4181/4274
f 4009/4183/4276 4008/4182/4275 4007/4181/4274
f 4007/4181/4274 3997/4171/4264 4010/4184/4277
f 4009/4183/4276 4007/4181/4274 4010/4184/4277
f 4010/4184/4277 3997/4171/4264 3995/4167/4260
f 4011/4185/4278 4010/4184/4277 3995/4167/4260
f 4011/4185/4278 3995/4167/4260 3996/4170/4263
f 4012/4186/4279 4000/4174/4267 4002/4176/4269
f 4013/4187/4280 4012/4186/4279 4002/4176/4269
f 4014/4188/4281 4012/4186/4279 4013/4187/4280
f 4015/4189/4282 4012/4186/4279 4014/4188/4281
f 4016/4190/4283 4015/4189/4282 4014/4188/4281
f 4016/4190/4283 4017/4191/4284 4015/4189/4282
f 4017/4191/4284 4018/4192/4285 4015/4189/4282
f 4019/4193/4286 4016/4190/4283 4014/4188/4281
f 4020/4194/4287 4019/4193/4286 4014/4188/4281
f 4021/4195/4288 4017/4191/4284 4016/4190/4283
f 4019/4193/4286 4021/4195/4288 4016/4190/4283
f 3956/4130/4208 4021/4195/4288 4019/4193/4286
f 4022/4196/4289 3956/4130/4208 4019/4193/4286
f 4023/4197/4290 4022/4196/4289 4019/4193/4286
f 4020/4194/4287 4023/4197/4290 4019/4193/4286
f 4023/4197/4290 4024/4198/4291 4022/4196/4289
f 4022/4196/4289 3961/4135/4215 3956/4130/4208
f 4022/4196/4289 4024/4198/4292 3961/4135/4215
f 4024/4198/4292 3963/4137/4217 3961/4135/4215
f 3963/4137/4220 4024/4198/4293 3953/4127/4222
f 4025/4199/4294 3953/4127/4295 4024/4198/4296
f 4026/4200/4297 4025/4199/4294 4024/4198/4296
f 4027/4201/4298 4025/4199/4294 4026/4200/4297
f 4028/4202/4299 4027/4201/4298 4026/4200/4297
f 4028/4202/4300 4026/4200/4301 4029/4203/4302
f 4029/4203/4302 4026/4200/4301 4024/4198/4303
f 4030/4204/4304 4028/4202/4300 4029/4203/4302
f 4030/4204/4304 4029/4203/4302 4031/4205/4305
f 4032/4206/4306 4030/4204/4304 4031/4205/4305
f 4032/4206/4307 4031/4205/4308 4033/4207/4309
f 4034/4208/4310 4032/4206/4307 4033/4207/4309
f 4034/4208/4311 4033/4207/4312 4035/4209/4313
f 4035/4209/4313 4027/4201/4298 4036/4210/4314
f 4036/4210/4314 4027/4201/4298 4028/4202/4299
f 4037/4211/4315 4035/4209/4313 4036/4210/4314
f 4038/4212/4316 4034/4208/4311 4035/4209/4313
f 4037/4211/4315 4038/4212/4316 4035/4209/4313
f 4033/4207/4312 4039/4213/4317 4035/4209/4313
f 4039/4213/4317 4025/4199/4318 4027/4201/4298
f 4035/4209/4313 4039/4213/4317 4027/4201/4298
f 4040/4214/4319 4038/4212/4316 4037/4211/4315
f 4040/4214/4320 4041/4215/4321 4038/4212/4322
f 4041/4215/4321 4042/4216/4323 4038/4212/4322
f 4042/4216/4323 4032/4206/4307 4034/4208/4310
f 4038/4212/4322 4042/4216/4323 4034/4208/4310
f 4041/4215/4321 4040/4214/4320 4043/4217/4324
f 4043/4217/4325 4044/4218/4326 4041/4215/4327
f 4044/4218/4326 4045/4219/4328 4041/4215/4327
f 4041/4215/4327 4045/4219/4328 4042/4216/4329
f 4045/4219/4328 4044/4218/4326 4046/4220/4330
f 4044/4218/4326 4047/4221/4331 4046/4220/4330
f 4048/4222/4332 4046/4220/4333 4047/4221/4334
f 4037/4211/4315 4036/4210/4314 4048/4222/4332
f 4048/4222/4332 4036/4210/4314 4049/4223/4335
f 4046/4220/4333 4048/4222/4332 4049/4223/4335
f 4050/4224/4336 4048/4222/4332 4047/4221/4334
f 4040/4214/4320 4051/4225/4337 4043/4217/4324
f 4051/4225/4337 4040/4214/4319 4052/4226/4338
f 4040/4214/4319 4053/4227/4339 4052/4226/4338
f 4053/4227/4339 4048/4222/4332 4050/4224/4336
f 4052/4226/4338 4053/4227/4339 4050/4224/4336
f 4053/4227/4339 4040/4214/4319 4037/4211/4315
f 4053/4227/4339 4037/4211/4315 4048/4222/4332
f 4051/4225/4337 4052/4226/4338 4054/4228/4340
f 4052/4226/4338 4055/4229/4341 4054/4228/4340
f 4054/4228/4340 4055/4229/4341 4056/4230/4342
f 4044/4218/4326 4043/4217/4325 4056/4230/4343
f 4051/4225/4337 4054/4228/4340 4056/4230/4342
f 4043/4217/4324 4051/4225/4337 4056/4230/4342
f 4055/4229/4341 4057/4231/4344 4056/4230/4342
f 4057/4231/4345 4044/4218/4326 4056/4230/4343
f 4046/4220/4330 4049/4223/4346 4058/4232/4347
f 4045/4219/4328 4046/4220/4330 4058/4232/4347
f 4045/4219/4328 4058/4232/4347 4042/4216/4329
f 4032/4206/4306 4042/4216/4329 4058/4232/4347
f 4030/4204/4304 4032/4206/4306 4058/4232/4347
f 4058/4232/4347 4049/4223/4346 4028/4202/4300
f 4030/4204/4304 4058/4232/4347 4028/4202/4300
f 4049/4223/4335 4036/4210/4314 4028/4202/4299
f 4052/4226/4338 4050/4224/4336 4059/4233/4348
f 4055/4229/4341 4052/4226/4338 4059/4233/4348
f 4059/4233/4348 4050/4224/4336 4060/4234/4349
f 4060/4234/4349 4057/4231/4350 4055/4229/4341
f 4059/4233/4348 4060/4234/4349 4055/4229/4341
f 4050/4224/4336 4047/4221/4334 4060/4234/4349
f 4060/4234/4351 4047/4221/4331 4044/4218/4326
f 4057/4231/4345 4060/4234/4351 4044/4218/4326
f 4063/4235/4352 4062/4236/4353 4061/4237/4354
f 4064/4238/4355 4063/4235/4352 4061/4237/4354
f 4063/4235/4352 4065/4239/4356 4062/4236/4353
f 4065/4239/4356 4066/4240/4357 4062/4236/4353
f 4065/4239/4356 4067/4241/4358 4066/4240/4357
f 4067/4241/4358 4068/4242/4359 4066/4240/4357
f 4065/4239/4356 4063/4235/4352 4069/4243/4360
f 4063/4235/4352 4070/4244/4361 4069/4243/4360
f 4063/4235/4352 4064/4238/4355 4070/4244/4361
f 4064/4238/4355 4071/4245/4362 4070/4244/4361
f 4064/4238/4355 4072/4246/4363 4071/4245/4362
f 4072/4246/4363 4073/4247/4364 4071/4245/4362
f 4064/4238/4355 4061/4237/4354 4074/4248/4365
f 4072/4246/4363 4064/4238/4355 4074/4248/4365
f 4067/4241/4358 4075/4249/4366 4068/4242/4359
f 4067/4241/4358 4076/4250/4367 4075/4249/4366
f 4076/4250/4367 4067/4241/4358 4065/4239/4356
f 4069/4243/4360 4076/4250/4367 4065/4239/4356
f 4076/4250/4367 4077/4251/4368 4075/4249/4366
f 4078/4252/4369 4075/4249/4366 4077/4251/4368
f 4079/4253/4370 4078/4252/4369 4077/4251/4368
f 4080/4254/4371 4078/4252/4369 4079/4253/4370
f 4081/4255/4372 4080/4254/4371 4079/4253/4370
f 4082/4256/4373 4077/4251/4368 4076/4250/4367
f 4083/4257/4374 4082/4256/4373 4076/4250/4367
f 4077/4251/4368 4082/4256/4373 4084/4258/4375
f 4079/4253/4370 4077/4251/4368 4084/4258/4375
f 4081/4255/4372 4079/4253/4370 4084/4258/4375
f 4085/4259/4376 4081/4255/4372 4084/4258/4375
f 4078/4252/4369 4086/4260/4377 4075/4249/4366
f 4086/4260/4377 4087/4261/4378 4075/4249/4366
f 4075/4249/4366 4087/4261/4378 4068/4242/4359
f 4088/4262/4379 4086/4260/4377 4078/4252/4369
f 4080/4254/4371 4088/4262/4379 4078/4252/4369
f 4085/4259/4376 4084/4258/4375 4089/4263/4380
f 4090/4264/4381 4085/4259/4376 4089/4263/4380
f 4084/4258/4375 4082/4256/4373 4091/4265/4382
f 4089/4263/4380 4084/4258/4375 4091/4265/4382
f 4091/4265/4382 4082/4256/4373 4083/4257/4374
f 4092/4266/4383 4091/4265/4382 4083/4257/4374
f 4092/4266/4383 4083/4257/4374 4093/4267/4384
f 4093/4267/4384 4083/4257/4374 4076/4250/4367
f 4069/4243/4360 4093/4267/4384 4076/4250/4367
f 4069/4243/4360 4070/4244/4361 4093/4267/4384
f 4070/4244/4361 4094/4268/4385 4093/4267/4384
f 4095/4269/4386 4093/4267/4384 4094/4268/4385
f 4095/4269/4386 4092/4266/4383 4093/4267/4384
f 4096/4270/4387 4095/4269/4386 4094/4268/4385
f 4096/4270/4387 4094/4268/4385 4097/4271/4388
f 4098/4272/4389 4096/4270/4387 4097/4271/4388
f 4098/4272/4389 4097/4271/4388 4099/4273/4390
f 4100/4274/4391 4098/4272/4389 4099/4273/4390
f 4071/4245/4362 4097/4271/4388 4094/4268/4385
f 4070/4244/4361 4071/4245/4362 4094/4268/4385
f 4073/4247/4364 4099/4273/4390 4097/4271/4388
f 4071/4245/4362 4073/4247/4364 4097/4271/4388
f 4092/4266/4383 4095/4269/4386 4101/4275/4392
f 4095/4269/4386 4102/4276/4393 4101/4275/4392
f 4098/4272/4389 4100/4274/4391 4103/4277/4394
f 4104/4278/4395 4098/4272/4389 4103/4277/4394
f 4096/4270/4387 4098/4272/4389 4104/4278/4395
f 4105/4279/4396 4096/4270/4387 4104/4278/4395
f 4095/4269/4386 4096/4270/4387 4105/4279/4396
f 4102/4276/4393 4095/4269/4386 4105/4279/4396
f 4073/4247/4364 4106/4280/4397 4099/4273/4390
f 4106/4280/4397 4073/4247/4364 4072/4246/4363
f 4107/4281/4398 4106/4280/4397 4072/4246/4363
f 4072/4246/4363 4074/4248/4365 4107/4281/4398
f 4074/4248/4365 4108/4282/4399 4107/4281/4398
f 4106/4280/4397 4109/4283/4400 4099/4273/4390
f 4099/4273/4390 4109/4283/4400 4110/4284/4401
f 4100/4274/4391 4099/4273/4390 4110/4284/4401
f 4100/4274/4391 4110/4284/4401 4111/4285/4402
f 4103/4277/4394 4100/4274/4391 4111/4285/4402
f 4102/4276/4393 4105/4279/4396 4112/4286/4403
f 4113/4287/4404 4102/4276/4393 4112/4286/4403
f 4101/4275/4392 4102/4276/4393 4113/4287/4404
f 4105/4279/4396 4104/4278/4395 4114/4288/4405
f 4112/4286/4403 4105/4279/4396 4114/4288/4405
f 4104/4278/4395 4103/4277/4394 4115/4289/4406
f 4114/4288/4405 4104/4278/4395 4115/4289/4406
f 4103/4277/4394 4111/4285/4402 4116/4290/4407
f 4115/4289/4406 4103/4277/4394 4116/4290/4407
f 4074/4248/4365 4117/4291/4408 4108/4282/4399
f 4074/4248/4365 4061/4237/4354 4117/4291/4408
f 4061/4237/4354 4118/4292/4409 4117/4291/4408
f 4117/4291/4408 4118/4292/4409 3908/4082/4160
f 4118/4292/4409 3907/4079/4157 3908/4082/4160
f 4118/4292/4409 4119/4293/4410 3907/4079/4157
f 4119/4293/4410 3909/4083/4161 3907/4079/4157
f 4119/4293/4410 4120/4294/4411 3909/4083/4161
f 4120/4294/4411 3911/4085/4163 3909/4083/4161
f 4117/4291/4408 3908/4082/4160 4008/4295/4275
f 3908/4082/4160 4006/4296/4273 4008/4295/4275
f 3908/4082/4160 3905/4081/4159 4006/4296/4273
f 3905/4081/4159 4005/4297/4272 4006/4296/4273
f 3905/4081/4159 3921/4095/4173 4005/4297/4272
f 3921/4095/4173 4004/4298/4271 4005/4297/4272
f 4120/4294/4411 4121/4299/4412 3911/4085/4163
f 4121/4299/4412 3913/4087/4165 3911/4085/4163
f 4121/4299/4412 4122/4300/4413 3913/4087/4165
f 4122/4300/4413 3915/4089/4167 3913/4087/4165
f 3918/4092/4170 3915/4089/4167 4122/4300/4413
f 4123/4301/4414 3918/4092/4170 4122/4300/4413
f 3920/4094/4172 3918/4092/4170 4123/4301/4414
f 4124/4302/4415 3920/4094/4172 4123/4301/4414
f 3920/4094/4172 4124/4302/4415 4125/4303/4416
f 3996/4170/4263 3920/4094/4172 4125/4303/4416
f 4125/4303/4416 4011/4185/4278 3996/4170/4263
f 3919/4093/4171 3920/4094/4172 3996/4170/4263
f 3993/4169/4262 3919/4093/4171 3996/4170/4263
f 3923/4097/4175 3919/4093/4171 3993/4169/4262
f 4001/4175/4268 3923/4097/4175 3993/4169/4262
f 3949/4123/4201 3923/4097/4175 4001/4175/4268
f 4018/4192/4285 3949/4123/4201 4001/4175/4268
f 3948/4122/4200 3949/4123/4201 4018/4192/4285
f 4017/4191/4284 3948/4122/4200 4018/4192/4285
f 3951/4125/4203 3948/4122/4200 4017/4191/4284
f 4021/4195/4288 3951/4125/4203 4017/4191/4284
f 3951/4125/4203 4021/4195/4288 3956/4130/4208
f 4018/4192/4285 4001/4175/4268 3999/4173/4266
f 4015/4189/4282 4018/4192/4285 3999/4173/4266
f 3999/4173/4266 4000/4174/4267 4015/4189/4282
f 4000/4174/4267 4012/4186/4279 4015/4189/4282
f 3949/4123/4201 3950/4124/4202 3923/4097/4175
f 3950/4124/4202 3924/4098/4176 3923/4097/4175
f 3950/4124/4202 4126/4304/4417 3924/4098/4176
f 3944/4118/4196 4126/4304/4417 3950/4124/4202
f 3944/4118/4196 3941/4115/4193 4126/4304/4417
f 3941/4115/4193 3942/4116/4194 4126/4304/4417
f 4126/4304/4417 4127/4305/4418 3924/4098/4176
f 4126/4304/4417 3942/4116/4194 4127/4305/4418
f 3924/4098/4176 4127/4305/4418 3916/4090/4168
f 4127/4305/4418 3925/4099/4177 3916/4090/4168
f 3942/4116/4194 3925/4099/4177 4127/4305/4418
f 3925/4099/4177 3942/4116/4194 3939/4113/4191
f 3926/4100/4178 3925/4099/4177 3939/4113/4191
f 3926/4100/4178 3939/4113/4191 3937/4111/4189
f 4130/4306/4419 4129/4307/4420 4128/4308/4421
f 4131/4309/4422 4130/4306/4419 4128/4308/4421
f 4130/4306/4419 4132/4310/4423 4129/4307/4420
f 4132/4310/4423 4133/4311/4424 4129/4307/4420
f 4134/4312/4425 4130/4306/4419 4131/4309/4422
f 4135/4313/4426 4134/4312/4425 4131/4309/4422
f 4136/4314/4427 4132/4310/4423 4130/4306/4419
f 4134/4312/4425 4136/4314/4427 4130/4306/4419
f 4128/4308/4421 4129/4307/4420 4137/4315/4428
f 4129/4307/4420 4138/4316/4429 4137/4315/4428
f 4129/4307/4420 4133/4311/4424 4138/4316/4429
f 4133/4311/4424 4139/4317/4430 4138/4316/4429
f 4140/4318/4431 4136/4314/4427 4134/4312/4425
f 4141/4319/4432 4140/4318/4431 4134/4312/4425
f 4141/4319/4432 4134/4312/4425 4135/4313/4426
f 4141/4319/4432 4142/4320/4433 4140/4318/4431
f 4142/4320/4433 4143/4321/4434 4140/4318/4431
f 4144/4322/4435 4141/4319/4432 4135/4313/4426
f 4141/4319/4432 4144/4322/4435 4142/4320/4433
f 4133/4311/4424 4132/4310/4423 4145/4323/4436
f 4145/4323/4436 4132/4310/4423 4136/4314/4427
f 4146/4324/4437 4133/4311/4424 4145/4323/4436
f 4146/4324/4437 4145/4323/4436 4107/4325/4398
f 4145/4323/4436 4106/4326/4397 4107/4325/4398
f 4106/4326/4397 4145/4323/4436 4109/4327/4400
f 4145/4323/4436 4147/4328/4438 4109/4327/4400
f 4147/4328/4438 4145/4323/4436 4136/4314/4427
f 4147/4328/4438 4136/4314/4427 4140/4318/4431
f 4146/4324/4437 4107/4325/4398 4148/4329/4439
f 4148/4329/4439 4139/4317/4430 4133/4311/4424
f 4146/4324/4437 4148/4329/4439 4133/4311/4424
f 4107/4325/4398 4108/4330/4399 4148/4329/4439
f 4110/4331/4401 4109/4327/4400 4147/4328/4438
f 4149/4332/4440 4110/4331/4401 4147/4328/4438
f 4149/4332/4440 4147/4328/4438 4140/4318/4431
f 4110/4331/4401 4149/4332/4440 4111/4333/4402
f 4149/4332/4440 4150/4334/4441 4111/4333/4402
f 4144/4322/4435 4151/4335/4442 4142/4320/4433
f 4140/4318/4431 4143/4321/4434 4150/4334/4441
f 4149/4332/4440 4140/4318/4431 4150/4334/4441
f 4111/4333/4402 4150/4334/4441 4116/4336/4407
f 4150/4334/4441 4152/4337/4443 4116/4336/4407
f 4150/4334/4441 4143/4321/4434 4152/4337/4443
f 4143/4321/4434 4153/4338/4444 4152/4337/4443
f 4153/4338/4444 4143/4321/4434 4142/4320/4433
f 4154/4339/4445 4153/4338/4444 4142/4320/4433
f 4142/4320/4433 4151/4335/4442 4154/4339/4445
f 4151/4335/4442 4155/4340/4446 4154/4339/4445
f 4151/4335/4442 4156/4341/4447 4155/4340/4446
f 4090/4264/4381 4156/4341/4447 4151/4335/4442
f 4156/4341/4447 4090/4264/4381 4157/4342/4448
f 4090/4264/4381 4089/4263/4380 4157/4342/4448
f 4089/4263/4380 4091/4265/4382 4157/4342/4448
f 4091/4265/4382 4158/4343/4449 4157/4342/4448
f 4091/4265/4382 4092/4266/4383 4158/4343/4449
f 4092/4266/4383 4101/4275/4392 4158/4343/4449
f 4156/4341/4447 4157/4342/4448 4159/4344/4450
f 4156/4341/4447 4159/4344/4450 4155/4340/4446
f 4157/4342/4448 4160/4345/4451 4159/4344/4450
f 4157/4342/4448 4158/4343/4449 4160/4345/4451
f 4158/4343/4449 4161/4346/4452 4160/4345/4451
f 4158/4343/4449 4101/4275/4392 4161/4346/4452
f 4101/4275/4392 4162/4347/4453 4161/4346/4452
f 4162/4347/4453 4101/4275/4392 4113/4287/4404
f 4085/4259/4376 4090/4264/4381 4144/4322/4435
f 4135/4313/4426 4085/4259/4376 4144/4322/4435
f 4081/4255/4372 4085/4259/4376 4135/4313/4426
f 4131/4309/4422 4081/4255/4372 4135/4313/4426
f 4080/4254/4371 4081/4255/4372 4131/4309/4422
f 4128/4308/4421 4080/4254/4371 4131/4309/4422
f 4088/4262/4379 4080/4254/4371 4128/4308/4421
f 4137/4315/4428 4088/4262/4379 4128/4308/4421
f 4124/4302/4415 4088/4262/4379 4137/4315/4428
f 4125/4303/4416 4124/4302/4415 4137/4315/4428
f 4137/4315/4428 4138/4316/4429 4125/4303/4416
f 4138/4316/4429 4011/4185/4278 4125/4303/4416
f 4138/4316/4429 4139/4317/4430 4011/4185/4278
f 4139/4317/4430 4010/4184/4277 4011/4185/4278
f 4009/4183/4276 4010/4184/4277 4139/4317/4430
f 4148/4329/4439 4009/4183/4276 4139/4317/4430
f 4148/4329/4439 4108/4330/4399 4009/4183/4276
f 4108/4330/4399 4008/4182/4275 4009/4183/4276
f 4088/4262/4379 4124/4302/4415 4086/4260/4377
f 4124/4302/4415 4123/4301/4414 4086/4260/4377
f 4086/4260/4377 4123/4301/4414 4087/4261/4378
f 4123/4301/4414 4122/4300/4413 4087/4261/4378
f 4087/4261/4378 4122/4300/4413 4121/4299/4412
f 4068/4242/4359 4087/4261/4378 4121/4299/4412
f 4068/4242/4359 4121/4299/4412 4120/4294/4411
f 4066/4240/4357 4068/4242/4359 4120/4294/4411
f 4066/4240/4357 4120/4294/4411 4119/4293/4410
f 4062/4236/4353 4066/4240/4357 4119/4293/4410
f 4062/4236/4353 4119/4293/4410 4118/4292/4409
f 4061/4237/4354 4062/4236/4353 4118/4292/4409
f 4013/4348/4280 4164/4349/4454 4163/4350/4455
f 4165/4351/4456 4163/4350/4455 4164/4349/4454
f 4165/4351/4456 4166/4352/4457 4163/4350/4455
f 4166/4352/4457 4167/4353/4458 4163/4350/4455
f 4167/4353/4458 4166/4352/4457 4168/4354/4459
f 4166/4352/4457 4169/4355/4460 4168/4354/4459
f 4170/4356/4461 4165/4351/4456 4164/4349/4454
f 4169/4355/4460 4171/4357/4462 4168/4354/4459
f 4172/4358/4463 4171/4357/4462 4169/4355/4460
f 4171/4357/4462 4172/4358/4463 4173/4359/4464
f 4173/4359/4464 4172/4358/4463 4174/4360/4465
f 4175/4361/4466 4173/4359/4464 4174/4360/4465
f 4174/4360/4465 4176/4362/4467 4175/4361/4468
f 4176/4362/4467 4177/4363/4469 4175/4361/4468
f 4176/4362/4467 4178/4364/4470 4177/4363/4469
f 4178/4364/4470 4179/4365/4471 4177/4363/4469
f 4180/4366/4472 4171/4357/4462 4173/4359/4464
f 4180/4366/4473 4181/4367/4474 4171/4357/4475
f 4181/4367/4474 4182/4368/4476 4171/4357/4475
f 4179/4365/4471 4178/4364/4470 4182/4368/4477
f 4181/4367/4478 4179/4365/4471 4182/4368/4477
f 4172/4358/4463 4183/4369/4479 4174/4360/4465
f 4172/4358/4463 4184/4370/4480 4183/4369/4479
f 4184/4370/4480 4172/4358/4463 4169/4355/4460
f 4184/4370/4480 4185/4371/4481 4183/4369/4479
f 4183/4369/4479 4185/4371/4481 4186/4372/4482
f 3934/4108/4186 4183/4369/4479 4186/4372/4482
f 4183/4369/4479 3934/4108/4186 4187/4373/4483
f 4183/4369/4479 4187/4373/4483 4174/4360/4465
f 4174/4360/4465 4187/4373/4483 4176/4362/4467
f 3934/4108/4186 3935/4109/4187 4187/4373/4483
f 3934/4108/4186 4186/4372/4484 4188/4374/4485
f 4186/4372/4484 4189/4375/4486 4188/4374/4485
f 4188/4374/4485 4190/4376/4487 3934/4108/4186
f 4190/4376/4487 4188/4374/4485 4191/4377/4488
f 4191/4377/4488 4192/4378/4489 4190/4376/4487
f 4192/4378/4489 4193/4379/4490 4190/4376/4487
f 4194/4380/4491 4190/4376/4487 4193/4379/4490
f 4190/4376/4487 4194/4380/4491 3934/4108/4186
f 4195/4381/4492 4194/4380/4491 4193/4379/4490
f 4195/4381/4492 4193/4379/4490 4196/4382/4493
f 4193/4379/4490 4192/4378/4489 4196/4382/4493
f 4197/4383/4494 4195/4381/4492 4196/4382/4493
f 4188/4374/4485 4198/4384/4495 4191/4377/4488
f 4198/4384/4495 4188/4374/4485 4189/4375/4486
f 4187/4373/4483 3935/4109/4187 4199/4385/4496
f 3935/4109/4187 3938/4112/4190 4199/4385/4496
f 4192/4378/4489 4200/4386/4497 4196/4382/4493
f 4187/4373/4483 4199/4385/4496 4176/4362/4467
f 3938/4112/4190 3940/4114/4192 4199/4385/4496
f 3940/4114/4192 3952/4126/4204 4199/4385/4496
f 4199/4385/4496 3952/4126/4204 4178/4364/4470
f 4176/4362/4467 4199/4385/4496 4178/4364/4470
f 4178/4364/4470 3952/4126/4204 4182/4368/4477
f 3952/4126/4204 3943/4117/4195 4182/4368/4477
f 3943/4117/4195 4201/4387/4498 4182/4368/4477
f 4182/4368/4477 4201/4387/4498 4033/4207/4312
f 4201/4387/4498 4039/4213/4317 4033/4207/4312
f 4039/4213/4317 4201/4387/4498 4025/4199/4318
f 4201/4387/4498 3953/4127/4205 4025/4199/4318
f 4201/4387/4498 3943/4117/4195 3953/4127/4205
f 4033/4207/4309 4031/4205/4308 4182/4368/4499
f 4031/4205/4308 4171/4388/4500 4182/4368/4499
f 4171/4388/4501 4031/4205/4305 4029/4203/4302
f 4168/4389/4502 4171/4388/4501 4029/4203/4302
f 4168/4389/4502 4029/4203/4302 4024/4198/4303
f 4168/4389/4459 4024/4198/4291 4023/4197/4290
f 4167/4390/4458 4168/4389/4459 4023/4197/4290
f 4020/4194/4287 4167/4390/4458 4023/4197/4290
f 4167/4390/4458 4020/4194/4287 4163/4391/4455
f 4020/4194/4287 4014/4188/4281 4163/4391/4455
f 4163/4391/4455 4014/4188/4281 4013/4187/4280
f 3971/4145/4230 3965/4139/4226 3953/4127/4205
f 3955/4129/4207 3971/4145/4230 3953/4127/4205
f 3971/4145/4230 3955/4129/4207 3957/4131/4209
f 4204/4392/4503 4203/4393/4504 4202/4394/4505
f 4205/4395/4506 4204/4392/4503 4202/4394/4505
f 4202/4394/4505 4203/4393/4504 4206/4396/4507
f 4203/4393/4504 4207/4397/4508 4206/4396/4507
f 4206/4396/4507 4208/4398/4509 4202/4394/4505
f 4208/4398/4509 4209/4399/4510 4202/4394/4505
f 4209/4399/4510 4210/4400/4511 4202/4394/4505
f 4210/4400/4511 4211/4401/4512 4202/4394/4505
f 4202/4394/4505 4211/4401/4512 4205/4395/4506
f 4211/4401/4512 4212/4402/4513 4205/4395/4506
f 4213/4403/4514 4208/4398/4509 4206/4396/4507
f 4213/4403/4514 4214/4404/4515 4208/4398/4509
f 4215/4405/4516 4214/4404/4515 4213/4403/4514
f 4216/4406/4517 4215/4405/4516 4213/4403/4514
f 4217/4407/4518 4215/4405/4519 4216/4406/4520
f 4218/4408/4521 4217/4407/4518 4216/4406/4520
f 4215/4405/4522 4217/4407/4523 4219/4409/4524
f 4214/4404/4515 4215/4405/4522 4219/4409/4524
f 4218/4408/4525 4216/4406/4517 4220/4410/4526
f 4216/4406/4517 4221/4411/4527 4220/4410/4526
f 4216/4406/4517 4213/4403/4514 4221/4411/4527
f 4221/4411/4527 4213/4403/4514 4206/4396/4507
f 4207/4397/4508 4220/4410/4526 4221/4411/4527
f 4206/4396/4507 4207/4397/4508 4221/4411/4527
f 4219/4409/4524 4222/4412/4528 4214/4404/4515
f 4222/4412/4528 4223/4413/4529 4214/4404/4515
f 4214/4404/4515 4223/4413/4529 4208/4398/4509
f 4208/4398/4509 4223/4413/4529 4209/4399/4510
f 4219/4409/4524 4224/4414/4530 4222/4412/4528
f 4219/4409/4524 4217/4407/4523 4224/4414/4530
f 4224/4414/4530 4198/4384/4495 4222/4412/4528
f 4198/4384/4495 4224/4414/4530 4225/4415/4531
f 4226/4416/4532 4225/4415/4531 4224/4414/4530
f 4217/4407/4523 4226/4416/4532 4224/4414/4530
f 4226/4416/4533 4217/4407/4518 4218/4408/4521
f 4226/4416/4532 4227/4417/4534 4225/4415/4531
f 4227/4417/4535 4226/4416/4533 4218/4408/4521
f 4227/4417/4534 4228/4418/4536 4225/4415/4531
f 4227/4417/4534 4229/4419/4537 4228/4418/4536
f 4218/4408/4525 4220/4410/4526 4229/4419/4537
f 4227/4417/4534 4218/4408/4525 4229/4419/4537
f 4191/4377/4488 4198/4384/4495 4225/4415/4531
f 4225/4415/4531 4228/4418/4536 4191/4377/4488
f 4228/4418/4536 4229/4419/4537 4192/4378/4489
f 4228/4418/4536 4192/4378/4489 4191/4377/4488
f 4229/4419/4537 4200/4386/4497 4192/4378/4489
f 4229/4419/4537 4220/4410/4526 4207/4397/4508
f 4200/4386/4497 4229/4419/4537 4207/4397/4508
f 4200/4386/4497 4207/4397/4508 4203/4393/4504
f 4196/4382/4493 4200/4386/4497 4203/4393/4504
f 4197/4383/4494 4196/4382/4493 4203/4393/4504
f 4204/4392/4503 4197/4383/4494 4203/4393/4504
f 4197/4383/4494 4204/4392/4503 3922/4096/4174
f 3933/4107/4185 4197/4383/4494 3922/4096/4174
f 3933/4107/4185 3932/4106/4184 4197/4383/4494
f 3932/4106/4184 4195/4381/4492 4197/4383/4494
f 4195/4381/4492 3932/4106/4184 3931/4105/4183
f 4194/4380/4491 4195/4381/4492 3931/4105/4183
f 4194/4380/4491 3931/4105/4183 3934/4108/4186
f 3922/4096/4174 4204/4392/4503 4205/4395/4506
f 3921/4095/4173 3922/4096/4174 4205/4395/4506
f 4205/4395/4506 4212/4402/4513 3921/4095/4173
f 4212/4402/4513 4004/4298/4271 3921/4095/4173
f 4004/4298/4271 4212/4402/4513 4002/4420/4269
f 4212/4402/4513 4013/4348/4280 4002/4420/4269
f 4164/4349/4454 4013/4348/4280 4212/4402/4513
f 4211/4401/4512 4164/4349/4454 4212/4402/4513
f 4170/4356/4461 4164/4349/4454 4211/4401/4512
f 4210/4400/4511 4170/4356/4461 4211/4401/4512
f 4210/4400/4511 4209/4399/4510 4170/4356/4461
f 4209/4399/4510 4230/4421/4538 4170/4356/4461
f 4170/4356/4461 4230/4421/4538 4165/4351/4456
f 4230/4421/4538 4231/4422/4539 4165/4351/4456
f 4231/4422/4539 4230/4421/4538 4186/4372/4484
f 4230/4421/4538 4189/4375/4486 4186/4372/4484
f 4186/4372/4482 4185/4371/4481 4231/4422/4540
f 4185/4371/4481 4184/4370/4480 4231/4422/4540
f 4231/4422/4540 4184/4370/4480 4166/4352/4457
f 4165/4351/4456 4231/4422/4540 4166/4352/4457
f 4166/4352/4457 4184/4370/4480 4169/4355/4460
f 4222/4412/4528 4189/4375/4486 4230/4421/4538
f 4222/4412/4528 4198/4384/4495 4189/4375/4486
f 4223/4413/4529 4222/4412/4528 4230/4421/4538
f 4223/4413/4529 4230/4421/4538 4209/4399/4510
f 4234/4423/4541 4233/4424/4542 4232/4425/4543
f 4235/4426/4544 4234/4423/4541 4232/4425/4543
f 4232/4425/4543 4236/4427/4545 4235/4426/4544
f 4232/4425/4543 4237/4428/4546 4236/4427/4545
f 4232/4425/4543 4233/4424/4542 4237/4428/4546
f 4237/4428/4546 4238/4429/4547 4236/4427/4545
f 4236/4427/4548 4238/4429/4547 4239/4430/4549
f 4238/4429/4547 4240/4431/4550 4239/4430/4549
f 4236/4427/4545 4241/4432/4551 4235/4426/4544
f 4235/4426/4544 4241/4432/4551 4242/4433/4552
f 4242/4433/4552 4241/4432/4551 4243/4434/4553
f 4241/4432/4551 4244/4435/4554 4243/4434/4553
f 4236/4427/4548 4239/4430/4549 4244/4435/4554
f 4241/4432/4551 4236/4427/4548 4244/4435/4554
f 4244/4435/4554 4239/4430/4549 4245/4436/4555
f 4246/4437/4556 4244/4435/4554 4245/4436/4555
f 4244/4435/4554 4246/4437/4556 4243/4434/4553
f 4247/4438/4557 4235/4426/4544 4242/4433/4552
f 4247/4438/4557 4242/4433/4552 4248/4439/4558
f 4242/4433/4552 4249/4440/4559 4248/4439/4558
f 4249/4440/4559 4250/4441/4560 4248/4439/4558
f 4250/4441/4560 4251/4442/4561 4248/4439/4558
f 4251/4442/4562 4250/4441/4563 4252/4443/4564
f 4246/4437/4565 4253/4444/4566 4252/4443/4564
f 4254/4445/4567 4246/4437/4565 4252/4443/4564
f 4246/4437/4556 4254/4445/4568 4243/4434/4553
f 4255/4446/4569 4251/4442/4562 4252/4443/4564
f 4255/4446/4570 4247/4438/4557 4248/4439/4558
f 4251/4442/4561 4255/4446/4570 4248/4439/4558
f 4256/4447/4571 4254/4445/4567 4252/4443/4564
f 4250/4441/4563 4256/4447/4571 4252/4443/4564
f 4243/4434/4553 4254/4445/4568 4256/4447/4572
f 4250/4441/4573 4249/4440/4559 4256/4447/4572
f 4257/4448/4574 4243/4434/4553 4256/4447/4572
f 4242/4433/4552 4243/4434/4553 4257/4448/4574
f 4249/4440/4559 4242/4433/4552 4257/4448/4574
f 4249/4440/4559 4257/4448/4574 4256/4447/4572
f 4246/4437/4565 4245/4436/4575 4258/4449/4576
f 4253/4444/4566 4246/4437/4565 4258/4449/4576
f 4253/4444/4566 4258/4449/4576 4233/4424/4577
f 4234/4423/4578 4253/4444/4566 4233/4424/4577
f 4234/4423/4578 4255/4446/4569 4252/4443/4564
f 4253/4444/4566 4234/4423/4578 4252/4443/4564
f 4259/4450/4579 4233/4424/4577 4258/4449/4576
f 4233/4424/4542 4259/4450/4580 4237/4428/4546
f 4177/4363/4469 4237/4428/4546 4259/4450/4580
f 4175/4361/4468 4177/4363/4469 4259/4450/4580
f 4259/4450/4579 4260/4451/4581 4175/4361/4466
f 4260/4451/4581 4259/4450/4579 4258/4449/4576
f 4260/4451/4581 4173/4359/4464 4175/4361/4466
f 4237/4428/4546 4177/4363/4469 4238/4429/4547
f 4177/4363/4469 4179/4365/4471 4238/4429/4547
f 4260/4451/4581 4261/4452/4582 4173/4359/4464
f 4260/4451/4581 4258/4449/4576 4261/4452/4582
f 4261/4452/4582 4180/4366/4472 4173/4359/4464
f 4261/4452/4583 4240/4431/4584 4180/4366/4473
f 4240/4431/4584 4181/4367/4474 4180/4366/4473
f 4238/4429/4547 4179/4365/4471 4181/4367/4478
f 4240/4431/4550 4238/4429/4547 4181/4367/4478
f 4258/4449/4576 4245/4436/4575 4261/4452/4582
f 4239/4430/4549 4240/4431/4584 4261/4452/4583
f 4245/4436/4555 4239/4430/4549 4261/4452/4583
f 4234/4423/4541 4235/4426/4544 4255/4446/4570
f 4235/4426/4544 4247/4438/4557 4255/4446/4570
f 4144/4322/4435 4090/4264/4381 4151/4335/4442
f 4117/4291/4408 4008/4295/4275 4108/4282/4399
f 4264/4453/4585 4263/4454/4586 4262/4455/4587
f 4265/4456/4588 4264/4453/4585 4262/4455/4587
f 4266/4457/4589 4264/4453/4585 4265/4456/4588
f 4267/4458/4590 4266/4457/4589 4265/4456/4588
f 4268/4459/4591 4266/4457/4589 4267/4458/4590
f 4269/4460/4592 4268/4459/4591 4267/4458/4590
f 4270/4461/4593 4268/4459/4591 4269/4460/4592
f 4271/4462/4594 4270/4461/4593 4269/4460/4592
f 4272/4463/4595 4270/4461/4593 4271/4462/4594
f 4273/4464/4596 4272/4463/4595 4271/4462/4594
f 4273/4464/4596 4274/4465/4597 4272/4463/4595
f 4274/4465/4597 4275/4466/4598 4272/4463/4595
f 4274/4465/4597 4276/4467/4599 4275/4466/4598
f 4276/4467/4599 4277/4468/4600 4275/4466/4598
f 4262/4455/4587 4278/4469/4601 4265/4456/4588
f 4278/4469/4601 4279/4470/4602 4265/4456/4588
f 4280/4471/4603 4276/4467/4599 4274/4465/4597
f 4281/4472/4604 4280/4471/4603 4274/4465/4597
f 4281/4472/4604 4274/4465/4597 4273/4464/4596
f 4271/4462/4594 4269/4460/4592 4282/4473/4605
f 4271/4462/4594 4282/4473/4605 4273/4464/4596
f 4269/4460/4592 4283/4474/4606 4282/4473/4605
f 4283/4474/4606 4269/4460/4592 4284/4475/4607
f 4269/4460/4592 4285/4476/4608 4284/4475/4607
f 4286/4477/4609 4284/4475/4607 4285/4476/4608
f 4287/4478/4610 4286/4477/4609 4285/4476/4608
f 4287/4478/4610 4285/4476/4608 4269/4460/4592
f 4286/4477/4609 4287/4478/4610 4288/4479/4611
f 4287/4478/4610 4267/4458/4590 4288/4479/4611
f 4267/4458/4590 4287/4478/4610 4269/4460/4592
f 4288/4479/4611 4267/4458/4590 4289/4480/4612
f 4267/4458/4590 4265/4456/4588 4289/4480/4612
f 4265/4456/4588 4279/4470/4602 4290/4481/4613
f 4289/4480/4612 4265/4456/4588 4290/4481/4613
f 4286/4477/4609 4288/4479/4611 4291/4482/4614
f 4291/4482/4614 4292/4483/4615 4286/4477/4609
f 4292/4483/4615 4293/4484/4616 4286/4477/4609
f 4284/4475/4607 4286/4477/4609 4293/4484/4616
f 4294/4485/4617 4293/4484/4616 4292/4483/4615
f 4283/4474/4606 4284/4475/4607 4294/4485/4617
f 4294/4485/4617 4284/4475/4607 4293/4484/4616
f 4295/4486/4618 4294/4485/4617 4292/4483/4615
f 4296/4487/4619 4294/4485/4617 4295/4486/4618
f 4297/4488/4620 4296/4487/4619 4295/4486/4618
f 4296/4487/4619 4297/4488/4620 4298/4489/4621
f 4299/4490/4622 4296/4487/4619 4298/4489/4621
f 4298/4489/4621 4297/4488/4620 4300/4491/4623
f 4298/4489/4621 4300/4491/4623 4301/4492/4624
f 4300/4491/4623 4302/4493/4625 4301/4492/4624
f 4301/4492/4624 4302/4493/4625 4303/4494/4626
f 4304/4495/4627 4301/4492/4624 4303/4494/4626
f 4304/4495/4627 4303/4494/4626 4305/4496/4628
f 4304/4495/4627 4305/4496/4628 4306/4497/4629
f 4307/4498/4630 4304/4495/4627 4306/4497/4629
f 4301/4492/4624 4304/4495/4627 4307/4498/4630
f 4303/4494/4626 4308/4499/4631 4305/4496/4628
f 4297/4488/4620 4309/4500/4632 4300/4491/4623
f 4300/4491/4623 4310/4501/4633 4302/4493/4625
f 4303/4494/4626 4302/4493/4625 4311/4502/4634
f 4302/4493/4625 4312/4503/4635 4311/4502/4634
f 4310/4501/4633 4312/4503/4635 4302/4493/4625
f 4313/4504/4636 4308/4499/4631 4303/4494/4626
f 4311/4502/4634 4313/4504/4636 4303/4494/4626
f 4311/4502/4634 4314/4505/4637 4313/4504/4636
f 4311/4502/4634 4312/4503/4635 4314/4505/4637
f 4314/4505/4637 4315/4506/4638 4313/4504/4636
f 4314/4505/4637 4316/4507/4639 4315/4506/4638
f 4316/4507/4639 4317/4508/4640 4315/4506/4638
f 4315/4506/4641 4317/4508/4642 4318/4509/4643
f 4315/4506/4641 4318/4509/4643 4313/4504/4636
f 4317/4508/4642 4319/4510/4644 4318/4509/4643
f 4318/4509/4643 4319/4510/4644 4320/4511/4645
f 4319/4510/4644 4321/4512/4646 4320/4511/4645
f 4320/4511/4647 4321/4512/4648 4322/4513/4649
f 4320/4511/4647 4322/4513/4649 4310/4501/4650
f 4321/4512/4648 4323/4514/4651 4322/4513/4649
f 4323/4514/4652 4324/4515/4653 4322/4513/4654
f 4316/4507/4639 4324/4515/4653 4325/4516/4655
f 4316/4507/4639 4325/4516/4655 4317/4508/4640
f 4324/4515/4653 4326/4517/4656 4325/4516/4655
f 4327/4518/4657 4326/4517/4656 4324/4515/4653
f 4323/4514/4652 4327/4518/4657 4324/4515/4653
f 4324/4515/4653 4328/4519/4658 4322/4513/4654
f 4328/4519/4658 4324/4515/4653 4316/4507/4639
f 4314/4505/4637 4328/4519/4658 4316/4507/4639
f 4327/4518/4657 4329/4520/4659 4326/4517/4656
f 4330/4521/4660 4329/4520/4659 4327/4518/4661
f 4331/4522/4662 4330/4521/4660 4327/4518/4661
f 4331/4522/4662 4327/4518/4661 4323/4514/4651
f 4321/4512/4648 4331/4522/4662 4323/4514/4651
f 4329/4520/4659 4330/4521/4660 4332/4523/4663
f 4332/4523/4663 4330/4521/4660 4333/4524/4664
f 4330/4521/4660 4334/4525/4665 4333/4524/4664
f 4334/4525/4665 4330/4521/4660 4331/4522/4666
f 4334/4525/4665 4335/4526/4667 4333/4524/4664
f 4335/4526/4667 4336/4527/4668 4333/4524/4664
f 4335/4526/4669 4337/4528/4670 4336/4527/4671
f 4325/4516/4655 4326/4517/4656 4337/4528/4670
f 4337/4528/4670 4335/4526/4669 4338/4529/4672
f 4325/4516/4655 4337/4528/4670 4338/4529/4672
f 4337/4528/4670 4339/4530/4673 4336/4527/4671
f 4340/4531/4674 4329/4520/4659 4332/4523/4663
f 4329/4520/4659 4340/4531/4674 4341/4532/4675
f 4342/4533/4676 4329/4520/4659 4341/4532/4675
f 4342/4533/4676 4341/4532/4675 4339/4530/4673
f 4337/4528/4670 4342/4533/4676 4339/4530/4673
f 4329/4520/4659 4342/4533/4676 4326/4517/4656
f 4326/4517/4656 4342/4533/4676 4337/4528/4670
f 4341/4532/4675 4340/4531/4674 4343/4534/4677
f 4344/4535/4678 4341/4532/4675 4343/4534/4677
f 4344/4535/4678 4343/4534/4677 4345/4536/4679
f 4332/4523/4663 4333/4524/4664 4345/4536/4679
f 4340/4531/4674 4332/4523/4663 4345/4536/4679
f 4343/4534/4677 4340/4531/4674 4345/4536/4679
f 4346/4537/4680 4344/4535/4678 4345/4536/4679
f 4333/4524/4664 4346/4537/4681 4345/4536/4679
f 4335/4526/4667 4334/4525/4665 4347/4538/4682
f 4338/4529/4683 4335/4526/4667 4347/4538/4682
f 4347/4538/4682 4334/4525/4665 4331/4522/4666
f 4331/4522/4666 4321/4512/4646 4347/4538/4682
f 4321/4512/4646 4319/4510/4644 4347/4538/4682
f 4347/4538/4682 4319/4510/4644 4317/4508/4642
f 4338/4529/4683 4347/4538/4682 4317/4508/4642
f 4325/4516/4655 4338/4529/4672 4317/4508/4640
f 4341/4532/4675 4344/4535/4678 4348/4539/4684
f 4339/4530/4673 4341/4532/4675 4348/4539/4684
f 4339/4530/4673 4348/4539/4684 4349/4540/4685
f 4349/4540/4685 4348/4539/4684 4344/4535/4678
f 4346/4537/4686 4349/4540/4685 4344/4535/4678
f 4336/4527/4671 4339/4530/4673 4349/4540/4685
f 4349/4540/4687 4346/4537/4681 4333/4524/4664
f 4336/4527/4668 4349/4540/4687 4333/4524/4664
f 4352/4541/4688 4351/4542/4689 4350/4543/4690
f 4353/4544/4691 4352/4541/4688 4350/4543/4690
f 4354/4545/4692 4352/4541/4688 4353/4544/4691
f 4355/4546/4693 4354/4545/4692 4353/4544/4691
f 4355/4546/4693 4353/4544/4691 4356/4547/4694
f 4357/4548/4695 4355/4546/4693 4356/4547/4694
f 4353/4544/4691 4350/4543/4690 4358/4549/4696
f 4356/4547/4694 4353/4544/4691 4358/4549/4696
f 4357/4548/4695 4359/4550/4697 4355/4546/4693
f 4359/4550/4697 4360/4551/4698 4355/4546/4693
f 4355/4546/4693 4360/4551/4698 4354/4545/4692
f 4359/4550/4697 4361/4552/4699 4360/4551/4698
f 4361/4552/4699 4362/4553/4700 4360/4551/4698
f 4362/4553/4700 4363/4554/4701 4360/4551/4698
f 4363/4554/4701 4364/4555/4702 4360/4551/4698
f 4360/4551/4698 4364/4555/4702 4354/4545/4692
f 4363/4554/4701 4365/4556/4703 4364/4555/4702
f 4365/4556/4703 4366/4557/4704 4364/4555/4702
f 4364/4555/4702 4366/4557/4704 4367/4558/4705
f 4354/4545/4692 4364/4555/4702 4367/4558/4705
f 4354/4545/4692 4367/4558/4705 4352/4541/4688
f 4367/4558/4705 4368/4559/4706 4352/4541/4688
f 4357/4548/4695 4369/4560/4707 4359/4550/4697
f 4369/4560/4707 4370/4561/4708 4359/4550/4697
f 4369/4560/4707 4371/4562/4709 4370/4561/4708
f 4369/4560/4707 4372/4563/4710 4371/4562/4709
f 4369/4560/4707 4357/4548/4695 4372/4563/4710
f 4372/4563/4710 4373/4564/4711 4371/4562/4709
f 4374/4565/4712 4373/4564/4711 4372/4563/4710
f 4375/4566/4713 4374/4565/4712 4372/4563/4710
f 4373/4564/4711 4376/4567/4714 4371/4562/4709
f 4376/4567/4714 4377/4568/4715 4371/4562/4709
f 4378/4569/4716 4376/4567/4714 4373/4564/4711
f 4374/4565/4712 4378/4569/4716 4373/4564/4711
f 4378/4569/4716 4313/4504/4636 4376/4567/4714
f 4313/4504/4636 4379/4570/4717 4376/4567/4714
f 4380/4571/4718 4377/4568/4715 4376/4567/4714
f 4379/4570/4717 4380/4571/4718 4376/4567/4714
f 4381/4572/4719 4380/4571/4718 4379/4570/4717
f 4318/4509/4643 4379/4570/4717 4313/4504/4636
f 4381/4572/4720 4379/4570/4717 4318/4509/4643
f 4320/4511/4645 4381/4572/4720 4318/4509/4643
f 4381/4572/4721 4320/4511/4647 4310/4501/4650
f 4310/4501/4722 4382/4573/4723 4381/4572/4724
f 4382/4573/4723 4383/4574/4725 4381/4572/4724
f 4382/4573/4723 4384/4575/4726 4383/4574/4725
f 4384/4575/4726 4385/4576/4727 4383/4574/4725
f 4383/4574/4728 4385/4576/4729 4386/4577/4730
f 4383/4574/4728 4386/4577/4730 4381/4572/4731
f 4385/4576/4729 4387/4578/4732 4386/4577/4730
f 4386/4577/4730 4387/4578/4732 4388/4579/4733
f 4387/4578/4732 4389/4580/4734 4388/4579/4733
f 4388/4579/4735 4389/4580/4736 4390/4581/4737
f 4389/4580/4736 4391/4582/4738 4390/4581/4737
f 4390/4581/4739 4391/4582/4740 4392/4583/4741
f 4384/4575/4726 4392/4583/4741 4393/4584/4742
f 4384/4575/4726 4393/4584/4742 4385/4576/4727
f 4392/4583/4741 4394/4585/4743 4393/4584/4742
f 4395/4586/4744 4394/4585/4743 4392/4583/4741
f 4391/4582/4740 4395/4586/4744 4392/4583/4741
f 4396/4587/4745 4390/4581/4739 4392/4583/4741
f 4396/4587/4745 4392/4583/4741 4384/4575/4726
f 4382/4573/4746 4396/4587/4745 4384/4575/4726
f 4395/4586/4744 4397/4588/4747 4394/4585/4743
f 4398/4589/4748 4397/4588/4749 4395/4586/4750
f 4399/4590/4751 4398/4589/4748 4395/4586/4750
f 4399/4590/4751 4395/4586/4750 4391/4582/4738
f 4389/4580/4736 4399/4590/4751 4391/4582/4738
f 4397/4588/4749 4398/4589/4748 4400/4591/4752
f 4401/4592/4753 4400/4591/4754 4398/4589/4755
f 4402/4593/4756 4401/4592/4753 4398/4589/4755
f 4402/4593/4756 4398/4589/4755 4399/4590/4757
f 4401/4592/4753 4402/4593/4756 4403/4594/4758
f 4404/4595/4759 4401/4592/4753 4403/4594/4758
f 4403/4594/4760 4405/4596/4761 4404/4595/4762
f 4393/4584/4742 4394/4585/4743 4405/4596/4761
f 4405/4596/4761 4403/4594/4760 4406/4597/4763
f 4393/4584/4742 4405/4596/4761 4406/4597/4763
f 4405/4596/4761 4407/4598/4764 4404/4595/4762
f 4408/4599/4765 4397/4588/4749 4400/4591/4752
f 4397/4588/4747 4408/4599/4765 4409/4600/4766
f 4410/4601/4767 4397/4588/4747 4409/4600/4766
f 4410/4601/4767 4409/4600/4766 4407/4598/4764
f 4405/4596/4761 4410/4601/4767 4407/4598/4764
f 4397/4588/4747 4410/4601/4767 4394/4585/4743
f 4394/4585/4743 4410/4601/4767 4405/4596/4761
f 4409/4600/4766 4408/4599/4765 4411/4602/4768
f 4412/4603/4769 4409/4600/4766 4411/4602/4768
f 4412/4603/4769 4411/4602/4768 4413/4604/4770
f 4400/4591/4754 4401/4592/4753 4413/4604/4771
f 4408/4599/4765 4400/4591/4752 4413/4604/4770
f 4411/4602/4768 4408/4599/4765 4413/4604/4770
f 4414/4605/4772 4412/4603/4769 4413/4604/4770
f 4401/4592/4753 4414/4605/4773 4413/4604/4771
f 4403/4594/4758 4402/4593/4756 4415/4606/4774
f 4406/4597/4775 4403/4594/4758 4415/4606/4774
f 4415/4606/4774 4402/4593/4756 4399/4590/4757
f 4399/4590/4757 4389/4580/4734 4415/4606/4774
f 4389/4580/4734 4387/4578/4732 4415/4606/4774
f 4415/4606/4774 4387/4578/4732 4385/4576/4729
f 4406/4597/4775 4415/4606/4774 4385/4576/4729
f 4393/4584/4742 4406/4597/4763 4385/4576/4727
f 4409/4600/4766 4412/4603/4769 4416/4607/4776
f 4407/4598/4764 4409/4600/4766 4416/4607/4776
f 4407/4598/4764 4416/4607/4776 4417/4608/4777
f 4417/4608/4777 4416/4607/4776 4412/4603/4769
f 4414/4605/4778 4417/4608/4777 4412/4603/4769
f 4404/4595/4762 4407/4598/4764 4417/4608/4777
f 4417/4608/4779 4414/4605/4773 4401/4592/4753
f 4404/4595/4759 4417/4608/4779 4401/4592/4753
f 4420/4609/4780 4419/4610/4781 4418/4611/4782
f 4421/4612/4783 4420/4609/4780 4418/4611/4782
f 4422/4613/4784 4420/4609/4780 4421/4612/4783
f 4423/4614/4785 4422/4613/4784 4421/4612/4783
f 4424/4615/4786 4422/4613/4784 4423/4614/4785
f 4425/4616/4787 4424/4615/4786 4423/4614/4785
f 4420/4609/4780 4422/4613/4784 4426/4617/4788
f 4427/4618/4789 4420/4609/4780 4426/4617/4788
f 4419/4610/4781 4420/4609/4780 4427/4618/4789
f 4428/4619/4790 4419/4610/4781 4427/4618/4789
f 4429/4620/4791 4419/4610/4781 4428/4619/4790
f 4430/4621/4792 4429/4620/4791 4428/4619/4790
f 4419/4610/4781 4429/4620/4791 4431/4622/4793
f 4418/4611/4782 4419/4610/4781 4431/4622/4793
f 4432/4623/4794 4424/4615/4786 4425/4616/4787
f 4433/4624/4795 4424/4615/4786 4432/4623/4794
f 4433/4624/4795 4426/4617/4788 4422/4613/4784
f 4424/4615/4786 4433/4624/4795 4422/4613/4784
f 4434/4625/4796 4433/4624/4795 4432/4623/4794
f 4432/4623/4794 4435/4626/4797 4434/4625/4796
f 4435/4626/4797 4436/4627/4798 4434/4625/4796
f 4435/4626/4797 4437/4628/4799 4436/4627/4798
f 4437/4628/4799 4438/4629/4800 4436/4627/4798
f 4434/4625/4796 4439/4630/4801 4433/4624/4795
f 4439/4630/4801 4440/4631/4802 4433/4624/4795
f 4434/4625/4796 4436/4627/4798 4441/4632/4803
f 4439/4630/4801 4434/4625/4796 4441/4632/4803
f 4436/4627/4798 4438/4629/4800 4441/4632/4803
f 4438/4629/4800 4442/4633/4804 4441/4632/4803
f 4443/4634/4805 4435/4626/4797 4432/4623/4794
f 4444/4635/4806 4443/4634/4805 4432/4623/4794
f 4444/4635/4806 4432/4623/4794 4425/4616/4787
f 4445/4636/4807 4437/4628/4799 4435/4626/4797
f 4443/4634/4805 4445/4636/4807 4435/4626/4797
f 4441/4632/4803 4442/4633/4804 4446/4637/4808
f 4442/4633/4804 4447/4638/4809 4446/4637/4808
f 4441/4632/4803 4446/4637/4808 4448/4639/4810
f 4439/4630/4801 4441/4632/4803 4448/4639/4810
f 4439/4630/4801 4448/4639/4810 4440/4631/4802
f 4448/4639/4810 4449/4640/4811 4440/4631/4802
f 4440/4631/4802 4449/4640/4811 4450/4641/4812
f 4440/4631/4802 4450/4641/4812 4433/4624/4795
f 4450/4641/4812 4426/4617/4788 4433/4624/4795
f 4427/4618/4789 4426/4617/4788 4450/4641/4812
f 4451/4642/4813 4427/4618/4789 4450/4641/4812
f 4450/4641/4812 4452/4643/4814 4451/4642/4813
f 4449/4640/4811 4452/4643/4814 4450/4641/4812
f 4452/4643/4814 4453/4644/4815 4451/4642/4813
f 4451/4642/4813 4453/4644/4815 4454/4645/4816
f 4453/4644/4815 4455/4646/4817 4454/4645/4816
f 4454/4645/4816 4455/4646/4817 4456/4647/4818
f 4455/4646/4817 4457/4648/4819 4456/4647/4818
f 4428/4619/4790 4427/4618/4789 4451/4642/4813
f 4454/4645/4816 4428/4619/4790 4451/4642/4813
f 4430/4621/4792 4428/4619/4790 4454/4645/4816
f 4456/4647/4818 4430/4621/4792 4454/4645/4816
f 4452/4643/4814 4449/4640/4811 4458/4649/4820
f 4459/4650/4821 4452/4643/4814 4458/4649/4820
f 4457/4648/4819 4455/4646/4817 4460/4651/4822
f 4455/4646/4817 4461/4652/4823 4460/4651/4822
f 4455/4646/4817 4453/4644/4815 4461/4652/4823
f 4453/4644/4815 4462/4653/4824 4461/4652/4823
f 4452/4643/4814 4459/4650/4821 4462/4653/4824
f 4453/4644/4815 4452/4643/4814 4462/4653/4824
f 4463/4654/4825 4430/4621/4792 4456/4647/4818
f 4430/4621/4792 4463/4654/4825 4429/4620/4791
f 4463/4654/4825 4464/4655/4826 4429/4620/4791
f 4431/4622/4793 4429/4620/4791 4464/4655/4826
f 4465/4656/4827 4431/4622/4793 4464/4655/4826
f 4466/4657/4828 4463/4654/4825 4456/4647/4818
f 4456/4647/4818 4457/4648/4819 4467/4658/4829
f 4466/4657/4828 4456/4647/4818 4467/4658/4829
f 4457/4648/4819 4460/4651/4822 4468/4659/4830
f 4467/4658/4829 4457/4648/4819 4468/4659/4830
f 4462/4653/4824 4459/4650/4821 4469/4660/4831
f 4459/4650/4821 4470/4661/4832 4469/4660/4831
f 4459/4650/4821 4458/4649/4820 4470/4661/4832
f 4462/4653/4824 4469/4660/4831 4471/4662/4833
f 4461/4652/4823 4462/4653/4824 4471/4662/4833
f 4461/4652/4823 4471/4662/4833 4472/4663/4834
f 4460/4651/4822 4461/4652/4823 4472/4663/4834
f 4460/4651/4822 4472/4663/4834 4473/4664/4835
f 4468/4659/4830 4460/4651/4822 4473/4664/4835
f 4474/4665/4836 4431/4622/4793 4465/4656/4827
f 4418/4611/4782 4431/4622/4793 4474/4665/4836
f 4475/4666/4837 4418/4611/4782 4474/4665/4836
f 4475/4666/4837 4474/4665/4836 4263/4454/4586
f 4264/4453/4585 4475/4666/4837 4263/4454/4586
f 4476/4667/4838 4475/4666/4837 4264/4453/4585
f 4266/4457/4589 4476/4667/4838 4264/4453/4585
f 4477/4668/4839 4476/4667/4838 4266/4457/4589
f 4268/4459/4591 4477/4668/4839 4266/4457/4589
f 4263/4454/4586 4474/4665/4836 4365/4669/4703
f 4363/4670/4701 4263/4454/4586 4365/4669/4703
f 4262/4455/4587 4263/4454/4586 4363/4670/4701
f 4362/4671/4700 4262/4455/4587 4363/4670/4701
f 4278/4469/4601 4262/4455/4587 4362/4671/4700
f 4361/4672/4699 4278/4469/4601 4362/4671/4700
f 4478/4673/4840 4477/4668/4839 4268/4459/4591
f 4270/4461/4593 4478/4673/4840 4268/4459/4591
f 4479/4674/4841 4478/4673/4840 4270/4461/4593
f 4272/4463/4595 4479/4674/4841 4270/4461/4593
f 4272/4463/4595 4275/4466/4598 4479/4674/4841
f 4275/4466/4598 4480/4675/4842 4479/4674/4841
f 4275/4466/4598 4277/4468/4600 4480/4675/4842
f 4277/4468/4600 4481/4676/4843 4480/4675/4842
f 4481/4676/4843 4277/4468/4600 4482/4677/4844
f 4277/4468/4600 4351/4542/4689 4482/4677/4844
f 4368/4559/4706 4482/4677/4844 4351/4542/4689
f 4352/4541/4688 4368/4559/4706 4351/4542/4689
f 4277/4468/4600 4276/4467/4599 4351/4542/4689
f 4276/4467/4599 4350/4543/4690 4351/4542/4689
f 4276/4467/4599 4280/4471/4603 4350/4543/4690
f 4280/4471/4603 4358/4549/4696 4350/4543/4690
f 4280/4471/4603 4306/4497/4629 4358/4549/4696
f 4306/4497/4629 4375/4566/4713 4358/4549/4696
f 4306/4497/4629 4305/4496/4628 4375/4566/4713
f 4305/4496/4628 4374/4565/4712 4375/4566/4713
f 4305/4496/4628 4308/4499/4631 4374/4565/4712
f 4308/4499/4631 4378/4569/4716 4374/4565/4712
f 4378/4569/4716 4308/4499/4631 4313/4504/4636
f 4358/4549/4696 4375/4566/4713 4356/4547/4694
f 4375/4566/4713 4372/4563/4710 4356/4547/4694
f 4357/4548/4695 4356/4547/4694 4372/4563/4710
f 4307/4498/4630 4306/4497/4629 4280/4471/4603
f 4281/4472/4604 4307/4498/4630 4280/4471/4603
f 4483/4678/4845 4307/4498/4630 4281/4472/4604
f 4483/4678/4845 4301/4492/4624 4307/4498/4630
f 4298/4489/4621 4301/4492/4624 4483/4678/4845
f 4299/4490/4622 4298/4489/4621 4483/4678/4845
f 4484/4679/4846 4483/4678/4845 4281/4472/4604
f 4299/4490/4622 4483/4678/4845 4484/4679/4846
f 4484/4679/4846 4281/4472/4604 4273/4464/4596
f 4282/4473/4605 4484/4679/4846 4273/4464/4596
f 4282/4473/4605 4299/4490/4622 4484/4679/4846
f 4299/4490/4622 4282/4473/4605 4296/4487/4619
f 4282/4473/4605 4283/4474/4606 4296/4487/4619
f 4296/4487/4619 4283/4474/4606 4294/4485/4617
f 4487/4680/4847 4486/4681/4848 4485/4682/4849
f 4488/4683/4850 4487/4680/4847 4485/4682/4849
f 4489/4684/4851 4487/4680/4847 4488/4683/4850
f 4490/4685/4852 4489/4684/4851 4488/4683/4850
f 4487/4680/4847 4491/4686/4853 4486/4681/4848
f 4491/4686/4853 4492/4687/4854 4486/4681/4848
f 4493/4688/4855 4491/4686/4853 4487/4680/4847
f 4489/4684/4851 4493/4688/4855 4487/4680/4847
f 4488/4683/4850 4485/4682/4849 4494/4689/4856
f 4495/4690/4857 4488/4683/4850 4494/4689/4856
f 4490/4685/4852 4488/4683/4850 4495/4690/4857
f 4496/4691/4858 4490/4685/4852 4495/4690/4857
f 4493/4688/4855 4497/4692/4859 4491/4686/4853
f 4497/4692/4859 4498/4693/4860 4491/4686/4853
f 4491/4686/4853 4498/4693/4860 4492/4687/4854
f 4499/4694/4861 4498/4693/4860 4497/4692/4859
f 4500/4695/4862 4499/4694/4861 4497/4692/4859
f 4498/4693/4860 4501/4696/4863 4492/4687/4854
f 4501/4696/4863 4498/4693/4860 4499/4694/4861
f 4489/4684/4851 4490/4685/4852 4502/4697/4864
f 4489/4684/4851 4502/4697/4864 4493/4688/4855
f 4490/4685/4852 4503/4698/4865 4502/4697/4864
f 4502/4697/4864 4503/4698/4865 4464/4699/4826
f 4463/4700/4825 4502/4697/4864 4464/4699/4826
f 4502/4697/4864 4463/4700/4825 4466/4701/4828
f 4504/4702/4866 4502/4697/4864 4466/4701/4828
f 4502/4697/4864 4504/4702/4866 4493/4688/4855
f 4493/4688/4855 4504/4702/4866 4497/4692/4859
f 4464/4699/4826 4503/4698/4865 4505/4703/4867
f 4505/4703/4867 4503/4698/4865 4490/4685/4852
f 4496/4691/4858 4505/4703/4867 4490/4685/4852
f 4465/4704/4827 4464/4699/4826 4505/4703/4867
f 4466/4701/4828 4467/4705/4829 4504/4702/4866
f 4467/4705/4829 4506/4706/4868 4504/4702/4866
f 4504/4702/4866 4506/4706/4868 4497/4692/4859
f 4506/4706/4868 4467/4705/4829 4468/4707/4830
f 4507/4708/4869 4506/4706/4868 4468/4707/4830
f 4508/4709/4870 4501/4696/4863 4499/4694/4861
f 4497/4692/4859 4506/4706/4868 4507/4708/4869
f 4500/4695/4862 4497/4692/4859 4507/4708/4869
f 4507/4708/4869 4468/4707/4830 4473/4710/4835
f 4509/4711/4871 4507/4708/4869 4473/4710/4835
f 4500/4695/4862 4507/4708/4869 4509/4711/4871
f 4510/4712/4872 4500/4695/4862 4509/4711/4871
f 4500/4695/4862 4510/4712/4872 4499/4694/4861
f 4510/4712/4872 4511/4713/4873 4499/4694/4861
f 4508/4709/4870 4499/4694/4861 4511/4713/4873
f 4512/4714/4874 4508/4709/4870 4511/4713/4873
f 4513/4715/4875 4508/4709/4870 4512/4714/4874
f 4513/4715/4875 4447/4638/4809 4508/4709/4870
f 4447/4638/4809 4513/4715/4875 4514/4716/4876
f 4446/4637/4808 4447/4638/4809 4514/4716/4876
f 4448/4639/4810 4446/4637/4808 4514/4716/4876
f 4515/4717/4877 4448/4639/4810 4514/4716/4876
f 4449/4640/4811 4448/4639/4810 4515/4717/4877
f 4458/4649/4820 4449/4640/4811 4515/4717/4877
f 4514/4716/4876 4513/4715/4875 4516/4718/4878
f 4516/4718/4878 4513/4715/4875 4512/4714/4874
f 4517/4719/4879 4514/4716/4876 4516/4718/4878
f 4515/4717/4877 4514/4716/4876 4517/4719/4879
f 4518/4720/4880 4515/4717/4877 4517/4719/4879
f 4458/4649/4820 4515/4717/4877 4518/4720/4880
f 4519/4721/4881 4458/4649/4820 4518/4720/4880
f 4458/4649/4820 4519/4721/4881 4470/4661/4832
f 4447/4638/4809 4442/4633/4804 4501/4696/4863
f 4442/4633/4804 4492/4687/4854 4501/4696/4863
f 4442/4633/4804 4438/4629/4800 4492/4687/4854
f 4438/4629/4800 4486/4681/4848 4492/4687/4854
f 4438/4629/4800 4437/4628/4799 4486/4681/4848
f 4437/4628/4799 4485/4682/4849 4486/4681/4848
f 4437/4628/4799 4445/4636/4807 4485/4682/4849
f 4445/4636/4807 4494/4689/4856 4485/4682/4849
f 4445/4636/4807 4481/4676/4843 4494/4689/4856
f 4481/4676/4843 4482/4677/4844 4494/4689/4856
f 4495/4690/4857 4494/4689/4856 4482/4677/4844
f 4368/4559/4706 4495/4690/4857 4482/4677/4844
f 4496/4691/4858 4495/4690/4857 4368/4559/4706
f 4367/4558/4705 4496/4691/4858 4368/4559/4706
f 4367/4558/4705 4366/4557/4704 4496/4691/4858
f 4366/4557/4704 4505/4703/4867 4496/4691/4858
f 4465/4704/4827 4505/4703/4867 4366/4557/4704
f 4365/4556/4703 4465/4704/4827 4366/4557/4704
f 4481/4676/4843 4445/4636/4807 4443/4634/4805
f 4480/4675/4842 4481/4676/4843 4443/4634/4805
f 4480/4675/4842 4443/4634/4805 4444/4635/4806
f 4479/4674/4841 4480/4675/4842 4444/4635/4806
f 4479/4674/4841 4444/4635/4806 4478/4673/4840
f 4444/4635/4806 4425/4616/4787 4478/4673/4840
f 4478/4673/4840 4425/4616/4787 4477/4668/4839
f 4425/4616/4787 4423/4614/4785 4477/4668/4839
f 4477/4668/4839 4423/4614/4785 4476/4667/4838
f 4423/4614/4785 4421/4612/4783 4476/4667/4838
f 4476/4667/4838 4421/4612/4783 4475/4666/4837
f 4421/4612/4783 4418/4611/4782 4475/4666/4837
f 4521/4722/4882 4370/4723/4708 4520/4724/4883
f 4520/4724/4883 4522/4725/4884 4521/4722/4882
f 4523/4726/4885 4522/4725/4884 4520/4724/4883
f 4524/4727/4886 4523/4726/4885 4520/4724/4883
f 4523/4726/4885 4524/4727/4886 4525/4728/4887
f 4526/4729/4888 4523/4726/4885 4525/4728/4887
f 4522/4725/4884 4527/4730/4889 4521/4722/4882
f 4528/4731/4890 4526/4729/4888 4525/4728/4887
f 4528/4731/4890 4529/4732/4891 4526/4729/4888
f 4529/4732/4891 4528/4731/4890 4530/4733/4892
f 4529/4732/4891 4530/4733/4892 4531/4734/4893
f 4530/4733/4892 4532/4735/4894 4531/4734/4893
f 4533/4736/4895 4531/4734/4893 4532/4735/4896
f 4534/4737/4897 4533/4736/4895 4532/4735/4896
f 4535/4738/4898 4533/4736/4895 4534/4737/4897
f 4536/4739/4899 4535/4738/4898 4534/4737/4897
f 4528/4731/4890 4537/4740/4900 4530/4733/4892
f 4538/4741/4901 4537/4740/4902 4528/4731/4903
f 4539/4742/4904 4538/4741/4901 4528/4731/4903
f 4536/4739/4899 4538/4741/4905 4539/4742/4906
f 4535/4738/4898 4536/4739/4899 4539/4742/4906
f 4540/4743/4907 4529/4732/4891 4531/4734/4893
f 4541/4744/4908 4529/4732/4891 4540/4743/4907
f 4529/4732/4891 4541/4744/4908 4526/4729/4888
f 4542/4745/4909 4541/4744/4908 4540/4743/4907
f 4542/4745/4909 4540/4743/4907 4543/4746/4910
f 4540/4743/4907 4291/4482/4614 4543/4746/4910
f 4291/4482/4614 4540/4743/4907 4544/4747/4911
f 4544/4747/4911 4540/4743/4907 4531/4734/4893
f 4544/4747/4911 4531/4734/4893 4533/4736/4895
f 4292/4483/4615 4291/4482/4614 4544/4747/4911
f 4543/4746/4912 4291/4482/4614 4545/4748/4913
f 4546/4749/4914 4543/4746/4912 4545/4748/4913
f 4547/4750/4915 4545/4748/4913 4291/4482/4614
f 4545/4748/4913 4547/4750/4915 4548/4751/4916
f 4549/4752/4917 4548/4751/4916 4547/4750/4915
f 4550/4753/4918 4549/4752/4917 4547/4750/4915
f 4547/4750/4915 4551/4754/4919 4550/4753/4918
f 4551/4754/4919 4547/4750/4915 4291/4482/4614
f 4551/4754/4919 4552/4755/4920 4550/4753/4918
f 4550/4753/4918 4552/4755/4920 4553/4756/4921
f 4549/4752/4917 4550/4753/4918 4553/4756/4921
f 4552/4755/4920 4554/4757/4922 4553/4756/4921
f 4555/4758/4923 4545/4748/4913 4548/4751/4916
f 4545/4748/4913 4555/4758/4923 4546/4749/4914
f 4292/4483/4615 4544/4747/4911 4556/4759/4924
f 4295/4486/4618 4292/4483/4615 4556/4759/4924
f 4557/4760/4925 4549/4752/4917 4553/4756/4921
f 4556/4759/4924 4544/4747/4911 4533/4736/4895
f 4297/4488/4620 4295/4486/4618 4556/4759/4924
f 4309/4500/4632 4297/4488/4620 4556/4759/4924
f 4556/4759/4924 4533/4736/4895 4535/4738/4898
f 4309/4500/4632 4556/4759/4924 4535/4738/4898
f 4309/4500/4632 4535/4738/4898 4539/4742/4906
f 4300/4491/4623 4309/4500/4632 4539/4742/4906
f 4558/4761/4926 4300/4491/4623 4539/4742/4906
f 4558/4761/4926 4539/4742/4906 4390/4581/4739
f 4396/4587/4745 4558/4761/4926 4390/4581/4739
f 4558/4761/4926 4396/4587/4745 4382/4573/4746
f 4310/4501/4633 4558/4761/4926 4382/4573/4746
f 4300/4491/4623 4558/4761/4926 4310/4501/4633
f 4388/4579/4735 4390/4581/4737 4539/4742/4927
f 4528/4762/4928 4388/4579/4735 4539/4742/4927
f 4388/4579/4733 4528/4762/4929 4386/4577/4730
f 4528/4762/4929 4525/4763/4930 4386/4577/4730
f 4386/4577/4730 4525/4763/4930 4381/4572/4731
f 4381/4572/4719 4525/4763/4887 4380/4571/4718
f 4525/4763/4887 4524/4764/4886 4380/4571/4718
f 4524/4764/4886 4377/4568/4715 4380/4571/4718
f 4377/4568/4715 4524/4764/4886 4520/4765/4883
f 4371/4562/4709 4377/4568/4715 4520/4765/4883
f 4371/4562/4709 4520/4765/4883 4370/4561/4708
f 4328/4519/4658 4312/4503/4635 4310/4501/4633
f 4312/4503/4635 4328/4519/4658 4314/4505/4637
f 4322/4513/4654 4328/4519/4658 4310/4501/4633
f 4561/4766/4931 4560/4767/4932 4559/4768/4933
f 4562/4769/4934 4561/4766/4931 4559/4768/4933
f 4562/4769/4934 4559/4768/4933 4563/4770/4935
f 4564/4771/4936 4562/4769/4934 4563/4770/4935
f 4565/4772/4937 4563/4770/4935 4559/4768/4933
f 4566/4773/4938 4565/4772/4937 4559/4768/4933
f 4567/4774/4939 4566/4773/4938 4559/4768/4933
f 4568/4775/4940 4567/4774/4939 4559/4768/4933
f 4568/4775/4940 4559/4768/4933 4560/4767/4932
f 4569/4776/4941 4568/4775/4940 4560/4767/4932
f 4565/4772/4937 4570/4777/4942 4563/4770/4935
f 4571/4778/4943 4570/4777/4942 4565/4772/4937
f 4571/4778/4943 4572/4779/4944 4570/4777/4942
f 4572/4779/4944 4573/4780/4945 4570/4777/4942
f 4572/4779/4946 4574/4781/4947 4573/4780/4948
f 4574/4781/4947 4575/4782/4949 4573/4780/4948
f 4572/4779/4950 4571/4778/4943 4576/4783/4951
f 4574/4781/4952 4572/4779/4950 4576/4783/4951
f 4573/4780/4945 4575/4782/4953 4577/4784/4954
f 4578/4785/4955 4573/4780/4945 4577/4784/4954
f 4570/4777/4942 4573/4780/4945 4578/4785/4955
f 4570/4777/4942 4578/4785/4955 4563/4770/4935
f 4564/4771/4936 4563/4770/4935 4578/4785/4955
f 4577/4784/4954 4564/4771/4936 4578/4785/4955
f 4579/4786/4956 4576/4783/4951 4571/4778/4943
f 4580/4787/4957 4579/4786/4956 4571/4778/4943
f 4580/4787/4957 4571/4778/4943 4565/4772/4937
f 4580/4787/4957 4565/4772/4937 4566/4773/4938
f 4581/4788/4958 4576/4783/4951 4579/4786/4956
f 4574/4781/4952 4576/4783/4951 4581/4788/4958
f 4555/4758/4923 4581/4788/4958 4579/4786/4956
f 4581/4788/4958 4555/4758/4923 4582/4789/4959
f 4582/4789/4959 4583/4790/4960 4581/4788/4958
f 4583/4790/4960 4574/4781/4952 4581/4788/4958
f 4574/4781/4947 4583/4790/4961 4575/4782/4949
f 4584/4791/4962 4583/4790/4960 4582/4789/4959
f 4583/4790/4961 4584/4791/4963 4575/4782/4949
f 4585/4792/4964 4584/4791/4962 4582/4789/4959
f 4586/4793/4965 4584/4791/4962 4585/4792/4964
f 4575/4782/4953 4584/4791/4962 4586/4793/4965
f 4577/4784/4954 4575/4782/4953 4586/4793/4965
f 4555/4758/4923 4548/4751/4916 4582/4789/4959
f 4585/4792/4964 4582/4789/4959 4548/4751/4916
f 4586/4793/4965 4585/4792/4964 4549/4752/4917
f 4549/4752/4917 4585/4792/4964 4548/4751/4916
f 4557/4760/4925 4586/4793/4965 4549/4752/4917
f 4586/4793/4965 4557/4760/4925 4564/4771/4936
f 4577/4784/4954 4586/4793/4965 4564/4771/4936
f 4564/4771/4936 4557/4760/4925 4562/4769/4934
f 4557/4760/4925 4553/4756/4921 4562/4769/4934
f 4553/4756/4921 4554/4757/4922 4562/4769/4934
f 4554/4757/4922 4561/4766/4931 4562/4769/4934
f 4561/4766/4931 4554/4757/4922 4279/4470/4602
f 4554/4757/4922 4290/4481/4613 4279/4470/4602
f 4289/4480/4612 4290/4481/4613 4554/4757/4922
f 4552/4755/4920 4289/4480/4612 4554/4757/4922
f 4289/4480/4612 4552/4755/4920 4288/4479/4611
f 4552/4755/4920 4551/4754/4919 4288/4479/4611
f 4288/4479/4611 4551/4754/4919 4291/4482/4614
f 4561/4766/4931 4279/4470/4602 4560/4767/4932
f 4279/4470/4602 4278/4469/4601 4560/4767/4932
f 4569/4776/4941 4560/4767/4932 4278/4469/4601
f 4361/4672/4699 4569/4776/4941 4278/4469/4601
f 4569/4776/4941 4361/4672/4699 4359/4794/4697
f 4370/4723/4708 4569/4776/4941 4359/4794/4697
f 4370/4723/4708 4521/4722/4882 4569/4776/4941
f 4521/4722/4882 4568/4775/4940 4569/4776/4941
f 4521/4722/4882 4527/4730/4889 4568/4775/4940
f 4527/4730/4889 4567/4774/4939 4568/4775/4940
f 4566/4773/4938 4567/4774/4939 4527/4730/4889
f 4587/4795/4966 4566/4773/4938 4527/4730/4889
f 4587/4795/4966 4527/4730/4889 4522/4725/4884
f 4588/4796/4967 4587/4795/4966 4522/4725/4884
f 4587/4795/4966 4588/4796/4967 4543/4746/4912
f 4546/4749/4914 4587/4795/4966 4543/4746/4912
f 4542/4745/4909 4543/4746/4910 4588/4796/4968
f 4541/4744/4908 4542/4745/4909 4588/4796/4968
f 4588/4796/4968 4522/4725/4884 4523/4726/4885
f 4541/4744/4908 4588/4796/4968 4523/4726/4885
f 4541/4744/4908 4523/4726/4885 4526/4729/4888
f 4546/4749/4914 4579/4786/4956 4587/4795/4966
f 4555/4758/4923 4579/4786/4956 4546/4749/4914
f 4579/4786/4956 4580/4787/4957 4587/4795/4966
f 4587/4795/4966 4580/4787/4957 4566/4773/4938
f 4591/4797/4969 4590/4798/4970 4589/4799/4971
f 4592/4800/4972 4591/4797/4969 4589/4799/4971
f 4593/4801/4973 4589/4799/4971 4590/4798/4970
f 4594/4802/4974 4589/4799/4971 4593/4801/4973
f 4592/4800/4972 4589/4799/4971 4594/4802/4974
f 4595/4803/4975 4594/4802/4974 4593/4801/4973
f 4595/4803/4975 4593/4801/4976 4596/4804/4977
f 4597/4805/4978 4595/4803/4975 4596/4804/4977
f 4598/4806/4979 4593/4801/4973 4590/4798/4970
f 4598/4806/4979 4590/4798/4970 4599/4807/4980
f 4598/4806/4979 4599/4807/4980 4600/4808/4981
f 4601/4809/4982 4598/4806/4979 4600/4808/4981
f 4593/4801/4976 4598/4806/4979 4601/4809/4982
f 4596/4804/4977 4593/4801/4976 4601/4809/4982
f 4596/4804/4977 4601/4809/4982 4602/4810/4983
f 4601/4809/4982 4603/4811/4984 4602/4810/4983
f 4603/4811/4984 4601/4809/4982 4600/4808/4981
f 4590/4798/4970 4604/4812/4985 4599/4807/4980
f 4599/4807/4980 4604/4812/4985 4605/4813/4986
f 4606/4814/4987 4599/4807/4980 4605/4813/4986
f 4607/4815/4988 4606/4814/4987 4605/4813/4986
f 4608/4816/4989 4607/4815/4988 4605/4813/4986
f 4607/4815/4990 4608/4816/4991 4609/4817/4992
f 4603/4811/4993 4610/4818/4994 4609/4817/4992
f 4610/4818/4995 4603/4811/4984 4600/4808/4981
f 4611/4819/4996 4603/4811/4993 4609/4817/4992
f 4608/4816/4991 4612/4820/4997 4609/4817/4992
f 4612/4820/4998 4608/4816/4989 4605/4813/4986
f 4604/4812/4985 4612/4820/4998 4605/4813/4986
f 4613/4821/4999 4607/4815/4990 4609/4817/4992
f 4610/4818/4994 4613/4821/4999 4609/4817/4992
f 4610/4818/4995 4600/4808/4981 4613/4821/5000
f 4606/4814/4987 4607/4815/5001 4613/4821/5000
f 4600/4808/4981 4614/4822/5002 4613/4821/5000
f 4599/4807/4980 4606/4814/4987 4614/4822/5002
f 4600/4808/4981 4599/4807/4980 4614/4822/5002
f 4614/4822/5002 4606/4814/4987 4613/4821/5000
f 4603/4811/4993 4611/4819/4996 4615/4823/5003
f 4602/4810/5004 4603/4811/4993 4615/4823/5003
f 4615/4823/5003 4611/4819/4996 4592/4800/5005
f 4611/4819/4996 4591/4797/5006 4592/4800/5005
f 4591/4797/5006 4611/4819/4996 4609/4817/4992
f 4612/4820/4997 4591/4797/5006 4609/4817/4992
f 4592/4800/5005 4616/4824/5007 4615/4823/5003
f 4616/4824/5008 4592/4800/4972 4594/4802/4974
f 4594/4802/4974 4534/4737/4897 4616/4824/5008
f 4534/4737/4897 4532/4735/4896 4616/4824/5008
f 4617/4825/5009 4616/4824/5007 4532/4735/4894
f 4616/4824/5007 4617/4825/5009 4615/4823/5003
f 4530/4733/4892 4617/4825/5009 4532/4735/4894
f 4534/4737/4897 4594/4802/4974 4595/4803/4975
f 4536/4739/4899 4534/4737/4897 4595/4803/4975
f 4618/4826/5010 4617/4825/5009 4530/4733/4892
f 4615/4823/5003 4617/4825/5009 4618/4826/5010
f 4537/4740/4900 4618/4826/5010 4530/4733/4892
f 4597/4805/5011 4618/4826/5012 4537/4740/4902
f 4538/4741/4901 4597/4805/5011 4537/4740/4902
f 4595/4803/4975 4597/4805/4978 4538/4741/4905
f 4536/4739/4899 4595/4803/4975 4538/4741/4905
f 4602/4810/5004 4615/4823/5003 4618/4826/5010
f 4596/4804/4977 4602/4810/4983 4618/4826/5012
f 4597/4805/5011 4596/4804/4977 4618/4826/5012
f 4590/4798/4970 4591/4797/4969 4612/4820/4998
f 4604/4812/4985 4590/4798/4970 4612/4820/4998
f 4447/4638/4809 4501/4696/4863 4508/4709/4870
f 4365/4669/4703 4474/4665/4836 4465/4656/4827
f 4621/4827/5013 4620/4828/5014 4619/4829/5015
f 4622/4830/5016 4621/4827/5013 4619/4829/5015
f 4621/4827/5013 4623/4831/5017 4620/4828/5014
f 4623/4831/5017 4624/4832/5018 4620/4828/5014
f 4623/4831/5017 4625/4833/5019 4624/4832/5018
f 4625/4833/5019 4626/4834/5020 4624/4832/5018
f 4625/4833/5019 4627/4835/5021 4626/4834/5020
f 4627/4835/5021 4628/4836/5022 4626/4834/5020
f 4622/4830/5016 4619/4829/5015 4629/4837/5023
f 4630/4838/5024 4622/4830/5016 4629/4837/5023
f 4630/4838/5024 4629/4837/5023 4631/4839/5025
f 4632/4840/5026 4630/4838/5024 4631/4839/5025
f 4632/4840/5026 4631/4839/5025 4633/4841/5027
f 4634/4842/5028 4632/4840/5026 4633/4841/5027
f 4634/4842/5028 4633/4841/5027 4635/4843/5029
f 4636/4844/5030 4634/4842/5028 4635/4843/5029
f 4636/4844/5030 4635/4843/5029 4637/4845/5031
f 4638/4846/5032 4636/4844/5030 4637/4845/5031
f 4638/4846/5032 4637/4845/5031 4628/4847/5022
f 4627/4848/5021 4638/4846/5032 4628/4847/5022
f 4639/4849/5033 4636/4844/5030 4638/4846/5032
f 4640/4850/5034 4639/4849/5033 4638/4846/5032
f 4640/4850/5034 4638/4846/5032 4627/4848/5021
f 4641/4851/5035 4639/4849/5033 4640/4850/5034
f 4642/4852/5036 4641/4851/5035 4640/4850/5034
f 4643/4853/5037 4642/4852/5036 4640/4850/5034
f 4644/4854/5038 4643/4853/5037 4640/4850/5034
f 4644/4854/5038 4640/4850/5034 4627/4848/5021
f 4641/4851/5035 4645/4855/5039 4639/4849/5033
f 4645/4855/5039 4646/4856/5040 4639/4849/5033
f 4646/4856/5040 4634/4842/5028 4636/4844/5030
f 4639/4849/5033 4646/4856/5040 4636/4844/5030
f 4645/4855/5039 4647/4857/5041 4646/4856/5040
f 4647/4857/5041 4648/4858/5042 4646/4856/5040
f 4648/4858/5042 4647/4857/5041 4649/4859/5043
f 4650/4860/5044 4648/4858/5042 4649/4859/5043
f 4651/4861/5045 4642/4852/5036 4643/4853/5037
f 4652/4862/5046 4651/4861/5045 4643/4853/5037
f 4653/4863/5047 4641/4851/5035 4642/4852/5036
f 4651/4861/5045 4653/4863/5047 4642/4852/5036
f 4654/4864/5048 4645/4855/5039 4641/4851/5035
f 4653/4863/5047 4654/4864/5048 4641/4851/5035
f 4655/4865/5049 4647/4857/5041 4645/4855/5039
f 4654/4864/5048 4655/4865/5049 4645/4855/5039
f 4649/4859/5043 4647/4857/5041 4655/4865/5049
f 4656/4866/5050 4649/4859/5043 4655/4865/5049
f 4657/4867/5051 4650/4860/5044 4649/4859/5043
f 4658/4868/5052 4657/4867/5051 4649/4859/5043
f 4646/4856/5040 4648/4858/5042 4634/4842/5028
f 4648/4858/5042 4632/4840/5026 4634/4842/5028
f 4648/4858/5042 4650/4860/5044 4632/4840/5026
f 4659/4869/5053 4656/4866/5050 4655/4865/5049
f 4659/4869/5053 4660/4870/5054 4656/4866/5050
f 4660/4870/5054 4661/4871/5055 4656/4866/5050
f 4661/4871/5055 4658/4868/5052 4649/4859/5043
f 4656/4866/5050 4661/4871/5055 4649/4859/5043
f 4660/4870/5054 4662/4872/5056 4661/4871/5055
f 4662/4872/5056 4663/4873/5057 4661/4871/5055
f 4658/4868/5052 4661/4871/5055 4663/4873/5057
f 4662/4872/5056 4664/4874/5058 4663/4873/5057
f 4664/4874/5058 4665/4875/5059 4663/4873/5057
f 4666/4876/5060 4663/4873/5057 4665/4875/5059
f 4666/4876/5060 4658/4868/5052 4663/4873/5057
f 4657/4867/5051 4658/4868/5052 4666/4876/5060
f 4667/4877/5061 4666/4876/5060 4665/4875/5059
f 4667/4877/5061 4665/4875/5059 4668/4878/5062
f 4669/4879/5063 4667/4877/5061 4668/4878/5062
f 4643/4880/5037 4669/4879/5063 4668/4878/5062
f 4669/4879/5063 4643/4880/5037 4670/4881/5064
f 4643/4880/5037 4644/4882/5038 4670/4881/5064
f 4652/4883/5046 4643/4880/5037 4668/4878/5062
f 4671/4884/5065 4668/4878/5062 4665/4875/5059
f 4664/4874/5058 4671/4884/5065 4665/4875/5059
f 4652/4883/5046 4668/4878/5062 4671/4884/5065
f 4672/4885/5066 4652/4883/5046 4671/4884/5065
f 4673/4886/5067 4666/4876/5060 4667/4877/5061
f 4673/4886/5067 4657/4867/5051 4666/4876/5060
f 4657/4867/5051 4673/4886/5067 4622/4830/5016
f 4673/4886/5067 4621/4827/5013 4622/4830/5016
f 4673/4886/5067 4674/4887/5068 4621/4827/5013
f 4674/4887/5068 4673/4886/5067 4667/4877/5061
f 4674/4887/5068 4667/4877/5061 4669/4879/5063
f 4670/4881/5064 4674/4887/5068 4669/4879/5063
f 4674/4887/5068 4623/4831/5017 4621/4827/5013
f 4674/4887/5068 4670/4881/5064 4623/4831/5017
f 4670/4881/5064 4625/4833/5019 4623/4831/5017
f 4670/4881/5064 4644/4882/5038 4625/4833/5019
f 4675/4888/5069 4672/4885/5066 4671/4884/5065
f 4676/4889/5070 4675/4888/5069 4671/4884/5065
f 4677/4890/5071 4675/4888/5069 4676/4889/5070
f 4678/4891/5072 4677/4890/5071 4676/4889/5070
f 4678/4891/5072 4676/4889/5070 4679/4892/5073
f 4680/4893/5074 4678/4891/5072 4679/4892/5073
f 4680/4893/5074 4679/4892/5073 4681/4894/5075
f 4682/4895/5076 4680/4893/5074 4681/4894/5075
f 4682/4895/5076 4681/4894/5075 4683/4896/5077
f 4684/4897/5078 4682/4895/5076 4683/4896/5077
f 4684/4897/5078 4683/4896/5077 4685/4898/5079
f 4686/4899/5080 4684/4897/5078 4685/4898/5079
f 4686/4899/5080 4685/4898/5079 4687/4900/5081
f 4688/4901/5082 4686/4899/5080 4687/4900/5081
f 4688/4901/5082 4687/4900/5081 4689/4902/5083
f 4690/4903/5084 4688/4901/5082 4689/4902/5083
f 4690/4903/5084 4689/4902/5083 4691/4904/5085
f 4692/4905/5086 4690/4903/5084 4691/4904/5085
f 4692/4905/5086 4691/4904/5085 4693/4906/5087
f 4694/4907/5088 4692/4905/5086 4693/4906/5087
f 4694/4907/5088 4693/4906/5087 4675/4908/5069
f 4677/4909/5071 4694/4907/5088 4675/4908/5069
f 4685/4898/5079 4683/4896/5077 4659/4869/5053
f 4683/4896/5077 4660/4870/5054 4659/4869/5053
f 4685/4898/5079 4659/4869/5053 4695/4910/5089
f 4687/4900/5081 4685/4898/5079 4695/4910/5089
f 4695/4910/5089 4659/4869/5053 4655/4865/5049
f 4695/4910/5089 4655/4865/5049 4654/4864/5048
f 4696/4911/5090 4695/4910/5089 4654/4864/5048
f 4687/4900/5081 4695/4910/5089 4696/4911/5090
f 4689/4902/5083 4687/4900/5081 4696/4911/5090
f 4696/4911/5090 4654/4864/5048 4653/4863/5047
f 4697/4912/5091 4696/4911/5090 4653/4863/5047
f 4689/4902/5083 4696/4911/5090 4697/4912/5091
f 4691/4904/5085 4689/4902/5083 4697/4912/5091
f 4697/4912/5091 4653/4863/5047 4651/4861/5045
f 4698/4913/5092 4697/4912/5091 4651/4861/5045
f 4691/4904/5085 4697/4912/5091 4698/4913/5092
f 4693/4906/5087 4691/4904/5085 4698/4913/5092
f 4698/4913/5092 4651/4861/5045 4652/4862/5046
f 4672/4914/5066 4698/4913/5092 4652/4862/5046
f 4693/4906/5087 4698/4913/5092 4672/4914/5066
f 4675/4908/5069 4693/4906/5087 4672/4914/5066
f 4681/4894/5075 4662/4872/5056 4660/4870/5054
f 4681/4894/5075 4679/4892/5073 4662/4872/5056
f 4679/4892/5073 4664/4874/5058 4662/4872/5056
f 4679/4892/5073 4676/4889/5070 4664/4874/5058
f 4676/4889/5070 4671/4884/5065 4664/4874/5058
f 4683/4896/5077 4681/4894/5075 4660/4870/5054
f 4629/4837/5023 4700/4915/5093 4699/4916/5094
f 4631/4839/5025 4629/4837/5023 4699/4916/5094
f 4629/4837/5023 4619/4829/5015 4700/4915/5093
f 4619/4829/5015 4701/4917/5095 4700/4915/5093
f 4619/4829/5015 4620/4828/5014 4701/4917/5095
f 4620/4828/5014 4702/4918/5096 4701/4917/5095
f 4620/4828/5014 4624/4832/5018 4702/4918/5096
f 4624/4832/5018 4703/4919/5097 4702/4918/5096
f 4624/4832/5018 4626/4834/5020 4703/4919/5097
f 4626/4834/5020 4704/4920/5098 4703/4919/5097
f 4626/4834/5020 4628/4836/5022 4704/4920/5098
f 4628/4836/5022 4705/4921/5099 4704/4920/5098
f 4631/4839/5025 4699/4916/5094 4706/4922/5100
f 4633/4841/5027 4631/4839/5025 4706/4922/5100
f 4633/4841/5027 4706/4922/5100 4707/4923/5101
f 4635/4843/5029 4633/4841/5027 4707/4923/5101
f 4635/4843/5029 4707/4923/5101 4708/4924/5102
f 4637/4845/5031 4635/4843/5029 4708/4924/5102
f 4637/4845/5031 4708/4924/5102 4705/4925/5099
f 4628/4847/5022 4637/4845/5031 4705/4925/5099
f 4650/4860/5044 4630/4838/5024 4632/4840/5026
f 4622/4830/5016 4630/4838/5024 4650/4860/5044
f 4657/4867/5051 4622/4830/5016 4650/4860/5044
f 4644/4882/5038 4627/4835/5021 4625/4833/5019
f 4711/4926/5103 4710/4927/5103 4709/4928/5104
f 4712/4929/5104 4711/4926/5103 4709/4928/5104
f 4713/4930/5104 4712/4929/5104 4709/4928/5104
f 4714/4931/5104 4713/4930/5104 4709/4928/5104
f 4715/4932/5105 4713/4930/5104 4714/4931/5104
f 4716/4933/5105 4715/4932/5105 4714/4931/5104
f 4717/4934/5106 4715/4932/5105 4716/4933/5105
f 4718/4935/5106 4717/4934/5106 4716/4933/5105
f 4719/4936/5107 4717/4934/5106 4718/4935/5106
f 4720/4937/5107 4719/4936/5107 4718/4935/5106
f 4720/4937/5107 4718/4935/5106 4721/4938/5108
f 4722/4939/5107 4720/4937/5107 4721/4938/5108
f 4718/4935/5106 4716/4933/5105 4723/4940/5109
f 4721/4938/5108 4718/4935/5106 4723/4940/5109
f 4716/4933/5105 4714/4931/5104 4724/4941/5110
f 4723/4940/5109 4716/4933/5105 4724/4941/5110
f 4714/4931/5104 4709/4928/5104 4725/4942/5111
f 4724/4941/5110 4714/4931/5104 4725/4942/5111
f 4713/4930/5104 4726/4943/5110 4712/4929/5104
f 4726/4943/5110 4713/4930/5104 4715/4932/5105
f 4726/4943/5110 4727/4944/5111 4712/4929/5104
f 4728/4945/5109 4726/4943/5110 4715/4932/5105
f 4728/4945/5109 4715/4932/5105 4717/4934/5106
f 4729/4946/5108 4728/4945/5109 4717/4934/5106
f 4729/4946/5108 4717/4934/5106 4719/4936/5107
f 4730/4947/5107 4729/4946/5108 4719/4936/5107
f 4709/4928/5104 4710/4927/5103 4725/4942/5111
f 4710/4927/5103 4731/4948/5103 4725/4942/5111
f 4731/4948/5103 4710/4927/5103 4711/4926/5103
f 4732/4949/5103 4731/4948/5103 4711/4926/5103
f 4732/4949/5103 4711/4926/5103 4712/4929/5104
f 4727/4944/5111 4732/4949/5103 4712/4929/5104
f 4735/4950/5112 4734/4951/5113 4733/4952/5114
f 4736/4953/5115 4735/4950/5112 4733/4952/5114
f 4735/4950/5112 4737/4954/5116 4734/4951/5113
f 4737/4954/5116 4738/4955/5117 4734/4951/5113
f 4736/4953/5115 4733/4952/5114 4739/4956/5118
f 4740/4957/5119 4736/4953/5115 4739/4956/5118
f 4740/4957/5119 4739/4956/5118 4741/4958/5120
f 4742/4959/5121 4740/4957/5119 4741/4958/5120
f 4743/4960/5122 4735/4950/5112 4736/4953/5115
f 4744/4961/5123 4743/4960/5122 4736/4953/5115
f 4744/4961/5123 4736/4953/5115 4740/4957/5119
f 4745/4962/5124 4737/4954/5116 4735/4950/5112
f 4743/4960/5122 4745/4962/5124 4735/4950/5112
f 4746/4963/5125 4740/4957/5119 4742/4959/5121
f 4746/4963/5125 4744/4961/5123 4740/4957/5119
f 4747/4964/5126 4746/4963/5125 4742/4959/5121
f 4748/4965/5127 4743/4960/5122 4744/4961/5123
f 4749/4966/5128 4748/4965/5127 4744/4961/5123
f 4749/4966/5128 4744/4961/5123 4746/4963/5125
f 4750/4967/5129 4745/4962/5124 4743/4960/5122
f 4748/4965/5127 4750/4967/5129 4743/4960/5122
f 4751/4968/5130 4746/4963/5125 4747/4964/5126
f 4751/4968/5130 4749/4966/5128 4746/4963/5125
f 4752/4969/5131 4751/4968/5130 4747/4964/5126
f 4753/4970/5132 4748/4965/5127 4749/4966/5128
f 4754/4971/5133 4753/4970/5132 4749/4966/5128
f 4754/4971/5133 4749/4966/5128 4751/4968/5130
f 4755/4972/5134 4750/4967/5129 4748/4965/5127
f 4753/4970/5132 4755/4972/5134 4748/4965/5127
f 4756/4973/5135 4754/4971/5133 4751/4968/5130
f 4756/4973/5135 4751/4968/5130 4752/4969/5131
f 4753/4970/5132 4754/4971/5133 4757/4974/5136
f 4753/4970/5132 4757/4974/5136 4755/4972/5134
f 4754/4971/5133 4758/4975/5137 4757/4974/5136
f 4758/4975/5137 4754/4971/5133 4756/4973/5135
f 4759/4976/5138 4758/4975/5137 4756/4973/5135
f 4757/4974/5136 4760/4977/5139 4755/4972/5134
f 4752/4969/5131 4747/4964/5126 4761/4978/5140
f 4762/4979/5141 4752/4969/5131 4761/4978/5140
f 4762/4979/5141 4763/4980/5142 4752/4969/5131
f 4763/4980/5142 4764/4981/5143 4752/4969/5131
f 4764/4981/5143 4756/4973/5135 4752/4969/5131
f 4763/4980/5142 4765/4982/5144 4764/4981/5143
f 4765/4982/5144 4766/4983/5145 4764/4981/5143
f 4766/4983/5145 4759/4976/5138 4756/4973/5135
f 4764/4981/5143 4766/4983/5145 4756/4973/5135
f 4765/4982/5144 4763/4980/5142 4767/4984/5146
f 4763/4980/5142 4768/4985/5147 4767/4984/5146
f 4767/4984/5146 4768/4985/5147 4769/4986/5148
f 4770/4987/5149 4767/4984/5146 4769/4986/5148
f 4771/4988/5150 4769/4986/5148 4768/4985/5147
f 4772/4989/5151 4771/4988/5150 4768/4985/5147
f 4768/4985/5147 4773/4990/5152 4772/4989/5151
f 4773/4990/5152 4768/4985/5147 4763/4980/5142
f 4762/4979/5141 4773/4990/5152 4763/4980/5142
f 4773/4990/5152 4774/4991/5153 4772/4989/5151
f 4774/4991/5153 4773/4990/5152 4775/4992/5154
f 4762/4979/5141 4761/4978/5140 4775/4992/5154
f 4773/4990/5152 4762/4979/5141 4775/4992/5154
f 4776/4993/5155 4774/4991/5153 4775/4992/5154
f 4776/4993/5155 4775/4992/5154 4777/4994/5156
f 4778/4995/5157 4776/4993/5155 4777/4994/5156
f 4778/4995/5157 4777/4994/5156 4779/4996/5158
f 4780/4997/5159 4778/4995/5157 4779/4996/5158
f 4781/4998/5160 4778/4995/5157 4780/4997/5159
f 4782/4999/5161 4781/4998/5160 4780/4997/5159
f 4783/5000/5162 4776/4993/5155 4778/4995/5157
f 4781/4998/5160 4783/5000/5162 4778/4995/5157
f 4784/5001/5163 4774/4991/5153 4776/4993/5155
f 4783/5000/5162 4784/5001/5163 4776/4993/5155
f 4774/4991/5153 4784/5001/5163 4772/4989/5151
f 4785/5002/5164 4781/4998/5160 4782/4999/5161
f 4786/5003/5165 4785/5002/5164 4782/4999/5161
f 4785/5002/5164 4786/5003/5165 4787/5004/5166
f 4788/5005/5167 4785/5002/5164 4787/5004/5166
f 4788/5005/5167 4787/5004/5166 4789/5006/5168
f 4790/5007/5169 4788/5005/5167 4789/5006/5168
f 4791/5008/5170 4788/5005/5167 4790/5007/5169
f 4792/5009/5171 4791/5008/5170 4790/5007/5169
f 4793/5010/5172 4785/5002/5164 4788/5005/5167
f 4791/5008/5170 4793/5010/5172 4788/5005/5167
f 4793/5010/5172 4783/5000/5162 4781/4998/5160
f 4785/5002/5164 4793/5010/5172 4781/4998/5160
f 4794/5011/5173 4791/5008/5170 4792/5009/5171
f 4795/5012/5174 4794/5011/5173 4792/5009/5171
f 4796/5013/5175 4793/5010/5172 4791/5008/5170
f 4794/5011/5173 4796/5013/5175 4791/5008/5170
f 4796/5013/5175 4784/5001/5163 4783/5000/5162
f 4793/5010/5172 4796/5013/5175 4783/5000/5162
f 4797/5014/5176 4794/5011/5173 4795/5012/5174
f 4796/5013/5175 4794/5011/5173 4797/5014/5176
f 4798/5015/5177 4797/5014/5176 4795/5012/5174
f 4799/5016/5178 4784/5001/5163 4796/5013/5175
f 4797/5014/5176 4799/5016/5178 4796/5013/5175
f 4800/5017/5179 4799/5016/5178 4797/5014/5176
f 4798/5015/5177 4800/5017/5179 4797/5014/5176
f 4799/5016/5178 4800/5017/5179 4772/4989/5151
f 4784/5001/5163 4799/5016/5178 4772/4989/5151
f 4800/5017/5179 4771/4988/5150 4772/4989/5151
f 4801/5018/5180 4798/5015/5177 4795/5012/5174
f 4802/5019/5181 4801/5018/5180 4795/5012/5174
f 4802/5019/5181 4795/5012/5174 4792/5009/5171
f 4803/5020/5182 4802/5019/5181 4792/5009/5171
f 4803/5020/5182 4792/5009/5171 4790/5007/5169
f 4804/5021/5183 4803/5020/5182 4790/5007/5169
f 4804/5021/5183 4790/5007/5169 4789/5006/5168
f 4805/5022/5184 4804/5021/5183 4789/5006/5168
f 4804/5021/5183 4805/5022/5184 4806/5023/5185
f 4807/5024/5186 4804/5021/5183 4806/5023/5185
f 4807/5024/5186 4806/5023/5185 4808/5025/5187
f 4809/5026/5188 4807/5024/5186 4808/5025/5187
f 4810/5027/5189 4807/5024/5186 4809/5026/5188
f 4811/5028/5190 4810/5027/5189 4809/5026/5188
f 4812/5029/5191 4810/5027/5189 4811/5028/5190
f 4813/5030/5192 4812/5029/5191 4811/5028/5190
f 4813/5030/5192 4814/5031/5193 4812/5029/5191
f 4809/5026/5188 4808/5025/5187 4815/5032/5194
f 4808/5025/5187 4816/5033/5195 4815/5032/5194
f 4815/5032/5194 4816/5033/5195 4817/5034/5196
f 4816/5033/5195 4818/5035/5197 4817/5034/5196
f 4817/5034/5196 4818/5035/5197 4819/5036/5198
f 4818/5035/5197 4820/5037/5199 4819/5036/5198
f 4819/5036/5198 4820/5037/5199 4821/5038/5200
f 4822/5039/5201 4819/5036/5198 4821/5038/5200
f 4823/5040/5202 4819/5036/5198 4822/5039/5201
f 4817/5034/5196 4819/5036/5198 4823/5040/5202
f 4824/5041/5203 4823/5040/5202 4822/5039/5201
f 4825/5042/5204 4823/5040/5202 4824/5041/5203
f 4826/5043/5205 4825/5042/5204 4824/5041/5203
f 4825/5042/5204 4826/5043/5205 4827/5044/5206
f 4828/5045/5207 4825/5042/5204 4827/5044/5206
f 4829/5046/5208 4828/5045/5207 4827/5044/5206
f 4830/5047/5209 4829/5046/5208 4827/5044/5206
f 4831/5048/5210 4817/5034/5196 4823/5040/5202
f 4831/5048/5210 4823/5040/5202 4825/5042/5204
f 4832/5049/5211 4831/5048/5210 4825/5042/5204
f 4815/5032/5194 4817/5034/5196 4831/5048/5210
f 4833/5050/5212 4815/5032/5194 4831/5048/5210
f 4833/5050/5212 4831/5048/5210 4832/5049/5211
f 4834/5051/5213 4833/5050/5212 4832/5049/5211
f 4809/5026/5188 4815/5032/5194 4833/5050/5212
f 4811/5028/5190 4809/5026/5188 4833/5050/5212
f 4811/5028/5190 4833/5050/5212 4834/5051/5213
f 4813/5030/5192 4811/5028/5190 4834/5051/5213
f 4834/5051/5213 4835/5052/5214 4813/5030/5192
f 4835/5052/5214 4814/5031/5193 4813/5030/5192
f 4814/5031/5193 4835/5052/5214 4836/5053/5215
f 4801/5018/5180 4814/5031/5193 4836/5053/5215
f 4837/5054/5216 4835/5052/5214 4834/5051/5213
f 4832/5049/5211 4837/5054/5216 4834/5051/5213
f 4835/5052/5214 4837/5054/5216 4836/5053/5215
f 4825/5042/5204 4828/5045/5207 4837/5054/5216
f 4832/5049/5211 4825/5042/5204 4837/5054/5216
f 4837/5054/5216 4838/5055/5217 4836/5053/5215
f 4814/5031/5193 4801/5018/5180 4802/5019/5181
f 4812/5029/5191 4814/5031/5193 4802/5019/5181
f 4812/5029/5191 4802/5019/5181 4810/5027/5189
f 4802/5019/5181 4803/5020/5182 4810/5027/5189
f 4810/5027/5189 4803/5020/5182 4807/5024/5186
f 4803/5020/5182 4804/5021/5183 4807/5024/5186
f 4837/5054/5216 4828/5045/5207 4838/5055/5217
f 4828/5045/5207 4839/5056/5218 4838/5055/5217
f 4828/5045/5207 4829/5046/5208 4839/5056/5218
f 4829/5046/5208 4840/5057/5219 4839/5056/5218
f 4836/5053/5215 4838/5055/5217 4771/4988/5150
f 4800/5017/5179 4836/5053/5215 4771/4988/5150
f 4839/5056/5218 4840/5057/5219 4770/4987/5149
f 4769/4986/5148 4839/5056/5218 4770/4987/5149
f 4838/5055/5217 4839/5056/5218 4769/4986/5148
f 4771/4988/5150 4838/5055/5217 4769/4986/5148
f 4843/5058/5220 4842/5059/5221 4841/5060/5222
f 4844/5061/5223 4843/5058/5220 4841/5060/5222
f 4843/5058/5220 4845/5062/5224 4842/5059/5221
f 4845/5062/5224 4846/5063/5225 4842/5059/5221
f 4847/5064/5226 4843/5058/5220 4844/5061/5223
f 4848/5065/5227 4847/5064/5226 4844/5061/5223
f 4849/5066/5228 4845/5062/5224 4843/5058/5220
f 4847/5064/5226 4849/5066/5228 4843/5058/5220
f 4850/5067/5229 4847/5064/5226 4848/5065/5227
f 4851/5068/5230 4850/5067/5229 4848/5065/5227
f 4852/5069/5231 4849/5066/5228 4847/5064/5226
f 4850/5067/5229 4852/5069/5231 4847/5064/5226
f 4853/5070/5232 4850/5067/5229 4851/5068/5230
f 4854/5071/5233 4853/5070/5232 4851/5068/5230
f 4855/5072/5234 4852/5069/5231 4850/5067/5229
f 4853/5070/5232 4855/5072/5234 4850/5067/5229
f 4854/5071/5233 4856/5073/5235 4853/5070/5232
f 4856/5073/5235 4854/5071/5233 4857/5074/5236
f 4854/5071/5233 4851/5068/5230 4857/5074/5236
f 4858/5075/5237 4856/5073/5235 4857/5074/5236
f 4856/5073/5235 4859/5076/5238 4853/5070/5232
f 4860/5077/5239 4855/5072/5234 4853/5070/5232
f 4859/5076/5238 4860/5077/5239 4853/5070/5232
f 4855/5072/5234 4860/5077/5239 4861/5078/5240
f 4862/5079/5241 4855/5072/5234 4861/5078/5240
f 4855/5072/5234 4862/5079/5241 4852/5069/5231
f 4851/5068/5230 4848/5065/5227 4863/5080/5242
f 4851/5068/5230 4863/5080/5242 4857/5074/5236
f 4848/5065/5227 4864/5081/5243 4863/5080/5242
f 4848/5065/5227 4844/5061/5223 4864/5081/5243
f 4844/5061/5223 4865/5082/5244 4864/5081/5243
f 4844/5061/5223 4841/5060/5222 4865/5082/5244
f 4841/5060/5222 4866/5083/5245 4865/5082/5244
f 4862/5079/5241 4861/5078/5240 4830/5047/5209
f 4827/5044/5206 4862/5079/5241 4830/5047/5209
f 4862/5079/5241 4827/5044/5206 4867/5084/5246
f 4862/5079/5241 4867/5084/5246 4852/5069/5231
f 4852/5069/5231 4867/5084/5246 4849/5066/5228
f 4867/5084/5246 4868/5085/5247 4849/5066/5228
f 4849/5066/5228 4868/5085/5247 4845/5062/5224
f 4868/5085/5247 4869/5086/5248 4845/5062/5224
f 4845/5062/5224 4869/5086/5248 4846/5063/5225
f 4869/5086/5248 4870/5087/5249 4846/5063/5225
f 4827/5044/5206 4826/5043/5205 4867/5084/5246
f 4867/5084/5246 4826/5043/5205 4868/5085/5247
f 4826/5043/5205 4824/5041/5203 4868/5085/5247
f 4868/5085/5247 4824/5041/5203 4869/5086/5248
f 4824/5041/5203 4822/5039/5201 4869/5086/5248
f 4869/5086/5248 4822/5039/5201 4870/5087/5249
f 4822/5039/5201 4821/5038/5200 4870/5087/5249
f 4866/5083/5245 4738/4955/5117 4865/5082/5244
f 4738/4955/5117 4737/4954/5116 4865/5082/5244
f 4865/5082/5244 4737/4954/5116 4864/5081/5243
f 4737/4954/5116 4745/4962/5124 4864/5081/5243
f 4864/5081/5243 4745/4962/5124 4863/5080/5242
f 4745/4962/5124 4750/4967/5129 4863/5080/5242
f 4863/5080/5242 4750/4967/5129 4857/5074/5236
f 4750/4967/5129 4755/4972/5134 4857/5074/5236
f 4857/5074/5236 4755/4972/5134 4858/5075/5237
f 4755/4972/5134 4760/4977/5139 4858/5075/5237
f 4873/5088/5250 4872/5089/5251 4871/5090/5252
f 4873/5088/5253 4871/5090/5254 4874/5091/5255
f 4873/5088/5253 4874/5091/5255 4875/5092/5256
f 4875/5092/5256 4874/5091/5255 4876/5093/5257
f 4874/5091/5255 4877/5094/5258 4876/5093/5257
f 4876/5093/5257 4877/5094/5258 4878/5095/5259
f 4877/5094/5258 4879/5096/5260 4878/5095/5259
f 4878/5095/5259 4879/5096/5260 4830/5097/5209
f 4879/5096/5260 4829/5098/5208 4830/5097/5209
f 4879/5096/5260 4880/5099/5261 4829/5098/5208
f 4880/5099/5261 4840/5100/5262 4829/5098/5208
f 4881/5101/5263 4880/5099/5261 4879/5096/5260
f 4877/5094/5258 4881/5101/5263 4879/5096/5260
f 4882/5102/5264 4881/5101/5263 4877/5094/5258
f 4874/5091/5255 4882/5102/5264 4877/5094/5258
f 4871/5090/5254 4882/5102/5264 4874/5091/5255
f 4883/5103/5265 4873/5088/5253 4875/5092/5256
f 4883/5103/5266 4872/5089/5251 4873/5088/5250
f 4840/5100/5262 4880/5099/5261 4884/5104/5267
f 4770/5105/5268 4840/5100/5262 4884/5104/5267
f 4767/5106/5146 4770/5105/5268 4884/5104/5267
f 4885/5107/5269 4767/5106/5146 4884/5104/5267
f 4885/5107/5269 4886/5108/5270 4767/5106/5146
f 4886/5108/5270 4765/5109/5144 4767/5106/5146
f 4886/5108/5270 4887/5110/5271 4765/5109/5144
f 4887/5110/5271 4766/5111/5145 4765/5109/5144
f 4888/5112/5272 4886/5108/5270 4885/5107/5269
f 4889/5113/5273 4888/5112/5272 4885/5107/5269
f 4890/5114/5274 4887/5110/5271 4886/5108/5270
f 4888/5112/5272 4890/5114/5274 4886/5108/5270
f 4891/5115/5275 4888/5112/5272 4889/5113/5273
f 4892/5116/5276 4891/5115/5275 4889/5113/5273
f 4893/5117/5277 4890/5114/5274 4888/5112/5272
f 4891/5115/5275 4893/5117/5277 4888/5112/5272
f 4894/5118/5278 4891/5115/5275 4892/5116/5276
f 4895/5119/5279 4894/5118/5278 4892/5116/5276
f 4896/5120/5280 4893/5117/5277 4891/5115/5275
f 4894/5118/5278 4896/5120/5280 4891/5115/5275
f 4895/5119/5281 4872/5089/5251 4894/5118/5282
f 4894/5118/5282 4872/5089/5251 4896/5120/5283
f 4889/5113/5273 4885/5107/5269 4897/5121/5284
f 4885/5107/5269 4884/5104/5267 4897/5121/5284
f 4889/5113/5273 4897/5121/5284 4898/5122/5285
f 4892/5116/5276 4889/5113/5273 4898/5122/5285
f 4892/5116/5276 4898/5122/5285 4899/5123/5286
f 4895/5119/5279 4892/5116/5276 4899/5123/5286
f 4899/5123/5287 4872/5089/5251 4895/5119/5281
f 4884/5104/5267 4880/5099/5261 4897/5121/5284
f 4880/5099/5261 4881/5101/5263 4897/5121/5284
f 4897/5121/5284 4881/5101/5263 4898/5122/5285
f 4881/5101/5263 4882/5102/5264 4898/5122/5285
f 4898/5122/5285 4882/5102/5264 4899/5123/5286
f 4882/5102/5264 4871/5090/5254 4899/5123/5286
f 4899/5123/5287 4871/5090/5252 4872/5089/5251
f 4900/5124/5288 4893/5117/5277 4896/5120/5280
f 4900/5124/5288 4901/5125/5289 4893/5117/5277
f 4900/5124/5288 4902/5126/5290 4901/5125/5289
f 4902/5126/5290 4903/5127/5291 4901/5125/5289
f 4901/5125/5289 4903/5127/5291 4904/5128/5292
f 4903/5127/5291 4905/5129/5293 4904/5128/5292
f 4904/5128/5292 4905/5129/5293 4759/5130/5138
f 4905/5129/5293 4758/5131/5137 4759/5130/5138
f 4905/5129/5293 4906/5132/5294 4758/5131/5137
f 4906/5132/5294 4757/5133/5295 4758/5131/5137
f 4906/5132/5294 4907/5134/5296 4757/5133/5295
f 4907/5134/5296 4760/5135/5297 4757/5133/5295
f 4908/5136/5298 4906/5132/5294 4905/5129/5293
f 4903/5127/5291 4908/5136/5298 4905/5129/5293
f 4909/5137/5299 4907/5134/5296 4906/5132/5294
f 4908/5136/5298 4909/5137/5299 4906/5132/5294
f 4910/5138/5300 4908/5136/5298 4903/5127/5291
f 4902/5126/5290 4910/5138/5300 4903/5127/5291
f 4911/5139/5301 4902/5126/5290 4900/5124/5288
f 4912/5140/5302 4911/5139/5301 4900/5124/5288
f 4913/5141/5303 4910/5138/5300 4902/5126/5290
f 4911/5139/5301 4913/5141/5303 4902/5126/5290
f 4911/5139/5304 4872/5089/5251 4913/5141/5305
f 4912/5140/5306 4872/5089/5251 4911/5139/5304
f 4913/5141/5305 4872/5089/5251 4914/5142/5307
f 4904/5128/5292 4759/5130/5138 4887/5110/5271
f 4759/5130/5138 4766/5111/5145 4887/5110/5271
f 4904/5128/5292 4887/5110/5271 4890/5114/5274
f 4901/5125/5289 4904/5128/5292 4890/5114/5274
f 4901/5125/5289 4890/5114/5274 4893/5117/5277
f 4896/5120/5283 4872/5089/5251 4912/5140/5306
f 4912/5140/5302 4900/5124/5288 4896/5120/5280
f 4915/5143/5308 4914/5142/5307 4872/5089/5251
f 4916/5144/5309 4914/5142/5310 4915/5143/5311
f 4914/5142/5310 4916/5144/5309 4910/5138/5300
f 4913/5141/5303 4914/5142/5310 4910/5138/5300
f 4917/5145/5312 4916/5144/5309 4915/5143/5311
f 4918/5146/5313 4917/5145/5312 4915/5143/5311
f 4918/5146/5313 4919/5147/5314 4917/5145/5312
f 4918/5146/5313 4920/5148/5315 4919/5147/5314
f 4920/5148/5315 4921/5149/5316 4919/5147/5314
f 4919/5147/5314 4921/5149/5316 4922/5150/5317
f 4921/5149/5316 4923/5151/5318 4922/5150/5317
f 4922/5150/5317 4923/5151/5318 4856/5152/5319
f 4923/5151/5318 4859/5153/5238 4856/5152/5319
f 4923/5151/5318 4924/5154/5320 4859/5153/5238
f 4924/5154/5320 4860/5155/5239 4859/5153/5238
f 4924/5154/5320 4925/5156/5321 4860/5155/5239
f 4925/5156/5321 4861/5157/5240 4860/5155/5239
f 4926/5158/5322 4925/5156/5321 4924/5154/5320
f 4927/5159/5323 4926/5158/5322 4924/5154/5320
f 4927/5159/5323 4924/5154/5320 4923/5151/5318
f 4921/5149/5316 4927/5159/5323 4923/5151/5318
f 4928/5160/5324 4926/5158/5322 4927/5159/5323
f 4929/5161/5325 4928/5160/5324 4927/5159/5323
f 4929/5161/5325 4927/5159/5323 4921/5149/5316
f 4920/5148/5315 4929/5161/5325 4921/5149/5316
f 4930/5162/5326 4928/5160/5324 4929/5161/5325
f 4931/5163/5327 4930/5162/5326 4929/5161/5325
f 4931/5163/5327 4929/5161/5325 4920/5148/5315
f 4932/5164/5328 4931/5163/5327 4920/5148/5315
f 4932/5164/5329 4872/5089/5251 4931/5163/5330
f 4931/5163/5330 4872/5089/5251 4930/5162/5331
f 4933/5165/5332 4872/5089/5251 4932/5164/5329
f 4933/5165/5333 4932/5164/5328 4918/5146/5313
f 4932/5164/5328 4920/5148/5315 4918/5146/5313
f 4933/5165/5333 4918/5146/5313 4915/5143/5311
f 4915/5143/5308 4872/5089/5251 4933/5165/5332
f 4830/5097/5209 4861/5157/5240 4925/5156/5321
f 4878/5095/5259 4830/5097/5209 4925/5156/5321
f 4878/5095/5259 4925/5156/5321 4926/5158/5322
f 4876/5093/5257 4878/5095/5259 4926/5158/5322
f 4876/5093/5257 4926/5158/5322 4928/5160/5324
f 4875/5092/5256 4876/5093/5257 4928/5160/5324
f 4875/5092/5256 4928/5160/5324 4930/5162/5326
f 4883/5103/5265 4875/5092/5256 4930/5162/5326
f 4930/5162/5331 4872/5089/5251 4883/5103/5266
f 4916/5144/5309 4909/5137/5299 4908/5136/5298
f 4910/5138/5300 4916/5144/5309 4908/5136/5298
f 4909/5137/5299 4916/5144/5309 4917/5145/5312
f 4934/5166/5334 4909/5137/5299 4917/5145/5312
f 4919/5147/5314 4934/5166/5334 4917/5145/5312
f 4919/5147/5314 4922/5150/5317 4934/5166/5334
f 4922/5150/5317 4935/5167/5335 4934/5166/5334
f 4922/5150/5317 4856/5152/5319 4935/5167/5335
f 4856/5152/5319 4858/5168/5336 4935/5167/5335
f 4858/5168/5336 4760/5135/5297 4935/5167/5335
f 4760/5135/5297 4907/5134/5296 4935/5167/5335
f 4907/5134/5296 4909/5137/5299 4934/5166/5334
f 4935/5167/5335 4907/5134/5296 4934/5166/5334
f 4731/4948/5337 4789/5169/5168 4787/5170/5166
f 4725/4942/5338 4731/4948/5337 4787/5170/5166
f 4725/4942/5338 4787/5170/5166 4786/5171/5165
f 4724/4941/5339 4725/4942/5338 4786/5171/5165
f 4724/4941/5339 4786/5171/5165 4782/5172/5161
f 4723/4940/5340 4724/4941/5339 4782/5172/5161
f 4723/4940/5340 4782/5172/5161 4780/5173/5159
f 4721/4938/5341 4723/4940/5340 4780/5173/5159
f 4721/4938/5341 4780/5173/5159 4779/5174/5158
f 4722/4939/5342 4721/4938/5341 4779/5174/5158
f 4731/4948/5337 4732/4949/5343 4789/5169/5168
f 4732/4949/5343 4805/5175/5184 4789/5169/5168
f 4806/5176/5185 4805/5175/5184 4732/4949/5343
f 4727/4944/5344 4806/5176/5185 4732/4949/5343
f 4727/4944/5344 4726/4943/5345 4806/5176/5185
f 4726/4943/5345 4808/5177/5187 4806/5176/5185
f 4726/4943/5345 4728/4945/5346 4808/5177/5187
f 4728/4945/5346 4816/5178/5195 4808/5177/5187
f 4728/4945/5346 4729/4946/5347 4816/5178/5195
f 4729/4946/5347 4818/5179/5197 4816/5178/5195
f 4729/4946/5347 4730/4947/5348 4818/5179/5197
f 4730/4947/5348 4820/5180/5199 4818/5179/5197
f 4730/4947/5348 4936/5181/5349 4820/5180/5199
f 4937/5182/5350 4936/5181/5349 4730/4947/5348
f 4938/5183/5351 4937/5182/5350 4730/4947/5348
f 4937/5182/5350 4939/5184/5352 4936/5181/5349
f 4939/5184/5352 4940/5185/5353 4936/5181/5349
f 4939/5184/5352 4941/5186/5354 4940/5185/5353
f 4941/5186/5354 4942/5187/5355 4940/5185/5353
f 4941/5186/5354 4943/5188/5356 4942/5187/5355
f 4943/5188/5356 4944/5189/5356 4942/5187/5355
f 4943/5188/5356 4945/5190/5357 4944/5189/5356
f 4945/5190/5357 4946/5191/5357 4944/5189/5356
f 4945/5190/5357 4947/5192/5358 4946/5191/5357
f 4947/5192/5358 4948/5193/5358 4946/5191/5357
f 4947/5192/5358 4949/5194/5359 4948/5193/5358
f 4949/5194/5359 4950/5195/5359 4948/5193/5358
f 4951/5196/5360 4950/5195/5359 4949/5194/5359
f 4952/5197/5360 4951/5196/5360 4949/5194/5359
f 4952/5197/5360 4953/5198/5361 4951/5196/5360
f 4953/5198/5361 4954/5199/5361 4951/5196/5360
f 4953/5198/5361 4955/5200/5362 4954/5199/5361
f 4955/5200/5362 4956/5201/5363 4954/5199/5361
f 4955/5200/5362 4957/5202/5364 4956/5201/5363
f 4957/5202/5364 4958/5203/5365 4956/5201/5363
f 4957/5202/5364 4959/5204/5366 4958/5203/5365
f 4959/5204/5366 4960/5205/5367 4958/5203/5365
f 4959/5204/5366 4961/5206/5368 4960/5205/5367
f 4961/5206/5368 4722/4939/5342 4960/5205/5367
f 4948/5193/5358 4950/5195/5359 4866/5207/5245
f 4948/5193/5358 4866/5207/5245 4841/5208/5222
f 4946/5191/5357 4948/5193/5358 4841/5208/5222
f 4946/5191/5357 4841/5208/5222 4842/5209/5221
f 4944/5189/5356 4946/5191/5357 4842/5209/5221
f 4944/5189/5356 4842/5209/5221 4846/5210/5225
f 4942/5187/5355 4944/5189/5356 4846/5210/5225
f 4942/5187/5355 4846/5210/5225 4870/5211/5249
f 4940/5185/5353 4942/5187/5355 4870/5211/5249
f 4940/5185/5353 4870/5211/5249 4821/5212/5200
f 4936/5181/5349 4940/5185/5353 4821/5212/5200
f 4936/5181/5349 4821/5212/5200 4820/5180/5199
f 4960/5205/5367 4722/4939/5342 4962/5213/5369
f 4960/5205/5367 4962/5213/5369 4741/5214/5120
f 4958/5203/5365 4960/5205/5367 4741/5214/5120
f 4958/5203/5365 4741/5214/5120 4739/5215/5118
f 4956/5201/5363 4958/5203/5365 4739/5215/5118
f 4956/5201/5363 4739/5215/5118 4733/5216/5114
f 4954/5199/5361 4956/5201/5363 4733/5216/5114
f 4954/5199/5361 4733/5216/5114 4734/5217/5113
f 4951/5196/5360 4954/5199/5361 4734/5217/5113
f 4734/5217/5113 4738/5218/5117 4951/5196/5360
f 4738/5218/5117 4950/5195/5359 4951/5196/5360
f 4950/5195/5359 4738/5218/5117 4866/5207/5245
f 4722/4939/5342 4779/5174/5158 4962/5213/5369
f 4965/5219/5370 4964/5220/5370 4963/5221/5370
f 4966/5222/5370 4965/5219/5370 4963/5221/5370
f 4963/5221/5370 4964/5220/5370 4967/5223/5103
f 4964/5220/5370 4968/5224/5103 4967/5223/5103
f 4967/5223/5103 4968/5224/5103 4969/5225/5103
f 4968/5224/5103 4970/5226/5103 4969/5225/5103
f 4969/5225/5103 4970/5226/5103 4971/5227/5103
f 4970/5226/5103 4972/5228/5103 4971/5227/5103
f 4971/5227/5371 4972/5228/5371 4719/4936/5371
f 4720/4937/5371 4971/5227/5371 4719/4936/5371
f 4966/5222/5370 4963/5221/5370 4973/5229/5372
f 4974/5230/5373 4966/5222/5370 4973/5229/5372
f 4963/5221/5370 4967/5223/5103 4975/5231/5103
f 4973/5229/5372 4963/5221/5370 4975/5231/5103
f 4967/5223/5103 4969/5225/5103 4976/5232/5103
f 4975/5231/5103 4967/5223/5103 4976/5232/5103
f 4969/5225/5103 4971/5227/5103 4961/5206/5103
f 4976/5232/5103 4969/5225/5103 4961/5206/5103
f 4961/5206/5371 4971/5227/5371 4720/4937/5371
f 4722/4939/5371 4961/5206/5371 4720/4937/5371
f 4719/4936/5371 4972/5228/5371 4730/4947/5371
f 4972/5228/5371 4938/5183/5371 4730/4947/5371
f 4938/5183/5103 4972/5228/5103 4970/5226/5103
f 4977/5233/5103 4938/5183/5103 4970/5226/5103
f 4977/5233/5103 4970/5226/5103 4968/5224/5103
f 4978/5234/5103 4977/5233/5103 4968/5224/5103
f 4978/5234/5103 4968/5224/5103 4964/5220/5370
f 4979/5235/5372 4978/5234/5103 4964/5220/5370
f 4979/5235/5372 4964/5220/5370 4965/5219/5370
f 4980/5236/5373 4979/5235/5372 4965/5219/5370
f 4980/5236/5373 4965/5219/5370 4981/5237/5103
f 4965/5219/5370 4982/5238/5103 4981/5237/5103
f 4981/5237/5103 4982/5238/5103 4983/5239/5103
f 4982/5238/5103 4984/5240/5103 4983/5239/5103
f 4984/5240/5103 4982/5238/5103 4965/5219/5370
f 4983/5239/5103 4984/5240/5103 4974/5230/5373
f 4984/5240/5103 4966/5222/5370 4974/5230/5373
f 4966/5222/5370 4984/5240/5103 4965/5219/5370
f 4747/4964/5126 4742/4959/5121 4985/5241/5374
f 4761/4978/5140 4747/4964/5126 4985/5241/5374
f 4985/5241/5374 4742/4959/5121 4962/5242/5369
f 4742/4959/5121 4741/4958/5120 4962/5242/5369
f 4761/4978/5140 4985/5241/5374 4777/4994/5156
f 4775/4992/5154 4761/4978/5140 4777/4994/5156
f 4985/5241/5374 4962/5242/5369 4779/4996/5158
f 4777/4994/5156 4985/5241/5374 4779/4996/5158
f 4836/5053/5215 4800/5017/5179 4798/5015/5177
f 4801/5018/5180 4836/5053/5215 4798/5015/5177
f 4961/5206/5368 4959/5204/5366 4957/5202/5364
f 4976/5232/5375 4961/5206/5368 4957/5202/5364
f 4976/5232/5375 4957/5202/5364 4955/5200/5362
f 4975/5231/5376 4976/5232/5375 4955/5200/5362
f 4975/5231/5376 4955/5200/5362 4953/5198/5361
f 4973/5229/5377 4975/5231/5376 4953/5198/5361
f 4973/5229/5377 4953/5198/5361 4952/5197/5360
f 4974/5230/5378 4973/5229/5377 4952/5197/5360
f 4974/5230/5378 4952/5197/5360 4983/5239/5359
f 4952/5197/5360 4949/5194/5359 4983/5239/5359
f 4983/5239/5359 4949/5194/5359 4947/5192/5358
f 4981/5237/5358 4983/5239/5359 4947/5192/5358
f 4981/5237/5358 4947/5192/5358 4945/5190/5357
f 4980/5236/5379 4981/5237/5358 4945/5190/5357
f 4980/5236/5379 4945/5190/5357 4943/5188/5356
f 4979/5235/5380 4980/5236/5379 4943/5188/5356
f 4979/5235/5380 4943/5188/5356 4941/5186/5354
f 4978/5234/5381 4979/5235/5380 4941/5186/5354
f 4978/5234/5381 4941/5186/5354 4939/5184/5352
f 4977/5233/5382 4978/5234/5381 4939/5184/5352
f 4977/5233/5382 4939/5184/5352 4937/5182/5350
f 4938/5183/5351 4977/5233/5382 4937/5182/5350
f 4988/5243/5103 4987/5244/5104 4986/5245/5104
f 4989/5246/5103 4988/5243/5103 4986/5245/5104
f 4987/5244/5104 4990/5247/5104 4986/5245/5104
f 4990/5247/5104 4991/5248/5104 4986/5245/5104
f 4990/5247/5104 4992/5249/5105 4991/5248/5104
f 4992/5249/5105 4993/5250/5105 4991/5248/5104
f 4992/5249/5105 4994/5251/5106 4993/5250/5105
f 4994/5251/5106 4995/5252/5106 4993/5250/5105
f 4994/5251/5106 4996/5253/5107 4995/5252/5106
f 4996/5253/5107 4997/5254/5107 4995/5252/5106
f 4995/5252/5106 4997/5254/5107 4998/5255/5108
f 4997/5254/5107 4999/5256/5107 4998/5255/5108
f 4995/5252/5106 4998/5255/5108 5000/5257/5109
f 4993/5250/5105 4995/5252/5106 5000/5257/5109
f 4993/5250/5105 5000/5257/5109 5001/5258/5110
f 4991/5248/5104 4993/5250/5105 5001/5258/5110
f 4991/5248/5104 5001/5258/5110 5002/5259/5111
f 4986/5245/5104 4991/5248/5104 5002/5259/5111
f 4989/5246/5103 4986/5245/5104 5002/5259/5111
f 4990/5247/5104 5003/5260/5110 4992/5249/5105
f 5003/5260/5110 4990/5247/5104 4987/5244/5104
f 5004/5261/5111 5003/5260/5110 4987/5244/5104
f 5003/5260/5110 5005/5262/5109 4992/5249/5105
f 4992/5249/5105 5005/5262/5109 4994/5251/5106
f 5005/5262/5109 5006/5263/5108 4994/5251/5106
f 4994/5251/5106 5006/5263/5108 4996/5253/5107
f 5006/5263/5108 5007/5264/5107 4996/5253/5107
f 5008/5265/5103 5004/5261/5111 4987/5244/5104
f 4988/5243/5103 5008/5265/5103 4987/5244/5104
f 5009/5266/5103 5008/5265/5103 4988/5243/5103
f 5009/5266/5103 4989/5246/5103 5002/5259/5111
f 4989/5246/5103 5009/5266/5103 4988/5243/5103
f 5012/5267/5383 5011/5268/5384 5010/5269/5385
f 5013/5270/5386 5012/5267/5383 5010/5269/5385
f 5014/5271/5244 5012/5267/5383 5013/5270/5386
f 5015/5272/5245 5014/5271/5244 5013/5270/5386
f 5010/5269/5385 5011/5268/5384 5016/5273/5387
f 5011/5268/5384 5017/5274/5388 5016/5273/5387
f 5016/5273/5387 5017/5274/5388 5018/5275/5389
f 5017/5274/5388 5019/5276/5390 5018/5275/5389
f 5012/5267/5383 5020/5277/5391 5011/5268/5384
f 5020/5277/5391 5021/5278/5392 5011/5268/5384
f 5011/5268/5384 5021/5278/5392 5017/5274/5388
f 5022/5279/5243 5020/5277/5391 5012/5267/5383
f 5014/5271/5244 5022/5279/5243 5012/5267/5383
f 5017/5274/5388 5023/5280/5393 5019/5276/5390
f 5021/5278/5392 5023/5280/5393 5017/5274/5388
f 5023/5280/5393 5024/5281/5394 5019/5276/5390
f 5020/5277/5391 5025/5282/5395 5021/5278/5392
f 5025/5282/5395 5026/5283/5396 5021/5278/5392
f 5021/5278/5392 5026/5283/5396 5023/5280/5393
f 5027/5284/5242 5025/5282/5395 5020/5277/5391
f 5022/5279/5243 5027/5284/5242 5020/5277/5391
f 5023/5280/5393 5028/5285/5397 5024/5281/5394
f 5026/5283/5396 5028/5285/5397 5023/5280/5393
f 5028/5285/5397 5029/5286/5398 5024/5281/5394
f 5025/5282/5395 5030/5287/5399 5026/5283/5396
f 5030/5287/5399 5031/5288/5400 5026/5283/5396
f 5026/5283/5396 5031/5288/5400 5028/5285/5397
f 5032/5289/5236 5030/5287/5399 5025/5282/5395
f 5027/5284/5242 5032/5289/5236 5025/5282/5395
f 5031/5288/5400 5033/5290/5401 5028/5285/5397
f 5028/5285/5397 5033/5290/5401 5029/5286/5398
f 5031/5288/5400 5030/5287/5399 5034/5291/5235
f 5034/5291/5235 5030/5287/5399 5032/5289/5236
f 5035/5292/5402 5031/5288/5400 5034/5291/5235
f 5031/5288/5400 5035/5292/5402 5033/5290/5401
f 5035/5292/5402 5036/5293/5403 5033/5290/5401
f 5037/5294/5237 5034/5291/5235 5032/5289/5236
f 5024/5281/5394 5029/5286/5398 5038/5295/5404
f 5029/5286/5398 5039/5296/5405 5038/5295/5404
f 5040/5297/5406 5039/5296/5405 5029/5286/5398
f 5041/5298/5407 5040/5297/5406 5029/5286/5398
f 5033/5290/5401 5041/5298/5407 5029/5286/5398
f 5042/5299/5408 5040/5297/5406 5041/5298/5407
f 5043/5300/5409 5042/5299/5408 5041/5298/5407
f 5043/5300/5409 5041/5298/5407 5033/5290/5401
f 5036/5293/5403 5043/5300/5409 5033/5290/5401
f 5040/5297/5406 5042/5299/5408 5044/5301/5410
f 5045/5302/5411 5040/5297/5406 5044/5301/5410
f 5045/5302/5411 5044/5301/5410 5046/5303/5218
f 5044/5301/5410 5047/5304/5219 5046/5303/5218
f 5046/5303/5218 5048/5305/5217 5045/5302/5411
f 5048/5305/5217 5049/5306/5216 5045/5302/5411
f 5050/5307/5412 5045/5302/5411 5049/5306/5216
f 5050/5307/5412 5039/5296/5405 5040/5297/5406
f 5045/5302/5411 5050/5307/5412 5040/5297/5406
f 5051/5308/5413 5050/5307/5412 5049/5306/5216
f 5050/5307/5412 5051/5308/5413 5052/5309/5414
f 5039/5296/5405 5050/5307/5412 5052/5309/5414
f 5038/5295/5404 5039/5296/5405 5052/5309/5414
f 5051/5308/5413 5053/5310/5415 5052/5309/5414
f 5052/5309/5414 5053/5310/5415 5054/5311/5416
f 5053/5310/5415 5055/5312/5417 5054/5311/5416
f 5054/5311/5416 5055/5312/5417 5056/5313/5418
f 5055/5312/5417 5057/5314/5419 5056/5313/5418
f 5055/5312/5417 5058/5315/5420 5057/5314/5419
f 5058/5315/5420 5059/5316/5421 5057/5314/5419
f 5060/5317/5422 5058/5315/5420 5055/5312/5417
f 5053/5310/5415 5060/5317/5422 5055/5312/5417
f 5061/5318/5423 5060/5317/5422 5053/5310/5415
f 5051/5308/5413 5061/5318/5423 5053/5310/5415
f 5061/5318/5423 5051/5308/5413 5049/5306/5216
f 5058/5315/5420 5062/5319/5424 5059/5316/5421
f 5062/5319/5424 5063/5320/5425 5059/5316/5421
f 5063/5320/5425 5062/5319/5424 5064/5321/5426
f 5062/5319/5424 5065/5322/5427 5064/5321/5426
f 5064/5321/5426 5065/5322/5427 5066/5323/5428
f 5065/5322/5427 5067/5324/5429 5066/5323/5428
f 5065/5322/5427 5068/5325/5430 5067/5324/5429
f 5068/5325/5430 5069/5326/5431 5067/5324/5429
f 5070/5327/5432 5068/5325/5430 5065/5322/5427
f 5062/5319/5424 5070/5327/5432 5065/5322/5427
f 5070/5327/5432 5062/5319/5424 5058/5315/5420
f 5060/5317/5422 5070/5327/5432 5058/5315/5420
f 5068/5325/5430 5071/5328/5433 5069/5326/5431
f 5071/5328/5433 5072/5329/5434 5069/5326/5431
f 5073/5330/5435 5071/5328/5433 5068/5325/5430
f 5070/5327/5432 5073/5330/5435 5068/5325/5430
f 5073/5330/5435 5070/5327/5432 5060/5317/5422
f 5061/5318/5423 5073/5330/5435 5060/5317/5422
f 5071/5328/5433 5074/5331/5193 5072/5329/5434
f 5071/5328/5433 5073/5330/5435 5074/5331/5193
f 5074/5331/5193 5075/5332/5180 5072/5329/5434
f 5076/5333/5214 5074/5331/5193 5073/5330/5435
f 5061/5318/5423 5076/5333/5214 5073/5330/5435
f 5077/5334/5215 5075/5332/5180 5074/5331/5193
f 5076/5333/5214 5077/5334/5215 5074/5331/5193
f 5077/5334/5215 5076/5333/5214 5049/5306/5216
f 5076/5333/5214 5061/5318/5423 5049/5306/5216
f 5048/5305/5217 5077/5334/5215 5049/5306/5216
f 5075/5332/5180 5078/5335/5177 5072/5329/5434
f 5078/5335/5177 5079/5336/5436 5072/5329/5434
f 5072/5329/5434 5079/5336/5436 5069/5326/5431
f 5079/5336/5436 5080/5337/5437 5069/5326/5431
f 5069/5326/5431 5080/5337/5437 5067/5324/5429
f 5080/5337/5437 5081/5338/5438 5067/5324/5429
f 5067/5324/5429 5081/5338/5438 5066/5323/5428
f 5081/5338/5438 5082/5339/5439 5066/5323/5428
f 5082/5339/5439 5081/5338/5438 5083/5340/5440
f 5081/5338/5438 5084/5341/5441 5083/5340/5440
f 5083/5340/5440 5084/5341/5441 5085/5342/5442
f 5084/5341/5441 5086/5343/5443 5085/5342/5442
f 5084/5341/5441 5087/5344/5444 5086/5343/5443
f 5087/5344/5444 5088/5345/5445 5086/5343/5443
f 5087/5344/5444 5089/5346/5446 5088/5345/5445
f 5089/5346/5446 5090/5347/5447 5088/5345/5445
f 5091/5348/5176 5090/5347/5447 5089/5346/5446
f 5085/5342/5442 5086/5343/5443 5092/5349/5448
f 5093/5350/5449 5085/5342/5442 5092/5349/5448
f 5093/5350/5449 5092/5349/5448 5094/5351/5450
f 5095/5352/5451 5093/5350/5449 5094/5351/5450
f 5095/5352/5451 5094/5351/5450 5096/5353/5452
f 5097/5354/5453 5095/5352/5451 5096/5353/5452
f 5097/5354/5453 5096/5353/5452 5098/5355/5454
f 5096/5353/5452 5099/5356/5455 5098/5355/5454
f 5096/5353/5452 5100/5357/5456 5099/5356/5455
f 5096/5353/5452 5094/5351/5450 5100/5357/5456
f 5100/5357/5456 5101/5358/5457 5099/5356/5455
f 5100/5357/5456 5102/5359/5458 5101/5358/5457
f 5102/5359/5458 5103/5360/5459 5101/5358/5457
f 5103/5360/5459 5102/5359/5458 5104/5361/5460
f 5102/5359/5458 5105/5362/5461 5104/5361/5460
f 5105/5362/5461 5106/5363/5462 5104/5361/5460
f 5106/5363/5462 5107/5364/5463 5104/5361/5460
f 5094/5351/5450 5108/5365/5464 5100/5357/5456
f 5100/5357/5456 5108/5365/5464 5102/5359/5458
f 5108/5365/5464 5109/5366/5465 5102/5359/5458
f 5094/5351/5450 5092/5349/5448 5108/5365/5464
f 5092/5349/5448 5110/5367/5466 5108/5365/5464
f 5108/5365/5464 5110/5367/5466 5109/5366/5465
f 5110/5367/5466 5111/5368/5467 5109/5366/5465
f 5092/5349/5448 5086/5343/5443 5110/5367/5466
f 5086/5343/5443 5088/5345/5445 5110/5367/5466
f 5110/5367/5466 5088/5345/5445 5111/5368/5467
f 5088/5345/5445 5090/5347/5447 5111/5368/5467
f 5112/5369/5178 5111/5368/5467 5090/5347/5447
f 5091/5348/5176 5112/5369/5178 5090/5347/5447
f 5112/5369/5178 5091/5348/5176 5113/5370/5179
f 5091/5348/5176 5078/5335/5177 5113/5370/5179
f 5114/5371/5151 5109/5366/5465 5111/5368/5467
f 5112/5369/5178 5114/5371/5151 5111/5368/5467
f 5114/5371/5151 5112/5369/5178 5113/5370/5179
f 5102/5359/5458 5109/5366/5465 5114/5371/5151
f 5105/5362/5461 5102/5359/5458 5114/5371/5151
f 5115/5372/5150 5114/5371/5151 5113/5370/5179
f 5105/5362/5461 5114/5371/5151 5115/5372/5150
f 5078/5335/5177 5091/5348/5176 5079/5336/5436
f 5091/5348/5176 5089/5346/5446 5079/5336/5436
f 5079/5336/5436 5089/5346/5446 5087/5344/5444
f 5080/5337/5437 5079/5336/5436 5087/5344/5444
f 5080/5337/5437 5087/5344/5444 5084/5341/5441
f 5081/5338/5438 5080/5337/5437 5084/5341/5441
f 5116/5373/5148 5105/5362/5461 5115/5372/5150
f 5106/5363/5462 5105/5362/5461 5116/5373/5148
f 5117/5374/5149 5106/5363/5462 5116/5373/5148
f 5115/5372/5150 5113/5370/5179 5048/5305/5217
f 5113/5370/5179 5077/5334/5215 5048/5305/5217
f 5117/5374/5149 5116/5373/5148 5047/5304/5219
f 5116/5373/5148 5046/5303/5218 5047/5304/5219
f 5115/5372/5150 5048/5305/5217 5046/5303/5218
f 5116/5373/5148 5115/5372/5150 5046/5303/5218
f 5113/5370/5179 5078/5335/5177 5075/5332/5180
f 5077/5334/5215 5113/5370/5179 5075/5332/5180
f 5120/5375/5468 5119/5376/5469 5118/5377/5470
f 5121/5378/5471 5120/5375/5468 5118/5377/5470
f 5122/5379/5472 5120/5375/5468 5121/5378/5471
f 5123/5380/5473 5122/5379/5472 5121/5378/5471
f 5120/5375/5468 5124/5381/5474 5119/5376/5469
f 5124/5381/5474 5125/5382/5475 5119/5376/5469
f 5126/5383/5476 5124/5381/5474 5120/5375/5468
f 5122/5379/5472 5126/5383/5476 5120/5375/5468
f 5124/5381/5474 5127/5384/5477 5125/5382/5475
f 5127/5384/5477 5128/5385/5478 5125/5382/5475
f 5129/5386/5479 5127/5384/5477 5124/5381/5474
f 5126/5383/5476 5129/5386/5479 5124/5381/5474
f 5127/5384/5477 5130/5387/5480 5128/5385/5478
f 5130/5387/5480 5131/5388/5481 5128/5385/5478
f 5132/5389/5482 5130/5387/5480 5127/5384/5477
f 5129/5386/5479 5132/5389/5482 5127/5384/5477
f 5133/5390/5136 5131/5388/5481 5130/5387/5480
f 5131/5388/5481 5133/5390/5136 5134/5391/5134
f 5128/5385/5478 5131/5388/5481 5134/5391/5134
f 5133/5390/5136 5135/5392/5139 5134/5391/5134
f 5136/5393/5483 5133/5390/5136 5130/5387/5480
f 5137/5394/5484 5136/5393/5483 5130/5387/5480
f 5132/5389/5482 5137/5394/5484 5130/5387/5480
f 5137/5394/5484 5132/5389/5482 5138/5395/5485
f 5132/5389/5482 5139/5396/5486 5138/5395/5485
f 5139/5396/5486 5132/5389/5482 5129/5386/5479
f 5125/5382/5475 5128/5385/5478 5140/5397/5129
f 5140/5397/5129 5128/5385/5478 5134/5391/5134
f 5141/5398/5124 5125/5382/5475 5140/5397/5129
f 5142/5399/5487 5139/5396/5486 5129/5386/5479
f 5142/5399/5487 5129/5386/5479 5126/5383/5476
f 5143/5400/5488 5142/5399/5487 5126/5383/5476
f 5143/5400/5488 5126/5383/5476 5122/5379/5472
f 5144/5401/5489 5143/5400/5488 5122/5379/5472
f 5144/5401/5489 5122/5379/5472 5123/5380/5473
f 5145/5402/5490 5144/5401/5489 5123/5380/5473
f 5104/5361/5460 5139/5396/5486 5142/5399/5487
f 5103/5360/5459 5104/5361/5460 5142/5399/5487
f 5103/5360/5459 5142/5399/5487 5143/5400/5488
f 5101/5358/5457 5103/5360/5459 5143/5400/5488
f 5101/5358/5457 5143/5400/5488 5144/5401/5489
f 5099/5356/5455 5101/5358/5457 5144/5401/5489
f 5099/5356/5455 5144/5401/5489 5145/5402/5490
f 5098/5355/5454 5099/5356/5455 5145/5402/5490
f 5139/5396/5486 5104/5361/5460 5107/5364/5463
f 5138/5395/5485 5139/5396/5486 5107/5364/5463
f 5022/5279/5243 5141/5398/5124 5140/5397/5129
f 5022/5279/5243 5014/5271/5244 5141/5398/5124
f 5014/5271/5244 5015/5272/5245 5146/5403/5116
f 5015/5272/5245 5147/5404/5117 5146/5403/5116
f 5147/5404/5117 5118/5377/5470 5146/5403/5116
f 5118/5377/5470 5119/5376/5469 5146/5403/5116
f 5146/5403/5116 5119/5376/5469 5141/5398/5124
f 5014/5271/5244 5146/5403/5116 5141/5398/5124
f 5119/5376/5469 5125/5382/5475 5141/5398/5124
f 5027/5284/5242 5022/5279/5243 5140/5397/5129
f 5027/5284/5242 5140/5397/5129 5134/5391/5134
f 5032/5289/5236 5027/5284/5242 5134/5391/5134
f 5032/5289/5236 5134/5391/5134 5135/5392/5139
f 5037/5294/5237 5032/5289/5236 5135/5392/5139
f 5150/5405/5491 5149/5406/5281 5148/5407/5287
f 5148/5407/5286 5149/5406/5492 5151/5408/5493
f 5151/5408/5493 5149/5406/5492 5152/5409/5494
f 5151/5408/5493 5152/5409/5494 5153/5410/5495
f 5154/5411/5496 5151/5408/5493 5153/5410/5495
f 5154/5411/5496 5153/5410/5495 5155/5412/5497
f 5156/5413/5498 5154/5411/5496 5155/5412/5497
f 5156/5413/5498 5155/5412/5497 5107/5414/5463
f 5106/5415/5462 5156/5413/5498 5107/5414/5463
f 5157/5416/5267 5156/5413/5498 5106/5415/5462
f 5117/5417/5268 5157/5416/5267 5106/5415/5462
f 5158/5418/5284 5154/5411/5496 5156/5413/5498
f 5157/5416/5267 5158/5418/5284 5156/5413/5498
f 5159/5419/5285 5151/5408/5493 5154/5411/5496
f 5158/5418/5284 5159/5419/5285 5154/5411/5496
f 5159/5419/5285 5148/5407/5286 5151/5408/5493
f 5149/5406/5492 5160/5420/5499 5152/5409/5494
f 5150/5405/5491 5160/5420/5282 5149/5406/5281
f 5157/5416/5267 5117/5417/5268 5161/5421/5261
f 5117/5417/5268 5047/5422/5262 5161/5421/5261
f 5047/5422/5262 5044/5423/5410 5161/5421/5261
f 5044/5423/5410 5162/5424/5500 5161/5421/5261
f 5163/5425/5501 5162/5424/5500 5044/5423/5410
f 5042/5426/5408 5163/5425/5501 5044/5423/5410
f 5164/5427/5502 5163/5425/5501 5042/5426/5408
f 5043/5428/5409 5164/5427/5502 5042/5426/5408
f 5163/5425/5501 5165/5429/5503 5162/5424/5500
f 5165/5429/5503 5166/5430/5504 5162/5424/5500
f 5167/5431/5505 5165/5429/5503 5163/5425/5501
f 5164/5427/5502 5167/5431/5505 5163/5425/5501
f 5165/5429/5503 5168/5432/5506 5166/5430/5504
f 5168/5432/5506 5169/5433/5507 5166/5430/5504
f 5170/5434/5508 5168/5432/5506 5165/5429/5503
f 5167/5431/5505 5170/5434/5508 5165/5429/5503
f 5168/5432/5506 5171/5435/5509 5169/5433/5507
f 5171/5435/5509 5172/5436/5510 5169/5433/5507
f 5173/5437/5511 5171/5435/5509 5168/5432/5506
f 5170/5434/5508 5173/5437/5511 5168/5432/5506
f 5150/5405/5491 5172/5436/5250 5171/5435/5266
f 5150/5405/5491 5171/5435/5266 5173/5437/5512
f 5162/5424/5500 5166/5430/5504 5174/5438/5263
f 5161/5421/5261 5162/5424/5500 5174/5438/5263
f 5166/5430/5504 5169/5433/5507 5175/5439/5264
f 5174/5438/5263 5166/5430/5504 5175/5439/5264
f 5169/5433/5507 5172/5436/5510 5176/5440/5254
f 5175/5439/5264 5169/5433/5507 5176/5440/5254
f 5150/5405/5491 5176/5440/5252 5172/5436/5250
f 5157/5416/5267 5161/5421/5261 5174/5438/5263
f 5158/5418/5284 5157/5416/5267 5174/5438/5263
f 5158/5418/5284 5174/5438/5263 5175/5439/5264
f 5159/5419/5285 5158/5418/5284 5175/5439/5264
f 5159/5419/5285 5175/5439/5264 5176/5440/5254
f 5148/5407/5286 5159/5419/5285 5176/5440/5254
f 5148/5407/5287 5176/5440/5252 5150/5405/5491
f 5167/5431/5505 5177/5441/5513 5170/5434/5508
f 5178/5442/5514 5177/5441/5513 5167/5431/5505
f 5179/5443/5515 5177/5441/5513 5178/5442/5514
f 5180/5444/5516 5179/5443/5515 5178/5442/5514
f 5180/5444/5516 5178/5442/5514 5036/5445/5403
f 5035/5446/5402 5180/5444/5516 5036/5445/5403
f 5181/5447/5517 5180/5444/5516 5035/5446/5402
f 5034/5448/5518 5181/5447/5517 5035/5446/5402
f 5182/5449/5335 5181/5447/5517 5034/5448/5518
f 5037/5450/5336 5182/5449/5335 5034/5448/5518
f 5183/5451/5519 5179/5443/5515 5180/5444/5516
f 5181/5447/5517 5183/5451/5519 5180/5444/5516
f 5184/5452/5334 5183/5451/5519 5181/5447/5517
f 5182/5449/5335 5184/5452/5334 5181/5447/5517
f 5179/5443/5515 5185/5453/5520 5177/5441/5513
f 5185/5453/5520 5186/5454/5521 5177/5441/5513
f 5187/5455/5522 5185/5453/5520 5179/5443/5515
f 5183/5451/5519 5187/5455/5522 5179/5443/5515
f 5185/5453/5520 5188/5456/5523 5186/5454/5521
f 5188/5456/5523 5189/5457/5524 5186/5454/5521
f 5190/5458/5525 5188/5456/5523 5185/5453/5520
f 5187/5455/5522 5190/5458/5525 5185/5453/5520
f 5150/5405/5491 5188/5456/5526 5190/5458/5527
f 5150/5405/5491 5189/5457/5528 5188/5456/5526
f 5150/5405/5491 5190/5458/5527 5191/5459/5308
f 5186/5454/5521 5189/5457/5524 5173/5437/5511
f 5150/5405/5491 5173/5437/5512 5189/5457/5528
f 5170/5434/5508 5186/5454/5521 5173/5437/5511
f 5177/5441/5513 5186/5454/5521 5170/5434/5508
f 5182/5449/5335 5037/5450/5336 5192/5460/5296
f 5037/5450/5336 5135/5461/5297 5192/5460/5296
f 5135/5461/5297 5133/5462/5529 5192/5460/5296
f 5133/5462/5529 5193/5463/5530 5192/5460/5296
f 5194/5464/5531 5193/5463/5530 5133/5462/5529
f 5136/5465/5483 5194/5464/5531 5133/5462/5529
f 5195/5466/5532 5194/5464/5531 5136/5465/5483
f 5137/5467/5484 5195/5466/5532 5136/5465/5483
f 5196/5468/5533 5195/5466/5532 5137/5467/5484
f 5138/5469/5485 5196/5468/5533 5137/5467/5484
f 5196/5468/5533 5197/5470/5534 5195/5466/5532
f 5197/5470/5534 5198/5471/5535 5195/5466/5532
f 5195/5466/5532 5198/5471/5535 5194/5464/5531
f 5194/5464/5531 5199/5472/5536 5193/5463/5530
f 5198/5471/5535 5199/5472/5536 5194/5464/5531
f 5199/5472/5536 5200/5473/5537 5193/5463/5530
f 5197/5470/5534 5201/5474/5538 5198/5471/5535
f 5201/5474/5538 5202/5475/5539 5198/5471/5535
f 5198/5471/5535 5202/5475/5539 5199/5472/5536
f 5199/5472/5536 5203/5476/5540 5200/5473/5537
f 5202/5475/5539 5203/5476/5540 5199/5472/5536
f 5203/5476/5540 5204/5477/5541 5200/5473/5537
f 5201/5474/5538 5205/5478/5542 5202/5475/5539
f 5205/5478/5542 5206/5479/5543 5202/5475/5539
f 5202/5475/5539 5206/5479/5543 5203/5476/5540
f 5203/5476/5540 5207/5480/5544 5204/5477/5541
f 5206/5479/5543 5207/5480/5544 5203/5476/5540
f 5207/5480/5544 5208/5481/5545 5204/5477/5541
f 5150/5405/5491 5208/5481/5546 5207/5480/5547
f 5150/5405/5491 5207/5480/5547 5206/5479/5548
f 5150/5405/5491 5206/5479/5548 5205/5478/5549
f 5200/5473/5537 5204/5477/5541 5209/5482/5309
f 5210/5483/5299 5200/5473/5537 5209/5482/5309
f 5193/5463/5530 5200/5473/5537 5210/5483/5299
f 5192/5460/5296 5193/5463/5530 5210/5483/5299
f 5204/5477/5541 5208/5481/5545 5211/5484/5310
f 5209/5482/5309 5204/5477/5541 5211/5484/5310
f 5150/5405/5491 5211/5484/5307 5208/5481/5546
f 5201/5474/5538 5152/5409/5494 5205/5478/5542
f 5153/5410/5495 5152/5409/5494 5201/5474/5538
f 5197/5470/5534 5153/5410/5495 5201/5474/5538
f 5155/5412/5497 5153/5410/5495 5197/5470/5534
f 5196/5468/5533 5155/5412/5497 5197/5470/5534
f 5107/5414/5463 5155/5412/5497 5196/5468/5533
f 5138/5469/5485 5107/5414/5463 5196/5468/5533
f 5182/5449/5335 5192/5460/5296 5210/5483/5299
f 5184/5452/5334 5182/5449/5335 5210/5483/5299
f 5184/5452/5334 5210/5483/5299 5209/5482/5309
f 5212/5485/5312 5184/5452/5334 5209/5482/5309
f 5212/5485/5312 5209/5482/5309 5211/5484/5310
f 5184/5452/5334 5212/5485/5312 5183/5451/5519
f 5212/5485/5312 5187/5455/5522 5183/5451/5519
f 5191/5459/5311 5212/5485/5312 5211/5484/5310
f 5212/5485/5312 5191/5459/5311 5187/5455/5522
f 5191/5459/5311 5190/5458/5525 5187/5455/5522
f 5191/5459/5308 5211/5484/5307 5150/5405/5491
f 5009/5266/5343 5002/5259/5344 5064/5486/5426
f 5066/5487/5428 5009/5266/5343 5064/5486/5426
f 5064/5486/5426 5002/5259/5344 5063/5488/5425
f 5002/5259/5344 5001/5258/5345 5063/5488/5425
f 5063/5488/5425 5001/5258/5345 5059/5489/5421
f 5001/5258/5345 5000/5257/5346 5059/5489/5421
f 5059/5489/5421 5000/5257/5346 5057/5490/5419
f 5000/5257/5346 4998/5255/5347 5057/5490/5419
f 5057/5490/5419 4998/5255/5347 5056/5491/5418
f 4998/5255/5347 4999/5256/5550 5056/5491/5418
f 5008/5265/5337 5009/5266/5343 5066/5487/5428
f 5082/5492/5439 5008/5265/5337 5066/5487/5428
f 5082/5492/5439 5083/5493/5440 5008/5265/5337
f 5083/5493/5440 5004/5261/5338 5008/5265/5337
f 5003/5260/5339 5004/5261/5338 5083/5493/5440
f 5085/5494/5442 5003/5260/5339 5083/5493/5440
f 5005/5262/5340 5003/5260/5339 5085/5494/5442
f 5093/5495/5449 5005/5262/5340 5085/5494/5442
f 5006/5263/5341 5005/5262/5340 5093/5495/5449
f 5095/5496/5451 5006/5263/5341 5093/5495/5449
f 5007/5264/5551 5006/5263/5341 5095/5496/5451
f 5097/5497/5453 5007/5264/5551 5095/5496/5451
f 5213/5498/5552 5007/5264/5551 5097/5497/5453
f 5213/5498/5552 5214/5499/5553 5007/5264/5551
f 5214/5499/5553 5215/5500/5554 5007/5264/5551
f 5216/5501/5555 5214/5499/5553 5213/5498/5552
f 5217/5502/5556 5216/5501/5555 5213/5498/5552
f 5218/5503/5557 5216/5501/5555 5217/5502/5556
f 5219/5504/5558 5218/5503/5557 5217/5502/5556
f 5220/5505/5361 5218/5503/5557 5219/5504/5558
f 5221/5506/5361 5220/5505/5361 5219/5504/5558
f 5222/5507/5360 5220/5505/5361 5221/5506/5361
f 5223/5508/5360 5222/5507/5360 5221/5506/5361
f 5224/5509/5359 5222/5507/5360 5223/5508/5360
f 5225/5510/5359 5224/5509/5359 5223/5508/5360
f 5226/5511/5358 5224/5509/5359 5225/5510/5359
f 5227/5512/5358 5226/5511/5358 5225/5510/5359
f 5227/5512/5358 5228/5513/5357 5226/5511/5358
f 5228/5513/5357 5229/5514/5357 5226/5511/5358
f 5230/5515/5356 5229/5514/5357 5228/5513/5357
f 5231/5516/5356 5230/5515/5356 5228/5513/5357
f 5232/5517/5559 5230/5515/5356 5231/5516/5356
f 5233/5518/5560 5232/5517/5559 5231/5516/5356
f 5234/5519/5561 5232/5517/5559 5233/5518/5560
f 5235/5520/5562 5234/5519/5561 5233/5518/5560
f 5236/5521/5563 5234/5519/5561 5235/5520/5562
f 5237/5522/5564 5236/5521/5563 5235/5520/5562
f 5238/5523/5565 5236/5521/5563 5237/5522/5564
f 4999/5256/5550 5238/5523/5565 5237/5522/5564
f 5227/5512/5358 5225/5510/5359 5147/5524/5117
f 5147/5524/5117 5225/5510/5359 5118/5525/5470
f 5225/5510/5359 5223/5508/5360 5118/5525/5470
f 5118/5525/5470 5223/5508/5360 5121/5526/5471
f 5223/5508/5360 5221/5506/5361 5121/5526/5471
f 5121/5526/5471 5221/5506/5361 5123/5527/5473
f 5221/5506/5361 5219/5504/5558 5123/5527/5473
f 5123/5527/5473 5219/5504/5558 5145/5528/5490
f 5219/5504/5558 5217/5502/5556 5145/5528/5490
f 5145/5528/5490 5217/5502/5556 5098/5529/5454
f 5217/5502/5556 5213/5498/5552 5098/5529/5454
f 5098/5529/5454 5213/5498/5552 5097/5497/5453
f 4999/5256/5550 5237/5522/5564 5239/5530/5566
f 5239/5530/5566 5237/5522/5564 5018/5531/5389
f 5237/5522/5564 5235/5520/5562 5018/5531/5389
f 5018/5531/5389 5235/5520/5562 5016/5532/5387
f 5235/5520/5562 5233/5518/5560 5016/5532/5387
f 5016/5532/5387 5233/5518/5560 5010/5533/5385
f 5233/5518/5560 5231/5516/5356 5010/5533/5385
f 5010/5533/5385 5231/5516/5356 5013/5534/5386
f 5231/5516/5356 5228/5513/5357 5013/5534/5386
f 5015/5535/5245 5013/5534/5386 5228/5513/5357
f 5227/5512/5358 5015/5535/5245 5228/5513/5357
f 5015/5535/5245 5227/5512/5358 5147/5524/5117
f 5056/5491/5418 4999/5256/5550 5239/5530/5566
f 5242/5536/5370 5241/5537/5370 5240/5538/5370
f 5243/5539/5370 5242/5536/5370 5240/5538/5370
f 5243/5539/5370 5240/5538/5370 5244/5540/5103
f 5245/5541/5103 5243/5539/5370 5244/5540/5103
f 5245/5541/5103 5244/5540/5103 5246/5542/5103
f 5247/5543/5103 5245/5541/5103 5246/5542/5103
f 5247/5543/5103 5246/5542/5103 5248/5544/5103
f 5249/5545/5103 5247/5543/5103 5248/5544/5103
f 5249/5545/5371 5248/5544/5371 4996/5253/5371
f 5248/5544/5371 4997/5254/5371 4996/5253/5371
f 5240/5538/5370 5241/5537/5370 5250/5546/5372
f 5241/5537/5370 5251/5547/5373 5250/5546/5372
f 5240/5538/5370 5250/5546/5372 5252/5548/5103
f 5244/5540/5103 5240/5538/5370 5252/5548/5103
f 5244/5540/5103 5252/5548/5103 5253/5549/5103
f 5246/5542/5103 5244/5540/5103 5253/5549/5103
f 5246/5542/5103 5253/5549/5103 5238/5523/5103
f 5248/5544/5103 5246/5542/5103 5238/5523/5103
f 5248/5544/5371 5238/5523/5371 4997/5254/5371
f 5238/5523/5371 4999/5256/5371 4997/5254/5371
f 5249/5545/5371 4996/5253/5371 5007/5264/5371
f 5215/5500/5371 5249/5545/5371 5007/5264/5371
f 5249/5545/5103 5215/5500/5103 5247/5543/5103
f 5215/5500/5103 5254/5550/5103 5247/5543/5103
f 5247/5543/5103 5254/5550/5103 5245/5541/5103
f 5254/5550/5103 5255/5551/5103 5245/5541/5103
f 5255/5551/5103 5256/5552/5372 5243/5539/5370
f 5245/5541/5103 5255/5551/5103 5243/5539/5370
f 5243/5539/5370 5256/5552/5372 5242/5536/5370
f 5256/5552/5372 5257/5553/5373 5242/5536/5370
f 5242/5536/5370 5257/5553/5373 5258/5554/5103
f 5259/5555/5103 5242/5536/5370 5258/5554/5103
f 5259/5555/5103 5258/5554/5103 5260/5556/5103
f 5261/5557/5103 5259/5555/5103 5260/5556/5103
f 5259/5555/5103 5261/5557/5103 5242/5536/5370
f 5261/5557/5103 5260/5556/5103 5251/5547/5373
f 5241/5537/5370 5261/5557/5103 5251/5547/5373
f 5261/5557/5103 5241/5537/5370 5242/5536/5370
f 5024/5281/5394 5038/5295/5404 5262/5558/5567
f 5019/5276/5390 5024/5281/5394 5262/5558/5567
f 5019/5276/5390 5262/5558/5567 5239/5559/5566
f 5018/5275/5389 5019/5276/5390 5239/5559/5566
f 5262/5558/5567 5038/5295/5404 5054/5311/5416
f 5038/5295/5404 5052/5309/5414 5054/5311/5416
f 5262/5558/5567 5054/5311/5416 5056/5313/5418
f 5239/5559/5566 5262/5558/5567 5056/5313/5418
f 5036/5445/5403 5178/5442/5514 5164/5427/5502
f 5043/5428/5409 5036/5445/5403 5164/5427/5502
f 5164/5427/5502 5178/5442/5514 5167/5431/5505
f 5152/5409/5494 5160/5420/5499 5205/5478/5542
f 5150/5405/5491 5205/5478/5549 5160/5420/5282
f 5238/5523/5565 5253/5549/5568 5234/5519/5561
f 5236/5521/5563 5238/5523/5565 5234/5519/5561
f 5234/5519/5561 5253/5549/5568 5232/5517/5559
f 5253/5549/5568 5252/5548/5569 5232/5517/5559
f 5232/5517/5559 5252/5548/5569 5230/5515/5356
f 5252/5548/5569 5250/5546/5380 5230/5515/5356
f 5230/5515/5356 5250/5546/5380 5229/5514/5357
f 5250/5546/5380 5251/5547/5379 5229/5514/5357
f 5229/5514/5357 5251/5547/5379 5260/5556/5358
f 5226/5511/5358 5229/5514/5357 5260/5556/5358
f 5226/5511/5358 5260/5556/5358 5224/5509/5359
f 5260/5556/5358 5258/5554/5359 5224/5509/5359
f 5224/5509/5359 5258/5554/5359 5222/5507/5360
f 5258/5554/5359 5257/5553/5378 5222/5507/5360
f 5222/5507/5360 5257/5553/5378 5220/5505/5361
f 5257/5553/5378 5256/5552/5377 5220/5505/5361
f 5220/5505/5361 5256/5552/5377 5218/5503/5557
f 5256/5552/5377 5255/5551/5570 5218/5503/5557
f 5218/5503/5557 5255/5551/5570 5216/5501/5555
f 5255/5551/5570 5254/5550/5571 5216/5501/5555
f 5216/5501/5555 5254/5550/5571 5214/5499/5553
f 5254/5550/5571 5215/5500/5554 5214/5499/5553
f 5265/5560/5572 5264/5561/5573 5263/5562/5574
f 5266/5563/5575 5265/5560/5572 5263/5562/5574
f 5267/5564/5576 5265/5560/5572 5266/5563/5575
f 5268/5565/5577 5267/5564/5576 5266/5563/5575
f 5269/5566/5578 5267/5564/5576 5268/5565/5577
f 5270/5567/5579 5269/5566/5578 5268/5565/5577
f 5271/5568/5580 5269/5566/5578 5270/5567/5579
f 5272/5569/5581 5271/5568/5580 5270/5567/5579
f 5263/5562/5574 5264/5561/5573 5273/5570/5582
f 5264/5561/5573 5274/5571/5583 5273/5570/5582
f 5273/5570/5582 5274/5571/5583 5275/5572/5584
f 5274/5571/5583 5276/5573/5585 5275/5572/5584
f 5275/5572/5584 5276/5573/5585 5277/5574/5586
f 5276/5573/5585 5278/5575/5587 5277/5574/5586
f 5277/5574/5586 5278/5575/5587 5279/5576/5588
f 5278/5575/5587 5280/5577/5589 5279/5576/5588
f 5279/5576/5588 5280/5577/5589 5281/5578/5590
f 5280/5577/5589 5282/5579/5591 5281/5578/5590
f 5281/5578/5590 5282/5579/5591 5272/5580/5581
f 5282/5579/5591 5271/5581/5580 5272/5580/5581
f 5280/5577/5589 5283/5582/5592 5282/5579/5591
f 5283/5582/5592 5284/5583/5593 5282/5579/5591
f 5282/5579/5591 5284/5583/5593 5271/5581/5580
f 5283/5582/5592 5285/5584/5594 5284/5583/5593
f 5285/5584/5594 5286/5585/5595 5284/5583/5593
f 5286/5585/5595 5287/5586/5596 5284/5583/5593
f 5287/5586/5596 5288/5587/5597 5284/5583/5593
f 5284/5583/5593 5288/5587/5597 5271/5581/5580
f 5289/5588/5598 5285/5584/5594 5283/5582/5592
f 5290/5589/5599 5289/5588/5598 5283/5582/5592
f 5290/5589/5599 5283/5582/5592 5280/5577/5589
f 5278/5575/5587 5290/5589/5599 5280/5577/5589
f 5291/5590/5600 5289/5588/5598 5290/5589/5599
f 5292/5591/5601 5291/5590/5600 5290/5589/5599
f 5291/5590/5600 5292/5591/5601 5293/5592/5602
f 5292/5591/5601 5294/5593/5603 5293/5592/5602
f 5286/5585/5595 5295/5594/5604 5287/5586/5596
f 5295/5594/5604 5296/5595/5605 5287/5586/5596
f 5297/5596/5606 5295/5594/5604 5286/5585/5595
f 5285/5584/5594 5297/5596/5606 5286/5585/5595
f 5298/5597/5607 5297/5596/5606 5285/5584/5594
f 5289/5588/5598 5298/5597/5607 5285/5584/5594
f 5299/5598/5608 5298/5597/5607 5289/5588/5598
f 5291/5590/5600 5299/5598/5608 5289/5588/5598
f 5291/5590/5600 5293/5592/5602 5299/5598/5608
f 5293/5592/5602 5300/5599/5609 5299/5598/5608
f 5294/5593/5603 5301/5600/5610 5293/5592/5602
f 5301/5600/5610 5302/5601/5611 5293/5592/5602
f 5292/5591/5601 5290/5589/5599 5278/5575/5587
f 5276/5573/5585 5292/5591/5601 5278/5575/5587
f 5294/5593/5603 5292/5591/5601 5276/5573/5585
f 5300/5599/5609 5303/5602/5612 5299/5598/5608
f 5304/5603/5613 5303/5602/5612 5300/5599/5609
f 5305/5604/5614 5304/5603/5613 5300/5599/5609
f 5305/5604/5614 5300/5599/5609 5293/5592/5602
f 5302/5601/5611 5305/5604/5614 5293/5592/5602
f 5306/5605/5615 5304/5603/5613 5305/5604/5614
f 5307/5606/5616 5306/5605/5615 5305/5604/5614
f 5305/5604/5614 5302/5601/5611 5307/5606/5616
f 5308/5607/5617 5306/5605/5615 5307/5606/5616
f 5309/5608/5618 5308/5607/5617 5307/5606/5616
f 5307/5606/5616 5310/5609/5619 5309/5608/5618
f 5302/5601/5611 5310/5609/5619 5307/5606/5616
f 5302/5601/5611 5301/5600/5610 5310/5609/5619
f 5310/5609/5619 5311/5610/5620 5309/5608/5618
f 5309/5608/5618 5311/5610/5620 5312/5611/5621
f 5311/5610/5620 5313/5612/5622 5312/5611/5621
f 5313/5612/5622 5287/5613/5596 5312/5611/5621
f 5287/5613/5596 5313/5612/5622 5314/5614/5623
f 5288/5615/5597 5287/5613/5596 5314/5614/5623
f 5287/5613/5596 5296/5616/5605 5312/5611/5621
f 5315/5617/5624 5308/5607/5617 5309/5608/5618
f 5312/5611/5621 5315/5617/5624 5309/5608/5618
f 5312/5611/5621 5296/5616/5605 5315/5617/5624
f 5296/5616/5605 5316/5618/5625 5315/5617/5624
f 5310/5609/5619 5317/5619/5626 5311/5610/5620
f 5301/5600/5610 5317/5619/5626 5310/5609/5619
f 5317/5619/5626 5301/5600/5610 5264/5561/5573
f 5265/5560/5572 5317/5619/5626 5264/5561/5573
f 5318/5620/5627 5317/5619/5626 5265/5560/5572
f 5317/5619/5626 5318/5620/5627 5311/5610/5620
f 5318/5620/5627 5314/5614/5623 5313/5612/5622
f 5311/5610/5620 5318/5620/5627 5313/5612/5622
f 5267/5564/5576 5318/5620/5627 5265/5560/5572
f 5314/5614/5623 5318/5620/5627 5267/5564/5576
f 5269/5566/5578 5314/5614/5623 5267/5564/5576
f 5288/5615/5597 5314/5614/5623 5269/5566/5578
f 5316/5618/5625 5319/5621/5628 5315/5617/5624
f 5319/5621/5628 5320/5622/5629 5315/5617/5624
f 5319/5621/5628 5321/5623/5630 5320/5622/5629
f 5321/5623/5630 5322/5624/5631 5320/5622/5629
f 5320/5622/5629 5322/5624/5631 5323/5625/5632
f 5322/5624/5631 5324/5626/5633 5323/5625/5632
f 5323/5625/5632 5324/5626/5633 5325/5627/5634
f 5324/5626/5633 5326/5628/5635 5325/5627/5634
f 5325/5627/5634 5326/5628/5635 5327/5629/5636
f 5326/5628/5635 5328/5630/5637 5327/5629/5636
f 5327/5629/5636 5328/5630/5637 5329/5631/5638
f 5328/5630/5637 5330/5632/5639 5329/5631/5638
f 5329/5631/5638 5330/5632/5639 5331/5633/5640
f 5330/5632/5639 5332/5634/5641 5331/5633/5640
f 5331/5633/5640 5332/5634/5641 5333/5635/5642
f 5332/5634/5641 5334/5636/5643 5333/5635/5642
f 5333/5635/5642 5334/5636/5643 5335/5637/5644
f 5334/5636/5643 5336/5638/5645 5335/5637/5644
f 5335/5637/5644 5336/5638/5645 5337/5639/5646
f 5336/5638/5645 5338/5640/5647 5337/5639/5646
f 5337/5639/5646 5338/5640/5647 5319/5641/5628
f 5338/5640/5647 5321/5642/5630 5319/5641/5628
f 5327/5629/5636 5329/5631/5638 5303/5602/5612
f 5304/5603/5613 5327/5629/5636 5303/5602/5612
f 5329/5631/5638 5331/5633/5640 5339/5643/5648
f 5303/5602/5612 5329/5631/5638 5339/5643/5648
f 5303/5602/5612 5339/5643/5648 5299/5598/5608
f 5299/5598/5608 5339/5643/5648 5298/5597/5607
f 5339/5643/5648 5340/5644/5649 5298/5597/5607
f 5331/5633/5640 5333/5635/5642 5340/5644/5649
f 5339/5643/5648 5331/5633/5640 5340/5644/5649
f 5298/5597/5607 5340/5644/5649 5297/5596/5606
f 5340/5644/5649 5341/5645/5650 5297/5596/5606
f 5333/5635/5642 5335/5637/5644 5341/5645/5650
f 5340/5644/5649 5333/5635/5642 5341/5645/5650
f 5297/5596/5606 5341/5645/5650 5295/5594/5604
f 5341/5645/5650 5342/5646/5651 5295/5594/5604
f 5335/5637/5644 5337/5639/5646 5342/5646/5651
f 5341/5645/5650 5335/5637/5644 5342/5646/5651
f 5295/5594/5604 5342/5646/5651 5296/5595/5605
f 5342/5646/5651 5316/5647/5625 5296/5595/5605
f 5337/5639/5646 5319/5641/5628 5316/5647/5625
f 5342/5646/5651 5337/5639/5646 5316/5647/5625
f 5325/5627/5634 5327/5629/5636 5304/5603/5613
f 5306/5605/5615 5325/5627/5634 5304/5603/5613
f 5323/5625/5632 5325/5627/5634 5306/5605/5615
f 5308/5607/5617 5323/5625/5632 5306/5605/5615
f 5320/5622/5629 5323/5625/5632 5308/5607/5617
f 5315/5617/5624 5320/5622/5629 5308/5607/5617
f 5273/5570/5582 5275/5572/5584 5343/5648/5652
f 5344/5649/5653 5273/5570/5582 5343/5648/5652
f 5263/5562/5574 5273/5570/5582 5344/5649/5653
f 5345/5650/5654 5263/5562/5574 5344/5649/5653
f 5266/5563/5575 5263/5562/5574 5345/5650/5654
f 5346/5651/5655 5266/5563/5575 5345/5650/5654
f 5268/5565/5577 5266/5563/5575 5346/5651/5655
f 5347/5652/5656 5268/5565/5577 5346/5651/5655
f 5270/5567/5579 5268/5565/5577 5347/5652/5656
f 5348/5653/5657 5270/5567/5579 5347/5652/5656
f 5272/5569/5581 5270/5567/5579 5348/5653/5657
f 5349/5654/5658 5272/5569/5581 5348/5653/5657
f 5343/5648/5652 5275/5572/5584 5350/5655/5659
f 5275/5572/5584 5277/5574/5586 5350/5655/5659
f 5350/5655/5659 5277/5574/5586 5351/5656/5660
f 5277/5574/5586 5279/5576/5588 5351/5656/5660
f 5351/5656/5660 5279/5576/5588 5352/5657/5661
f 5279/5576/5588 5281/5578/5590 5352/5657/5661
f 5352/5657/5661 5281/5578/5590 5349/5658/5658
f 5281/5578/5590 5272/5580/5581 5349/5658/5658
f 5274/5571/5583 5294/5593/5603 5276/5573/5585
f 5274/5571/5583 5264/5561/5573 5294/5593/5603
f 5264/5561/5573 5301/5600/5610 5294/5593/5603
f 5271/5568/5580 5288/5615/5597 5269/5566/5578
f 5355/5659/5662 5354/5660/5663 5353/5661/5664
f 5356/5662/5662 5355/5659/5662 5353/5661/5664
f 5357/5663/5665 5355/5659/5662 5356/5662/5662
f 5358/5664/5665 5357/5663/5665 5356/5662/5662
f 5359/5665/5666 5357/5663/5665 5358/5664/5665
f 5360/5666/5666 5359/5665/5666 5358/5664/5665
f 5354/5660/5663 5361/5667/5667 5353/5661/5664
f 5361/5667/5667 5362/5668/5667 5353/5661/5664
f 5354/5660/5663 5355/5659/5662 5363/5669/5662
f 5355/5659/5662 5357/5663/5665 5363/5669/5662
f 5364/5670/5664 5354/5660/5663 5363/5669/5662
f 5361/5667/5667 5354/5660/5663 5364/5670/5664
f 5365/5671/5667 5361/5667/5667 5364/5670/5664
f 5357/5663/5665 5359/5665/5666 5366/5672/5666
f 5366/5672/5666 5359/5665/5666 5367/5673/5668
f 5359/5665/5666 5368/5674/5669 5367/5673/5668
f 5369/5675/5665 5357/5663/5665 5366/5672/5666
f 5357/5663/5665 5369/5675/5665 5363/5669/5662
f 5360/5666/5666 5358/5664/5665 5370/5676/5665
f 5371/5677/5666 5360/5666/5666 5370/5676/5665
f 5360/5666/5666 5371/5677/5666 5372/5678/5670
f 5373/5679/5670 5360/5666/5666 5372/5678/5670
f 5360/5666/5666 5373/5679/5670 5374/5680/5671
f 5373/5679/5670 5375/5681/5672 5374/5680/5671
f 5373/5679/5670 5372/5678/5670 5376/5682/5673
f 5377/5683/5673 5373/5679/5670 5376/5682/5673
f 5375/5681/5672 5373/5679/5670 5377/5683/5673
f 5378/5684/5674 5377/5683/5673 5376/5682/5673
f 5378/5684/5674 5379/5685/5674 5377/5683/5673
f 5379/5685/5674 5380/5686/5673 5377/5683/5673
f 5377/5683/5673 5380/5686/5673 5381/5687/5675
f 5380/5686/5673 5382/5688/5676 5381/5687/5675
f 5383/5689/5677 5379/5685/5674 5378/5684/5674
f 5384/5690/5677 5383/5689/5677 5378/5684/5674
f 5385/5691/5678 5383/5689/5677 5384/5690/5677
f 5386/5692/5678 5385/5691/5678 5384/5690/5677
f 5387/5693/5679 5385/5691/5678 5386/5692/5678
f 5388/5694/5679 5387/5693/5679 5386/5692/5678
f 5385/5691/5678 5387/5693/5679 5389/5695/5679
f 5390/5696/5678 5385/5691/5678 5389/5695/5679
f 5383/5689/5677 5385/5691/5678 5390/5696/5678
f 5391/5697/5677 5383/5689/5677 5390/5696/5678
f 5379/5685/5674 5383/5689/5677 5391/5697/5677
f 5392/5698/5674 5379/5685/5674 5391/5697/5677
f 5380/5686/5673 5379/5685/5674 5392/5698/5674
f 5393/5699/5673 5380/5686/5673 5392/5698/5674
f 5382/5688/5676 5380/5686/5673 5393/5699/5673
f 5386/5692/5678 5384/5690/5677 5394/5700/5677
f 5395/5701/5678 5386/5692/5678 5394/5700/5677
f 5394/5700/5677 5384/5690/5677 5396/5702/5674
f 5384/5690/5677 5378/5684/5674 5396/5702/5674
f 5396/5702/5674 5378/5684/5674 5376/5682/5673
f 5386/5692/5678 5395/5701/5678 5397/5703/5679
f 5388/5694/5679 5386/5692/5678 5397/5703/5679
f 5391/5697/5677 5390/5696/5678 5398/5704/5677
f 5390/5696/5678 5399/5705/5678 5398/5704/5677
f 5391/5697/5677 5398/5704/5677 5400/5706/5674
f 5392/5698/5674 5391/5697/5677 5400/5706/5674
f 5392/5698/5674 5400/5706/5674 5401/5707/5673
f 5393/5699/5673 5392/5698/5674 5401/5707/5673
f 5390/5696/5678 5389/5695/5679 5402/5708/5679
f 5399/5705/5678 5390/5696/5678 5402/5708/5679
f 5403/5709/5670 5393/5699/5673 5401/5707/5673
f 5393/5699/5673 5403/5709/5670 5404/5710/5680
f 5403/5709/5670 5405/5711/5681 5404/5710/5680
f 5406/5712/5670 5403/5709/5670 5401/5707/5673
f 5366/5672/5666 5403/5709/5670 5406/5712/5670
f 5405/5711/5681 5403/5709/5670 5366/5672/5666
f 5407/5713/5666 5366/5672/5666 5406/5712/5670
f 5366/5672/5666 5407/5713/5666 5408/5714/5665
f 5369/5675/5665 5366/5672/5666 5408/5714/5665
f 5369/5675/5665 5408/5714/5665 5409/5715/5662
f 5363/5669/5662 5369/5675/5665 5409/5715/5662
f 5363/5669/5662 5409/5715/5662 5410/5716/5664
f 5364/5670/5664 5363/5669/5662 5410/5716/5664
f 5365/5671/5667 5364/5670/5664 5410/5716/5664
f 5411/5717/5667 5365/5671/5667 5410/5716/5664
f 5412/5718/5682 5405/5711/5681 5366/5672/5666
f 5412/5718/5682 5366/5672/5666 5367/5673/5668
f 5411/5717/5667 5413/5719/5683 5365/5671/5667
f 5413/5719/5683 5414/5720/5683 5365/5671/5667
f 5414/5720/5683 5413/5719/5683 5415/5721/5684
f 5416/5722/5684 5414/5720/5683 5415/5721/5684
f 5416/5722/5684 5417/5723/5684 5414/5720/5683
f 5417/5723/5684 5418/5724/5683 5414/5720/5683
f 5418/5724/5683 5417/5723/5684 5419/5725/5684
f 5419/5725/5684 5417/5723/5684 5420/5726/5685
f 5417/5723/5684 5421/5727/5685 5420/5726/5685
f 5421/5727/5685 5417/5723/5684 5416/5722/5684
f 5420/5726/5685 5421/5727/5685 5422/5728/5686
f 5421/5727/5685 5423/5729/5686 5422/5728/5686
f 5422/5728/5686 5423/5729/5686 5424/5730/5687
f 5423/5729/5686 5425/5731/5687 5424/5730/5687
f 5426/5732/5683 5418/5724/5683 5419/5725/5684
f 5427/5733/5685 5421/5727/5685 5416/5722/5684
f 5423/5729/5686 5421/5727/5685 5427/5733/5685
f 5428/5734/5686 5423/5729/5686 5427/5733/5685
f 5425/5731/5687 5423/5729/5686 5428/5734/5686
f 5429/5735/5687 5425/5731/5687 5428/5734/5686
f 5422/5728/5686 5424/5730/5687 5430/5736/5686
f 5420/5726/5685 5422/5728/5686 5430/5736/5686
f 5424/5730/5687 5431/5737/5687 5430/5736/5686
f 5426/5732/5683 5419/5725/5684 5432/5738/5684
f 5433/5739/5683 5426/5732/5683 5432/5738/5684
f 5419/5725/5684 5420/5726/5685 5434/5740/5685
f 5432/5738/5684 5419/5725/5684 5434/5740/5685
f 5434/5740/5685 5420/5726/5685 5430/5736/5686
f 5429/5735/5687 5428/5734/5686 5435/5741/5686
f 5428/5734/5686 5427/5733/5685 5435/5741/5686
f 5436/5742/5687 5429/5735/5687 5435/5741/5686
f 5427/5733/5685 5437/5743/5685 5435/5741/5686
f 5427/5733/5685 5416/5722/5684 5437/5743/5685
f 5416/5722/5684 5415/5721/5684 5437/5743/5685
f 5426/5732/5683 5433/5739/5683 5438/5744/5667
f 5362/5668/5667 5426/5732/5683 5438/5744/5667
f 5362/5668/5667 5438/5744/5667 5439/5745/5663
f 5353/5661/5664 5362/5668/5667 5439/5745/5663
f 5356/5662/5662 5353/5661/5664 5439/5745/5663
f 5440/5746/5662 5356/5662/5662 5439/5745/5663
f 5358/5664/5665 5356/5662/5662 5440/5746/5662
f 5370/5676/5665 5358/5664/5665 5440/5746/5662
f 5418/5724/5683 5426/5732/5683 5362/5668/5667
f 5361/5667/5667 5418/5724/5683 5362/5668/5667
f 5414/5720/5683 5418/5724/5683 5361/5667/5667
f 5365/5671/5667 5414/5720/5683 5361/5667/5667
f 5443/5747/5688 5442/5748/5689 5441/5749/5690
f 5444/5750/5688 5443/5747/5688 5441/5749/5690
f 5445/5751/5691 5443/5747/5688 5444/5750/5688
f 5446/5752/5691 5445/5751/5691 5444/5750/5688
f 5447/5753/5692 5445/5751/5691 5446/5752/5691
f 5448/5754/5692 5447/5753/5692 5446/5752/5691
f 5425/5755/5687 5447/5753/5692 5448/5754/5692
f 5424/5756/5687 5425/5755/5687 5448/5754/5692
f 5447/5753/5692 5425/5755/5687 5429/5757/5687
f 5449/5758/5692 5447/5753/5692 5429/5757/5687
f 5445/5751/5691 5447/5753/5692 5449/5758/5692
f 5450/5759/5691 5445/5751/5691 5449/5758/5692
f 5443/5747/5688 5445/5751/5691 5450/5759/5691
f 5451/5760/5688 5443/5747/5688 5450/5759/5691
f 5442/5748/5689 5443/5747/5688 5451/5760/5688
f 5452/5761/5689 5442/5748/5689 5451/5760/5688
f 5448/5754/5692 5446/5752/5691 5453/5762/5691
f 5454/5763/5692 5448/5754/5692 5453/5762/5691
f 5446/5752/5691 5444/5750/5688 5455/5764/5688
f 5453/5762/5691 5446/5752/5691 5455/5764/5688
f 5455/5764/5688 5444/5750/5688 5456/5765/5690
f 5444/5750/5688 5441/5749/5690 5456/5765/5690
f 5448/5754/5692 5454/5763/5692 5431/5766/5687
f 5424/5756/5687 5448/5754/5692 5431/5766/5687
f 5450/5759/5691 5449/5758/5692 5457/5767/5691
f 5449/5758/5692 5458/5768/5692 5457/5767/5691
f 5450/5759/5691 5457/5767/5691 5459/5769/5688
f 5451/5760/5688 5450/5759/5691 5459/5769/5688
f 5451/5760/5688 5459/5769/5688 5460/5770/5689
f 5452/5761/5689 5451/5760/5688 5460/5770/5689
f 5449/5758/5692 5429/5757/5687 5436/5771/5687
f 5458/5768/5692 5449/5758/5692 5436/5771/5687
f 5441/5749/5690 5388/5694/5679 5456/5765/5690
f 5388/5694/5679 5397/5703/5679 5456/5765/5690
f 5388/5694/5679 5441/5749/5690 5387/5693/5679
f 5441/5749/5690 5442/5748/5689 5387/5693/5679
f 5387/5693/5679 5442/5748/5689 5452/5761/5689
f 5389/5695/5679 5387/5693/5679 5452/5761/5689
f 5389/5695/5679 5452/5761/5689 5460/5770/5689
f 5402/5708/5679 5389/5695/5679 5460/5770/5689
f 5461/5772/5693 5430/5773/5693 5431/5774/5693
f 5462/5775/5693 5461/5772/5693 5431/5774/5693
f 5462/5775/5693 5431/5774/5693 5454/5776/5693
f 5463/5777/5693 5462/5775/5693 5454/5776/5693
f 5463/5777/5693 5454/5776/5693 5453/5778/5693
f 5462/5775/5693 5464/5779/5693 5461/5772/5693
f 5464/5779/5693 5465/5780/5693 5461/5772/5693
f 5464/5779/5693 5466/5781/5693 5465/5780/5693
f 5466/5781/5693 5467/5782/5693 5465/5780/5693
f 5466/5781/5693 5372/5783/5693 5467/5782/5693
f 5372/5783/5693 5371/5784/5693 5467/5782/5693
f 5468/5785/5693 5466/5781/5693 5464/5779/5693
f 5469/5786/5693 5468/5785/5693 5464/5779/5693
f 5469/5786/5693 5464/5779/5693 5462/5775/5693
f 5463/5777/5693 5469/5786/5693 5462/5775/5693
f 5468/5785/5693 5469/5786/5693 5397/5787/5693
f 5395/5788/5693 5468/5785/5693 5397/5787/5693
f 5465/5780/5693 5467/5782/5693 5438/5789/5693
f 5467/5782/5693 5439/5790/5693 5438/5789/5693
f 5376/5791/5693 5372/5783/5693 5466/5781/5693
f 5468/5785/5693 5376/5791/5693 5466/5781/5693
f 5465/5780/5693 5438/5789/5693 5433/5792/5693
f 5461/5772/5693 5465/5780/5693 5433/5792/5693
f 5397/5787/5693 5469/5786/5693 5456/5793/5693
f 5469/5786/5693 5463/5777/5693 5456/5793/5693
f 5461/5772/5693 5433/5792/5693 5432/5794/5693
f 5461/5772/5693 5432/5794/5693 5434/5795/5693
f 5461/5772/5693 5434/5795/5693 5430/5773/5693
f 5463/5777/5693 5455/5796/5693 5456/5793/5693
f 5463/5777/5693 5453/5778/5693 5455/5796/5693
f 5395/5788/5693 5394/5797/5693 5468/5785/5693
f 5394/5797/5693 5396/5798/5693 5468/5785/5693
f 5396/5798/5693 5376/5791/5693 5468/5785/5693
f 5467/5782/5693 5440/5799/5693 5439/5790/5693
f 5467/5782/5693 5370/5800/5693 5440/5799/5693
f 5467/5782/5693 5371/5784/5693 5370/5800/5693
f 5471/5801/5694 5470/5802/5694 5436/5803/5694
f 5435/5804/5694 5471/5801/5694 5436/5803/5694
f 5436/5803/5694 5470/5802/5694 5458/5805/5694
f 5470/5802/5694 5472/5806/5694 5458/5805/5694
f 5473/5807/5694 5472/5806/5694 5470/5802/5694
f 5472/5806/5694 5473/5807/5694 5460/5808/5694
f 5459/5809/5694 5472/5806/5694 5460/5808/5694
f 5473/5807/5694 5402/5810/5694 5460/5808/5694
f 5473/5807/5694 5474/5811/5694 5402/5810/5694
f 5474/5811/5694 5399/5812/5694 5402/5810/5694
f 5474/5811/5694 5473/5807/5694 5475/5813/5694
f 5475/5813/5694 5473/5807/5694 5470/5802/5694
f 5475/5813/5694 5470/5802/5694 5471/5801/5694
f 5476/5814/5694 5474/5811/5694 5475/5813/5694
f 5476/5814/5694 5475/5813/5694 5477/5815/5694
f 5477/5815/5694 5475/5813/5694 5471/5801/5694
f 5478/5816/5694 5476/5814/5694 5477/5815/5694
f 5406/5817/5694 5476/5814/5694 5478/5816/5694
f 5407/5818/5694 5406/5817/5694 5478/5816/5694
f 5478/5816/5694 5477/5815/5694 5411/5819/5694
f 5410/5820/5694 5478/5816/5694 5411/5819/5694
f 5401/5821/5694 5474/5811/5694 5476/5814/5694
f 5406/5817/5694 5401/5821/5694 5476/5814/5694
f 5401/5821/5694 5400/5822/5694 5474/5811/5694
f 5411/5819/5694 5477/5815/5694 5413/5823/5694
f 5477/5815/5694 5471/5801/5694 5413/5823/5694
f 5398/5824/5694 5399/5812/5694 5474/5811/5694
f 5400/5822/5694 5398/5824/5694 5474/5811/5694
f 5408/5825/5694 5407/5818/5694 5478/5816/5694
f 5409/5826/5694 5408/5825/5694 5478/5816/5694
f 5409/5826/5694 5478/5816/5694 5410/5820/5694
f 5415/5827/5694 5413/5823/5694 5471/5801/5694
f 5437/5828/5694 5415/5827/5694 5471/5801/5694
f 5437/5828/5694 5471/5801/5694 5435/5804/5694
f 5360/5666/5666 5374/5680/5671 5479/5829/5695
f 5359/5665/5666 5360/5666/5666 5479/5829/5695
f 5368/5674/5669 5359/5665/5666 5479/5829/5695
f 5480/5830/5696 5375/5681/5672 5377/5683/5673
f 5480/5830/5696 5377/5683/5673 5381/5687/5675
f 5481/5831/5697 5382/5688/5676 5393/5699/5673
f 5481/5831/5697 5393/5699/5673 5404/5710/5680
f 5483/5832/5698 5482/5833/5699 5381/5687/5675
f 5382/5688/5676 5483/5832/5698 5381/5687/5675
f 5381/5687/5675 5482/5833/5699 5480/5830/5696
f 5482/5833/5699 5484/5834/5700 5480/5830/5696
f 5480/5830/5696 5484/5834/5700 5375/5681/5672
f 5484/5834/5700 5485/5835/5701 5375/5681/5672
f 5375/5681/5672 5485/5835/5701 5374/5680/5671
f 5485/5835/5701 5486/5836/5702 5374/5680/5671
f 5374/5680/5671 5486/5836/5702 5479/5829/5695
f 5486/5836/5702 5487/5837/5703 5479/5829/5695
f 5479/5829/5695 5487/5837/5703 5368/5674/5669
f 5487/5837/5703 5488/5838/5704 5368/5674/5669
f 5489/5839/5705 5483/5832/5698 5382/5688/5676
f 5481/5831/5697 5489/5839/5705 5382/5688/5676
f 5368/5674/5669 5488/5838/5704 5367/5673/5668
f 5488/5838/5704 5490/5840/5706 5367/5673/5668
f 5491/5841/5707 5489/5839/5705 5481/5831/5697
f 5404/5710/5680 5491/5841/5707 5481/5831/5697
f 5492/5842/5708 5491/5841/5707 5404/5710/5680
f 5405/5711/5681 5492/5842/5708 5404/5710/5680
f 5493/5843/5709 5492/5842/5708 5405/5711/5681
f 5412/5718/5682 5493/5843/5709 5405/5711/5681
f 5490/5840/5706 5493/5843/5709 5412/5718/5682
f 5367/5673/5668 5490/5840/5706 5412/5718/5682
f 5496/5844/5710 5495/5845/5711 5494/5846/5670
f 5497/5847/5712 5496/5844/5710 5494/5846/5670
f 5494/5846/5670 5495/5845/5711 5498/5848/5713
f 5490/5849/5706 5496/5844/5710 5497/5847/5712
f 5495/5845/5711 5496/5844/5710 5490/5849/5706
f 5490/5849/5706 5497/5847/5712 5499/5850/5714
f 5499/5850/5714 5497/5847/5712 5494/5846/5670
f 5499/5850/5714 5493/5851/5709 5490/5849/5706
f 5493/5851/5709 5499/5850/5714 5492/5852/5708
f 5499/5850/5714 5500/5853/5715 5492/5852/5708
f 5500/5853/5715 5499/5850/5714 5494/5846/5670
f 5501/5854/5716 5500/5853/5715 5494/5846/5670
f 5502/5855/5717 5501/5854/5716 5494/5846/5670
f 5488/5856/5704 5495/5845/5711 5490/5849/5706
f 5498/5848/5713 5495/5845/5711 5488/5856/5704
f 5487/5857/5703 5498/5848/5713 5488/5856/5704
f 5503/5858/5718 5498/5848/5713 5487/5857/5703
f 5486/5859/5702 5503/5858/5718 5487/5857/5703
f 5504/5860/5719 5503/5858/5718 5486/5859/5702
f 5498/5848/5713 5503/5858/5718 5504/5860/5719
f 5485/5861/5701 5504/5860/5719 5486/5859/5702
f 5505/5862/5720 5504/5860/5719 5485/5861/5701
f 5484/5863/5700 5505/5862/5720 5485/5861/5701
f 5506/5864/5721 5505/5862/5720 5484/5863/5700
f 5504/5860/5719 5505/5862/5720 5506/5864/5721
f 5482/5865/5699 5506/5864/5721 5484/5863/5700
f 5507/5866/5722 5506/5864/5721 5482/5865/5699
f 5494/5846/5670 5506/5864/5721 5507/5866/5722
f 5494/5846/5670 5504/5860/5719 5506/5864/5721
f 5502/5855/5717 5494/5846/5670 5507/5866/5722
f 5483/5867/5698 5507/5866/5722 5482/5865/5699
f 5502/5855/5717 5507/5866/5722 5483/5867/5698
f 5489/5868/5705 5502/5855/5717 5483/5867/5698
f 5501/5854/5716 5502/5855/5717 5489/5868/5705
f 5491/5869/5707 5501/5854/5716 5489/5868/5705
f 5494/5846/5670 5498/5848/5713 5504/5860/5719
f 5500/5853/5715 5501/5854/5716 5491/5869/5707
f 5492/5852/5708 5500/5853/5715 5491/5869/5707
f 5457/5870/5694 5458/5805/5694 5472/5806/5694
f 5459/5809/5694 5457/5870/5694 5472/5806/5694
f 5510/5871/5723 5509/5872/5724 5508/5873/5725
f 5511/5874/5726 5510/5871/5723 5508/5873/5725
f 5512/5875/5727 5510/5871/5723 5511/5874/5726
f 5513/5876/5728 5512/5875/5727 5511/5874/5726
f 5514/5877/5729 5512/5875/5727 5513/5876/5728
f 5515/5878/5730 5514/5877/5729 5513/5876/5728
f 5516/5879/5731 5514/5877/5729 5515/5878/5730
f 5517/5880/5732 5516/5879/5731 5515/5878/5730
f 5518/5881/5733 5516/5879/5731 5517/5880/5732
f 5519/5882/5734 5518/5881/5733 5517/5880/5732
f 5520/5883/5735 5518/5881/5733 5519/5882/5734
f 5521/5884/5736 5520/5883/5735 5519/5882/5734
f 5522/5885/5737 5520/5883/5735 5521/5884/5736
f 5523/5886/5738 5522/5885/5737 5521/5884/5736
f 5509/5872/5724 5522/5885/5737 5523/5886/5738
f 5508/5873/5725 5509/5872/5724 5523/5886/5738
f 5520/5883/5735 5524/5887/5739 5518/5881/5733
f 5524/5887/5739 5525/5888/5740 5518/5881/5733
f 5518/5881/5733 5525/5888/5740 5516/5879/5731
f 5524/5887/5739 5526/5889/5693 5525/5888/5740
f 5525/5888/5740 5526/5889/5693 5527/5890/5741
f 5525/5888/5740 5527/5890/5741 5516/5879/5731
f 5516/5879/5731 5527/5890/5741 5514/5877/5729
f 5527/5890/5741 5526/5889/5693 5528/5891/5742
f 5527/5890/5741 5528/5891/5742 5514/5877/5729
f 5528/5891/5742 5526/5889/5693 5529/5892/5743
f 5529/5892/5743 5526/5889/5693 5530/5893/5744
f 5530/5893/5744 5526/5889/5693 5531/5894/5745
f 5532/5895/5746 5526/5889/5693 5524/5887/5739
f 5531/5894/5745 5526/5889/5693 5532/5895/5746
f 5531/5894/5745 5532/5895/5746 5522/5885/5737
f 5532/5895/5746 5524/5887/5739 5520/5883/5735
f 5522/5885/5737 5532/5895/5746 5520/5883/5735
f 5528/5891/5742 5529/5892/5743 5512/5875/5727
f 5514/5877/5729 5528/5891/5742 5512/5875/5727
f 5529/5892/5743 5530/5893/5744 5510/5871/5723
f 5512/5875/5727 5529/5892/5743 5510/5871/5723
f 5530/5893/5744 5531/5894/5745 5509/5872/5724
f 5510/5871/5723 5530/5893/5744 5509/5872/5724
f 5509/5872/5724 5531/5894/5745 5522/5885/5737
f 5535/5896/5747 5534/5897/5748 5533/5898/5749
f 5536/5899/5750 5535/5896/5747 5533/5898/5749
f 5535/5896/5747 5537/5900/5751 5534/5897/5748
f 5537/5900/5751 5538/5901/5752 5534/5897/5748
f 5537/5900/5751 5539/5902/5753 5538/5901/5752
f 5539/5902/5753 5540/5903/5754 5538/5901/5752
f 5539/5902/5753 5541/5904/5755 5540/5903/5754
f 5541/5904/5755 5542/5905/5756 5540/5903/5754
f 5541/5904/5755 5543/5906/5757 5542/5905/5756
f 5543/5906/5757 5544/5907/5758 5542/5905/5756
f 5543/5906/5757 5545/5908/5759 5544/5907/5758
f 5545/5908/5759 5546/5909/5760 5544/5907/5758
f 5545/5908/5759 5547/5910/5761 5546/5909/5760
f 5547/5910/5761 5548/5911/5762 5546/5909/5760
f 5536/5899/5750 5533/5898/5749 5548/5911/5762
f 5547/5910/5761 5536/5899/5750 5548/5911/5762
f 5549/5912/5763 5545/5908/5759 5543/5906/5757
f 5550/5913/5764 5549/5912/5763 5543/5906/5757
f 5550/5913/5764 5543/5906/5757 5541/5904/5755
f 5551/5914/5694 5549/5912/5763 5550/5913/5764
f 5551/5914/5694 5550/5913/5764 5552/5915/5765
f 5552/5915/5765 5550/5913/5764 5541/5904/5755
f 5552/5915/5765 5541/5904/5755 5539/5902/5753
f 5551/5914/5694 5552/5915/5765 5553/5916/5766
f 5553/5916/5766 5552/5915/5765 5539/5902/5753
f 5551/5914/5694 5553/5916/5766 5554/5917/5767
f 5551/5914/5694 5554/5917/5767 5555/5918/5768
f 5551/5914/5694 5555/5918/5768 5556/5919/5769
f 5551/5914/5694 5557/5920/5770 5549/5912/5763
f 5551/5914/5694 5556/5919/5769 5557/5920/5770
f 5557/5920/5770 5556/5919/5769 5547/5910/5761
f 5557/5920/5770 5547/5910/5761 5545/5908/5759
f 5549/5912/5763 5557/5920/5770 5545/5908/5759
f 5554/5917/5767 5553/5916/5766 5537/5900/5751
f 5553/5916/5766 5539/5902/5753 5537/5900/5751
f 5554/5917/5767 5537/5900/5751 5535/5896/5747
f 5555/5918/5768 5554/5917/5767 5535/5896/5747
f 5555/5918/5768 5535/5896/5747 5536/5899/5750
f 5556/5919/5769 5555/5918/5768 5536/5899/5750
f 5556/5919/5769 5536/5899/5750 5547/5910/5761
f 5560/5921/5679 5559/5922/5679 5558/5923/5679
f 5561/5924/5679 5560/5921/5679 5558/5923/5679
f 5561/5924/5771 5558/5923/5771 5562/5925/5771
f 5558/5923/5771 5563/5926/5771 5562/5925/5771
f 5560/5921/5679 5564/5927/5679 5559/5922/5679
f 5564/5927/5679 5565/5928/5679 5559/5922/5679
f 5565/5928/5772 5564/5927/5772 5566/5929/5772
f 5564/5927/5772 5567/5930/5772 5566/5929/5772
f 5558/5923/5670 5559/5922/5670 5568/5931/5670
f 5559/5922/5670 5569/5932/5670 5568/5931/5670
f 5559/5922/5670 5565/5928/5670 5569/5932/5670
f 5569/5932/5667 5570/5933/5667 5568/5931/5667
f 5570/5933/5667 5571/5934/5667 5568/5931/5667
f 5568/5931/5773 5571/5934/5773 5572/5935/5773
f 5573/5936/5773 5568/5931/5773 5572/5935/5773
f 5558/5923/5670 5568/5931/5670 5573/5936/5670
f 5563/5926/5670 5558/5923/5670 5573/5936/5670
f 5574/5937/5667 5570/5933/5667 5569/5932/5667
f 5575/5938/5667 5574/5937/5667 5569/5932/5667
f 5565/5928/5670 5566/5929/5670 5575/5938/5670
f 5565/5928/5670 5575/5938/5670 5569/5932/5670
f 5574/5937/5774 5575/5938/5774 5576/5939/5774
f 5566/5929/5670 5576/5939/5670 5575/5938/5670
f 5577/5940/5774 5574/5937/5774 5576/5939/5774
f 5561/5941/5687 5571/5934/5687 5570/5933/5687
f 5560/5942/5687 5561/5941/5687 5570/5933/5687
f 5560/5942/5687 5570/5933/5687 5574/5937/5687
f 5564/5943/5687 5574/5937/5687 5577/5940/5687
f 5564/5943/5687 5560/5942/5687 5574/5937/5687
f 5567/5944/5687 5564/5943/5687 5577/5940/5687
f 5562/5945/5687 5572/5935/5687 5571/5934/5687
f 5561/5941/5687 5562/5945/5687 5571/5934/5687
f 5580/5946/5775 5579/5947/5776 5578/5948/5777
f 5581/5949/5778 5580/5946/5775 5578/5948/5777
f 5581/5949/5779 5578/5948/5780 5582/5950/5780
f 5583/5951/5781 5581/5949/5779 5582/5950/5780
f 5580/5946/5782 5581/5949/5779 5583/5951/5781
f 5584/5952/5783 5580/5946/5782 5583/5951/5781
f 5578/5948/5784 5579/5947/5785 5585/5953/5786
f 5582/5950/5787 5578/5948/5784 5585/5953/5786
f 5586/5954/5788 5579/5955/5776 5580/5956/5775
f 5587/5957/5789 5586/5954/5788 5580/5956/5775
f 5588/5958/5790 5586/5954/5788 5587/5957/5789
f 5589/5959/5791 5588/5958/5790 5587/5957/5789
f 5590/5960/5792 5588/5958/5790 5589/5959/5791
f 5591/5961/5793 5590/5960/5792 5589/5959/5791
f 5592/5962/5794 5590/5960/5792 5591/5961/5793
f 5593/5963/5795 5592/5962/5794 5591/5961/5793
f 5594/5964/5796 5592/5962/5794 5593/5963/5795
f 5595/5965/5797 5594/5964/5796 5593/5963/5795
f 5579/5955/5785 5586/5954/5798 5596/5966/5799
f 5585/5967/5786 5579/5955/5785 5596/5966/5799
f 5586/5954/5798 5588/5958/5800 5597/5968/5801
f 5596/5966/5799 5586/5954/5798 5597/5968/5801
f 5591/5961/5802 5589/5959/5803 5598/5969/5804
f 5599/5970/5805 5591/5961/5802 5598/5969/5804
f 5593/5963/5806 5591/5961/5802 5599/5970/5805
f 5588/5958/5800 5590/5960/5807 5600/5971/5808
f 5597/5968/5801 5588/5958/5800 5600/5971/5808
f 5601/5972/5809 5593/5963/5806 5599/5970/5805
f 5595/5965/5810 5593/5963/5806 5601/5972/5809
f 5590/5960/5807 5592/5962/5811 5602/5973/5812
f 5600/5971/5808 5590/5960/5807 5602/5973/5812
f 5603/5974/5813 5595/5965/5810 5601/5972/5809
f 5592/5962/5811 5594/5964/5814 5604/5975/5815
f 5602/5973/5812 5592/5962/5811 5604/5975/5815
f 5607/5976/5816 5606/5977/5817 5605/5978/5818
f 5608/5979/5819 5607/5976/5816 5605/5978/5818
f 5609/5980/5820 5607/5976/5816 5608/5979/5819
f 5610/5981/5821 5609/5980/5820 5608/5979/5819
f 5608/5979/5822 5605/5978/5823 5611/5982/5824
f 5612/5983/5825 5608/5979/5822 5611/5982/5824
f 5610/5981/5826 5608/5979/5822 5612/5983/5825
f 5606/5977/5827 5607/5976/5828 5613/5984/5829
f 5614/5985/5830 5606/5977/5827 5613/5984/5829
f 5615/5986/5831 5610/5981/5826 5612/5983/5825
f 5607/5976/5828 5609/5980/5832 5616/5987/5833
f 5613/5984/5829 5607/5976/5828 5616/5987/5833
f 5617/5988/5834 5609/5989/5820 5610/5990/5821
f 5618/5991/5835 5617/5988/5834 5610/5990/5821
f 5618/5991/5836 5610/5990/5826 5615/5992/5831
f 5619/5993/5837 5618/5991/5836 5615/5992/5831
f 5617/5988/5838 5618/5991/5836 5619/5993/5837
f 5620/5994/5839 5617/5988/5838 5619/5993/5837
f 5609/5989/5832 5617/5988/5840 5620/5994/5841
f 5616/5995/5833 5609/5989/5832 5620/5994/5841
f 5584/5952/5842 5582/5950/5843 5583/5951/5844
f 5585/5953/5845 5582/5950/5843 5584/5952/5842
f 5596/5996/5846 5584/5997/5842 5621/5998/5847
f 5585/5999/5845 5584/5997/5842 5596/5996/5846
f 5596/5996/5846 5621/5998/5847 5597/6000/5848
f 5597/6000/5848 5621/5998/5847 5598/6001/5849
f 5597/6000/5848 5598/6001/5849 5600/6002/5850
f 5600/6002/5850 5598/6001/5849 5599/6003/5851
f 5600/6002/5850 5599/6003/5851 5602/6004/5852
f 5602/6004/5852 5599/6003/5851 5601/6005/5853
f 5602/6004/5852 5601/6005/5853 5604/6006/5854
f 5604/6006/5854 5601/6005/5853 5603/6007/5855
f 5613/6008/5856 5611/6009/5857 5612/6010/5858
f 5614/6011/5859 5611/6009/5857 5613/6008/5856
f 5613/6008/5856 5612/6010/5858 5616/6012/5860
f 5616/6012/5860 5612/6010/5858 5615/6013/5861
f 5620/5994/5862 5615/5992/5861 5619/5993/5863
f 5616/5995/5860 5615/5992/5861 5620/5994/5862
f 5587/5957/5864 5580/5956/5782 5584/6014/5783
f 5621/6015/5865 5587/5957/5864 5584/6014/5783
f 5589/5959/5803 5587/5957/5864 5621/6015/5865
f 5598/5969/5804 5589/5959/5803 5621/6015/5865
